frame,time_s,person,j0_x,j0_y,j0_z,j0_conf,j1_x,j1_y,j1_z,j1_conf,j2_x,j2_y,j2_z,j2_conf,j3_x,j3_y,j3_z,j3_conf,j4_x,j4_y,j4_z,j4_conf,j5_x,j5_y,j5_z,j5_conf,j6_x,j6_y,j6_z,j6_conf,j7_x,j7_y,j7_z,j7_conf,j8_x,j8_y,j8_z,j8_conf,j9_x,j9_y,j9_z,j9_conf,j10_x,j10_y,j10_z,j10_conf,j11_x,j11_y,j11_z,j11_conf,j12_x,j12_y,j12_z,j12_conf,j13_x,j13_y,j13_z,j13_conf,j14_x,j14_y,j14_z,j14_conf,j15_x,j15_y,j15_z,j15_conf,j16_x,j16_y,j16_z,j16_conf
0,0.0000,0,-0.338301,2.121110,1.488948,0.9997,-0.308932,2.107714,1.527025,0.9994,-0.336588,2.157335,1.526373,0.9994,-0.246498,2.106781,1.524892,0.9989,-0.297307,2.204224,1.525893,0.9983,-0.132361,2.044243,1.332354,0.9993,-0.270714,2.358005,1.344014,0.9988,-0.160258,1.923276,1.082723,0.9548,-1.936177,-0.798069,1.183670,0.0000,-0.351251,1.982353,1.197021,0.7561,-1.936177,-0.798069,1.183670,0.0000,-0.192845,2.083382,0.869736,0.9957,-0.257097,2.293489,0.857333,0.9966,-0.178929,2.110803,0.500310,0.9727,-0.246145,2.269348,0.487284,0.6841,-0.155220,2.148875,0.112093,0.9826,-0.206450,2.282883,0.128178,0.7952
1,0.0500,0,-0.337789,2.124615,1.489374,0.9997,-0.308444,2.110697,1.527572,0.9994,-0.335960,2.159077,1.526713,0.9994,-0.245865,2.108285,1.525147,0.9989,-0.296462,2.205416,1.526082,0.9981,-0.132301,2.044053,1.332184,0.9994,-0.271353,2.359311,1.343630,0.9985,-0.159477,1.924041,1.082461,0.9560,-1.936177,-0.798069,1.183670,0.0000,-0.350946,1.982582,1.197175,0.7562,-1.936177,-0.798069,1.183670,0.0000,-0.193263,2.084280,0.871505,0.9958,-0.257734,2.293581,0.858024,0.9967,-0.179462,2.110702,0.502884,0.9532,-0.247095,2.268451,0.488488,0.5489,-0.155573,2.148398,0.113004,0.9722,-0.208068,2.278630,0.126445,0.7133
2,0.1000,0,-0.335647,2.125618,1.491074,0.9997,-0.306036,2.111090,1.529194,0.9995,-0.334529,2.159978,1.528542,0.9995,-0.244470,2.108756,1.526159,0.9992,-0.296070,2.206846,1.527335,0.9985,-0.131177,2.044195,1.332525,0.9995,-0.272055,2.361184,1.342646,0.9985,-0.159195,1.925520,1.082978,0.9549,-1.936177,-0.798069,1.183670,0.0000,-0.351715,1.984370,1.199032,0.7600,-1.936177,-0.798069,1.183670,0.0000,-0.193443,2.085094,0.873401,0.9970,-0.258710,2.293166,0.859210,0.9965,-0.179209,2.111589,0.504538,0.9554,-0.247152,2.269540,0.487462,0.5919,-0.155712,2.147701,0.114305,0.9724,-0.209925,2.273822,0.123196,0.7485
3,0.1500,0,-0.333492,2.124566,1.492366,0.9998,-0.303752,2.108538,1.530037,0.9996,-0.332772,2.159222,1.530006,0.9997,-0.243591,2.106340,1.526398,0.9994,-0.295802,2.206945,1.528359,0.9990,-0.129803,2.045882,1.332272,0.9996,-0.272568,2.361503,1.342027,0.9990,-0.158640,1.925907,1.083118,0.9748,-1.936177,-0.798069,1.183670,0.0000,-0.350476,1.989606,1.199823,0.8411,-1.936177,-0.798069,1.183670,0.0000,-0.192549,2.085099,0.873904,0.9984,-0.259199,2.292656,0.859023,0.9979,-0.178840,2.112561,0.503954,0.9746,-0.246973,2.269150,0.484510,0.6546,-0.156330,2.147156,0.112278,0.9806,-0.211080,2.272197,0.120079,0.7774
4,0.2000,0,-0.331794,2.121913,1.495082,0.9998,-0.301841,2.106045,1.532236,0.9997,-0.330990,2.157284,1.532488,0.9997,-0.242594,2.104835,1.527576,0.9995,-0.295126,2.205442,1.530060,0.9991,-0.128203,2.046076,1.332125,0.9996,-0.273771,2.359659,1.342549,0.9992,-0.158275,1.924617,1.082043,0.9565,-1.936177,-0.798069,1.183670,0.0000,-0.347754,1.990109,1.199983,0.7779,-1.936177,-0.798069,1.183670,0.0000,-0.192695,2.087190,0.873966,0.9978,-0.261094,2.291981,0.860067,0.9980,-0.178601,2.113934,0.503443,0.9728,-0.246576,2.268830,0.484410,0.6441,-0.157313,2.147573,0.111440,0.9840,-0.209508,2.274302,0.121863,0.7793
5,0.2500,0,-0.328871,2.122472,1.498652,0.9998,-0.298073,2.106306,1.534842,0.9995,-0.328020,2.157958,1.535792,0.9995,-0.239509,2.105557,1.529221,0.9991,-0.293213,2.206416,1.532180,0.9986,-0.126933,2.047128,1.332669,0.9995,-0.274742,2.361258,1.342684,0.9988,-0.156908,1.924770,1.082453,0.9742,-1.936177,-0.798069,1.183670,0.0000,-0.345797,1.990024,1.199852,0.8416,-1.936177,-0.798069,1.183670,0.0000,-0.191983,2.089130,0.873950,0.9973,-0.260632,2.294774,0.859751,0.9965,-0.177913,2.115550,0.504006,0.9620,-0.246334,2.271346,0.482530,0.5621,-0.156203,2.149894,0.109807,0.9696,-0.209556,2.272098,0.118385,0.6823
6,0.3000,0,-0.327228,2.120264,1.501495,0.9998,-0.295255,2.104230,1.537343,0.9997,-0.326283,2.156873,1.538823,0.9997,-0.236925,2.104859,1.530239,0.9995,-0.291781,2.207579,1.533890,0.9992,-0.126138,2.048547,1.331850,0.9996,-0.275355,2.357872,1.342745,0.9989,-0.154376,1.926621,1.081096,0.9495,-1.936177,-0.798069,1.183670,0.0000,-0.343138,1.989699,1.200348,0.7472,-1.936177,-0.798069,1.183670,0.0000,-0.191101,2.089797,0.874227,0.9979,-0.260836,2.292915,0.860844,0.9975,-0.177398,2.115806,0.503180,0.9530,-0.245547,2.272314,0.481546,0.5104,-0.157903,2.148444,0.110933,0.9708,-0.211253,2.270648,0.116357,0.6914
7,0.3500,0,-0.325060,2.117677,1.507696,0.9998,-0.291792,2.101209,1.542541,0.9996,-0.323346,2.154879,1.544768,0.9996,-0.233476,2.103372,1.533309,0.9991,-0.289922,2.208188,1.537781,0.9989,-0.125770,2.048624,1.332852,0.9995,-0.275330,2.360421,1.344398,0.9986,-0.150265,1.928923,1.081771,0.9724,-1.936177,-0.798069,1.183670,0.0000,-0.341582,1.989423,1.199410,0.8415,-1.936177,-0.798069,1.183670,0.0000,-0.190352,2.090330,0.874603,0.9980,-0.260874,2.293237,0.860199,0.9979,-0.177351,2.116476,0.504239,0.9520,-0.245475,2.271833,0.483578,0.4869,-0.158926,2.147728,0.111209,0.9766,-0.212095,2.269225,0.117081,0.7141
8,0.4000,0,-0.322407,2.116162,1.512180,0.9998,-0.288081,2.100418,1.546361,0.9995,-0.320030,2.153579,1.549138,0.9996,-0.229571,2.103464,1.535702,0.9990,-0.287196,2.208389,1.541150,0.9986,-0.124793,2.048932,1.333458,0.9995,-0.276078,2.359205,1.344749,0.9988,-0.148784,1.928744,1.082428,0.9622,-1.936177,-0.798069,1.183670,0.0000,-0.340788,1.990261,1.200528,0.7686,-1.936177,-0.798069,1.183670,0.0000,-0.188899,2.090152,0.874380,0.9983,-0.261069,2.291017,0.859964,0.9981,-0.176322,2.118184,0.504501,0.9629,-0.244994,2.273280,0.481795,0.5517,-0.158904,2.147559,0.111401,0.9758,-0.213385,2.268083,0.114336,0.7409
9,0.4500,0,-0.319160,2.114825,1.517320,0.9997,-0.283630,2.100082,1.550313,0.9994,-0.316342,2.152871,1.553525,0.9996,-0.225401,2.104286,1.538044,0.9989,-0.284426,2.209177,1.544716,0.9987,-0.123748,2.049797,1.334138,0.9995,-0.278091,2.358116,1.346055,0.9991,-0.146873,1.928325,1.082823,0.9544,-1.936177,-0.798069,1.183670,0.0000,-0.338520,1.990314,1.200721,0.7693,-1.936177,-0.798069,1.183670,0.0000,-0.187679,2.092168,0.874342,0.9982,-0.262772,2.289768,0.860261,0.9981,-0.175181,2.120352,0.503014,0.9658,-0.245334,2.271274,0.482232,0.5160,-0.159002,2.148681,0.110408,0.9793,-0.215163,2.266663,0.117873,0.7231
10,0.5000,0,-0.315594,2.115551,1.519940,0.9998,-0.278722,2.100927,1.552614,0.9997,-0.312479,2.153798,1.556342,0.9997,-0.220581,2.105708,1.539491,0.9993,-0.281275,2.211439,1.547243,0.9991,-0.122096,2.050612,1.334179,0.9995,-0.277822,2.356791,1.346261,0.9990,-0.145371,1.928808,1.083198,0.9603,-1.936177,-0.798069,1.183670,0.0000,-0.337176,1.990489,1.201226,0.7842,-1.936177,-0.798069,1.183670,0.0000,-0.185680,2.090813,0.873467,0.9975,-0.262066,2.287701,0.859962,0.9975,-0.174579,2.117925,0.501780,0.9715,-0.245049,2.269810,0.481629,0.6142,-0.158505,2.147418,0.110117,0.9813,-0.214216,2.265211,0.118021,0.7745
11,0.5500,0,-0.312154,2.113648,1.523365,0.9997,-0.275012,2.099229,1.555778,0.9994,-0.308822,2.152565,1.559942,0.9995,-0.217207,2.104614,1.540786,0.9990,-0.278324,2.211326,1.549643,0.9987,-0.121010,2.049553,1.334873,0.9995,-0.279349,2.356753,1.346778,0.9985,-0.143355,1.927670,1.084224,0.9564,-1.936177,-0.798069,1.183670,0.0000,-0.336086,1.989653,1.202209,0.7725,-1.936177,-0.798069,1.183670,0.0000,-0.183304,2.090652,0.873988,0.9985,-0.261873,2.286172,0.860495,0.9975,-0.173535,2.118423,0.502433,0.9438,-0.243931,2.270072,0.482099,0.4269,-0.158950,2.146882,0.110751,0.9730,-0.214528,2.264306,0.118958,0.6948
12,0.6000,0,-0.309772,2.113391,1.527871,0.9996,-0.271706,2.099241,1.559959,0.9991,-0.305925,2.152085,1.564585,0.9993,-0.213987,2.105356,1.543422,0.9983,-0.276228,2.211344,1.553133,0.9979,-0.119056,2.048500,1.335447,0.9993,-0.281047,2.355163,1.346443,0.9982,-0.142395,1.928055,1.084835,0.9473,-1.936177,-0.798069,1.183670,0.0000,-0.335036,1.988801,1.202072,0.7444,-1.936177,-0.798069,1.183670,0.0000,-0.180634,2.091960,0.873259,0.9979,-0.261873,2.284612,0.859939,0.9972,-0.172858,2.118027,0.503366,0.9404,-0.243046,2.271126,0.481138,0.3958,-0.159064,2.146510,0.110129,0.9693,-0.214288,2.263122,0.116634,0.6542
13,0.6500,0,-0.307071,2.113203,1.530257,0.9997,-0.268663,2.099673,1.562442,0.9994,-0.303118,2.152094,1.567032,0.9996,-0.210997,2.106317,1.544582,0.9990,-0.273614,2.212131,1.554711,0.9987,-0.118192,2.048048,1.335782,0.9996,-0.280032,2.356776,1.346847,0.9990,-0.141352,1.926735,1.084835,0.9610,-1.936177,-0.798069,1.183670,0.0000,-0.333971,1.986718,1.201840,0.8064,-1.936177,-0.798069,1.183670,0.0000,-0.179947,2.090410,0.874302,0.9984,-0.260842,2.285105,0.860795,0.9983,-0.172638,2.117915,0.502589,0.9653,-0.242418,2.270240,0.479825,0.5628,-0.158601,2.146793,0.109317,0.9754,-0.214076,2.263007,0.115819,0.7449
14,0.7000,0,-0.304967,2.113292,1.532290,0.9997,-0.266513,2.099928,1.563906,0.9993,-0.301520,2.152070,1.568836,0.9995,-0.209006,2.107033,1.545193,0.9988,-0.272489,2.212350,1.555938,0.9983,-0.118258,2.046478,1.335805,0.9995,-0.279783,2.356345,1.347833,0.9989,-0.142001,1.925785,1.084638,0.9574,-1.936177,-0.798069,1.183670,0.0000,-0.334479,1.988804,1.201475,0.7703,-1.936177,-0.798069,1.183670,0.0000,-0.179068,2.090230,0.874228,0.9980,-0.258919,2.286244,0.860698,0.9980,-0.173130,2.119014,0.500497,0.9714,-0.241011,2.270029,0.478219,0.5492,-0.158592,2.147270,0.108158,0.9791,-0.213217,2.264963,0.116596,0.7262
15,0.7500,0,-0.303968,2.115395,1.533282,0.9998,-0.264931,2.102281,1.565449,0.9995,-0.300017,2.153780,1.569882,0.9996,-0.207096,2.109126,1.545920,0.9992,-0.270684,2.212631,1.556616,0.9990,-0.117648,2.046974,1.336121,0.9996,-0.278388,2.355887,1.348310,0.9985,-0.141138,1.927938,1.084499,0.9733,-1.936177,-0.798069,1.183670,0.0000,-0.335403,1.989578,1.200754,0.8565,-1.936177,-0.798069,1.183670,0.0000,-0.177411,2.089824,0.873983,0.9988,-0.257519,2.286726,0.860569,0.9979,-0.172480,2.120398,0.498703,0.9669,-0.240587,2.269385,0.477581,0.5605,-0.157445,2.147902,0.107696,0.9764,-0.212713,2.266350,0.117775,0.7314
16,0.8000,0,-0.303538,2.116385,1.533385,0.9998,-0.264375,2.103556,1.565654,0.9995,-0.299398,2.154312,1.569825,0.9996,-0.206494,2.110363,1.546310,0.9991,-0.269917,2.212622,1.556760,0.9989,-0.116829,2.047197,1.335212,0.9995,-0.279750,2.351647,1.347545,0.9985,-0.140295,1.928377,1.083998,0.9499,-1.936177,-0.798069,1.183670,0.0000,-0.335412,1.991101,1.200577,0.7523,-1.936177,-0.798069,1.183670,0.0000,-0.175648,2.090367,0.873336,0.9987,-0.257294,2.284543,0.860419,0.9975,-0.171745,2.121491,0.498985,0.9417,-0.240246,2.269186,0.478827,0.3936,-0.158247,2.147094,0.109501,0.9688,-0.213253,2.265020,0.119020,0.6425
17,0.8500,0,-0.302643,2.116289,1.533831,0.9998,-0.263883,2.103792,1.566216,0.9995,-0.298860,2.155390,1.570159,0.9996,-0.206015,2.110189,1.546204,0.9991,-0.269655,2.214749,1.556650,0.9989,-0.116958,2.047161,1.335437,0.9994,-0.278710,2.353687,1.346887,0.9983,-0.138883,1.930091,1.084316,0.9707,-1.936177,-0.798069,1.183670,0.0000,-0.337170,1.993098,1.200838,0.8310,-1.936177,-0.798069,1.183670,0.0000,-0.174321,2.088729,0.873998,0.9981,-0.255702,2.284773,0.860266,0.9972,-0.170793,2.122159,0.500273,0.9474,-0.240263,2.269640,0.479776,0.4037,-0.158175,2.147171,0.110295,0.9735,-0.213958,2.264830,0.119399,0.6592
18,0.9000,0,-0.301373,2.116612,1.534754,0.9998,-0.262501,2.104869,1.567294,0.9995,-0.297369,2.156388,1.571397,0.9996,-0.204898,2.110998,1.546841,0.9990,-0.268320,2.215750,1.557422,0.9990,-0.116830,2.048528,1.335583,0.9994,-0.278063,2.351965,1.346806,0.9980,-0.137827,1.933771,1.085064,0.9577,-1.936177,-0.798069,1.183670,0.0000,-0.338874,1.999440,1.200806,0.7746,-1.936177,-0.798069,1.183670,0.0000,-0.172965,2.090171,0.873616,0.9983,-0.254310,2.283617,0.860178,0.9967,-0.169356,2.123592,0.499454,0.9506,-0.239437,2.269637,0.479248,0.4190,-0.157422,2.145852,0.110270,0.9736,-0.213029,2.262320,0.116669,0.6818
19,0.9500,0,-0.300613,2.117202,1.535614,0.9998,-0.261930,2.106171,1.568371,0.9996,-0.296793,2.158183,1.572339,0.9997,-0.204428,2.112166,1.547392,0.9992,-0.267813,2.218339,1.557907,0.9991,-0.116626,2.049441,1.335597,0.9994,-0.275626,2.355983,1.346238,0.9987,-0.137269,1.934609,1.084335,0.9617,-1.936177,-0.798069,1.183670,0.0000,-0.340453,2.002280,1.200524,0.8015,-1.936177,-0.798069,1.183670,0.0000,-0.172656,2.089165,0.872884,0.9983,-0.252130,2.284384,0.859164,0.9982,-0.167951,2.122688,0.497387,0.9506,-0.238262,2.269664,0.477558,0.3953,-0.156579,2.146519,0.108600,0.9714,-0.211672,2.260503,0.117412,0.6302
20,1.0000,0,-0.300473,2.116041,1.534751,0.9996,-0.262180,2.104974,1.567871,0.9991,-0.296742,2.157358,1.571878,0.9994,-0.204411,2.111704,1.546957,0.9984,-0.267514,2.218293,1.557553,0.9981,-0.116294,2.049831,1.336280,0.9993,-0.273281,2.361027,1.347778,0.9991,-0.137919,1.931940,1.085138,0.9719,-1.936177,-0.798069,1.183670,0.0000,-0.341145,2.001660,1.200313,0.8561,-1.936177,-0.798069,1.183670,0.0000,-0.171310,2.089573,0.873220,0.9977,-0.249750,2.287304,0.859314,0.9976,-0.166871,2.122626,0.497363,0.9546,-0.237125,2.271848,0.476354,0.5078,-0.155939,2.146120,0.108756,0.9628,-0.210808,2.261302,0.116829,0.6836
21,1.0500,0,-0.300053,2.117699,1.535480,0.9998,-0.261923,2.106423,1.568335,0.9996,-0.296431,2.158939,1.572649,0.9997,-0.203484,2.113873,1.547356,0.9992,-0.266513,2.221179,1.558287,0.9990,-0.115947,2.053342,1.336255,0.9994,-0.272345,2.363248,1.347522,0.9988,-0.138569,1.933022,1.084839,0.9686,-1.936177,-0.798069,1.183670,0.0000,-0.341048,2.000457,1.199471,0.8451,-1.936177,-0.798069,1.183670,0.0000,-0.171213,2.091727,0.873385,0.9979,-0.249163,2.288152,0.859701,0.9980,-0.167109,2.120982,0.498153,0.9501,-0.237221,2.271266,0.477244,0.4197,-0.155742,2.145919,0.108361,0.9671,-0.210293,2.261603,0.117702,0.6473
22,1.1000,0,-0.299432,2.118065,1.534746,0.9997,-0.261738,2.106386,1.567753,0.9994,-0.296612,2.159470,1.571765,0.9995,-0.203432,2.114046,1.546953,0.9988,-0.267338,2.222557,1.557561,0.9986,-0.114962,2.054184,1.336633,0.9994,-0.272774,2.363222,1.347687,0.9991,-0.137909,1.932837,1.084983,0.9527,-1.936177,-0.798069,1.183670,0.0000,-0.340291,2.003596,1.199878,0.7623,-1.936177,-0.798069,1.183670,0.0000,-0.170939,2.091793,0.872406,0.9985,-0.250453,2.287328,0.859155,0.9976,-0.167835,2.119818,0.496718,0.9509,-0.238498,2.270748,0.476850,0.5133,-0.156826,2.145977,0.107756,0.9666,-0.210933,2.260874,0.118491,0.7030
23,1.1500,0,-0.299703,2.117249,1.535335,0.9998,-0.261973,2.106119,1.568250,0.9995,-0.296903,2.159570,1.572270,0.9996,-0.203900,2.113368,1.547413,0.9989,-0.267964,2.222359,1.557981,0.9988,-0.115481,2.054859,1.336777,0.9992,-0.273119,2.361291,1.348064,0.9984,-0.136586,1.935874,1.085493,0.9662,-1.936177,-0.798069,1.183670,0.0000,-0.340513,2.004544,1.200576,0.8122,-1.936177,-0.798069,1.183670,0.0000,-0.171507,2.092525,0.871224,0.9979,-0.251106,2.286721,0.857766,0.9970,-0.168397,2.121387,0.497820,0.9518,-0.238718,2.270051,0.477856,0.4413,-0.157003,2.145857,0.108661,0.9749,-0.211566,2.260467,0.117366,0.6922
24,1.2000,0,-0.297400,2.116208,1.535686,0.9999,-0.259444,2.105683,1.567865,0.9997,-0.294882,2.159197,1.572124,0.9997,-0.202199,2.113969,1.547478,0.9994,-0.267074,2.222632,1.558114,0.9993,-0.114475,2.056327,1.336476,0.9996,-0.273409,2.362556,1.347470,0.9987,-0.136021,1.937289,1.085540,0.9662,-1.936177,-0.798069,1.183670,0.0000,-0.338550,2.001575,1.200414,0.8178,-1.936177,-0.798069,1.183670,0.0000,-0.171670,2.093438,0.870596,0.9986,-0.251299,2.286480,0.857543,0.9983,-0.168369,2.122220,0.496791,0.9644,-0.238321,2.269136,0.477550,0.4615,-0.156447,2.146446,0.108752,0.9792,-0.212247,2.260197,0.118600,0.6918
25,1.2500,0,-0.297114,2.115987,1.535217,0.9996,-0.259630,2.104766,1.567677,0.9991,-0.294955,2.158676,1.571708,0.9993,-0.201853,2.113046,1.546971,0.9981,-0.266509,2.222663,1.557708,0.9978,-0.113983,2.055897,1.336105,0.9991,-0.273022,2.363310,1.347954,0.9990,-0.136364,1.934812,1.085683,0.9519,-1.936177,-0.798069,1.183670,0.0000,-0.338230,2.002048,1.201385,0.7333,-1.936177,-0.798069,1.183670,0.0000,-0.171954,2.092648,0.870349,0.9980,-0.251387,2.287331,0.857425,0.9980,-0.169413,2.122294,0.496834,0.9613,-0.238156,2.270430,0.477403,0.4917,-0.156083,2.145979,0.108870,0.9704,-0.212290,2.264488,0.119858,0.6749
26,1.3000,0,-0.296836,2.115991,1.534289,0.9997,-0.259844,2.104679,1.567030,0.9993,-0.295095,2.159117,1.570869,0.9995,-0.201873,2.112608,1.546260,0.9987,-0.266810,2.223257,1.556912,0.9987,-0.113427,2.055974,1.336748,0.9991,-0.271911,2.365751,1.349218,0.9991,-0.137332,1.932082,1.086562,0.9661,-1.936177,-0.798069,1.183670,0.0000,-0.337933,2.002044,1.201682,0.7904,-1.936177,-0.798069,1.183670,0.0000,-0.171783,2.092186,0.869936,0.9980,-0.250788,2.288181,0.856997,0.9979,-0.169864,2.122666,0.496207,0.9637,-0.237961,2.270322,0.476618,0.5663,-0.156069,2.147354,0.108216,0.9714,-0.211867,2.267095,0.117592,0.7253
27,1.3500,0,-0.295641,2.116061,1.533428,0.9998,-0.258739,2.105053,1.566403,0.9995,-0.293902,2.158099,1.569837,0.9996,-0.200550,2.112753,1.546386,0.9990,-0.266437,2.222517,1.556869,0.9988,-0.112567,2.058745,1.337359,0.9992,-0.271385,2.366891,1.350109,0.9990,-0.135651,1.933351,1.087604,0.9689,-1.936177,-0.798069,1.183670,0.0000,-0.336416,2.000767,1.201485,0.8197,-1.936177,-0.798069,1.183670,0.0000,-0.172015,2.092496,0.870127,0.9977,-0.250403,2.288512,0.857196,0.9979,-0.170236,2.124233,0.498028,0.9672,-0.237889,2.271540,0.476177,0.4980,-0.155976,2.147932,0.109767,0.9788,-0.212357,2.265141,0.118578,0.7141
28,1.4000,0,-0.295791,2.115425,1.532993,0.9997,-0.258668,2.104811,1.565829,0.9994,-0.293922,2.157388,1.569397,0.9996,-0.200090,2.112150,1.545714,0.9988,-0.266479,2.222210,1.556614,0.9987,-0.111963,2.059330,1.337619,0.9993,-0.273631,2.362640,1.349443,0.9981,-0.134771,1.932222,1.088263,0.9521,-1.936177,-0.798069,1.183670,0.0000,-0.335391,2.002923,1.202096,0.7270,-1.936177,-0.798069,1.183670,0.0000,-0.171088,2.093018,0.870950,0.9984,-0.251565,2.285272,0.858291,0.9970,-0.170838,2.124522,0.500410,0.9335,-0.238988,2.272716,0.478431,0.3531,-0.157022,2.147491,0.110089,0.9659,-0.212593,2.266120,0.119642,0.6139
29,1.4500,0,-0.295650,2.115627,1.532539,0.9997,-0.258628,2.105608,1.565645,0.9995,-0.293831,2.157209,1.569034,0.9996,-0.199594,2.112838,1.545660,0.9989,-0.266420,2.221732,1.556176,0.9988,-0.111730,2.060138,1.337808,0.9991,-0.274863,2.359228,1.348865,0.9977,-0.134404,1.931671,1.091010,0.9771,-1.936177,-0.798069,1.183670,0.0000,-0.336337,2.003582,1.203597,0.8462,-1.936177,-0.798069,1.183670,0.0000,-0.170912,2.094911,0.869908,0.9977,-0.252506,2.285366,0.857033,0.9967,-0.170607,2.125676,0.501101,0.9593,-0.239030,2.273682,0.478412,0.4517,-0.157112,2.147287,0.110865,0.9758,-0.212887,2.262789,0.117887,0.6820
30,1.5000,0,-0.295368,2.114514,1.531006,0.9997,-0.258948,2.104584,1.564185,0.9994,-0.293610,2.156258,1.567258,0.9995,-0.199927,2.112001,1.544860,0.9986,-0.266783,2.221471,1.554956,0.9985,-0.110484,2.062922,1.338236,0.9991,-0.274988,2.358203,1.348544,0.9986,-0.134398,1.931042,1.092930,0.9714,-1.936177,-0.798069,1.183670,0.0000,-0.337262,2.002767,1.204834,0.8358,-1.936177,-0.798069,1.183670,0.0000,-0.169724,2.096326,0.869571,0.9971,-0.251782,2.285547,0.856833,0.9961,-0.169748,2.125237,0.501223,0.9577,-0.239078,2.272051,0.477571,0.5236,-0.156987,2.147697,0.112590,0.9725,-0.211725,2.261698,0.115321,0.7211
31,1.5500,0,-0.294397,2.115432,1.530641,0.9997,-0.258607,2.104456,1.562640,0.9994,-0.292228,2.157001,1.566062,0.9995,-0.200150,2.110497,1.543719,0.9987,-0.265935,2.220544,1.554102,0.9986,-0.110352,2.063656,1.338492,0.9994,-0.274007,2.360433,1.348585,0.9983,-0.133790,1.930458,1.094093,0.9739,-1.936177,-0.798069,1.183670,0.0000,-0.336899,2.002808,1.204271,0.8568,-1.936177,-0.798069,1.183670,0.0000,-0.169245,2.095728,0.870567,0.9980,-0.250712,2.285796,0.856536,0.9967,-0.171050,2.123621,0.503422,0.9621,-0.238032,2.272038,0.478383,0.5453,-0.157459,2.148709,0.112463,0.9794,-0.211668,2.263719,0.113495,0.7488
32,1.6000,0,-0.293513,2.118164,1.529438,0.9997,-0.257993,2.106236,1.560457,0.9993,-0.291111,2.159032,1.564238,0.9995,-0.200350,2.110415,1.542108,0.9986,-0.264991,2.220540,1.552444,0.9986,-0.110218,2.065384,1.338171,0.9994,-0.272033,2.365312,1.347802,0.9983,-0.132493,1.929650,1.094904,0.9648,-1.936177,-0.798069,1.183670,0.0000,-0.335755,2.002096,1.203619,0.7794,-1.936177,-0.798069,1.183670,0.0000,-0.169226,2.094356,0.870309,0.9976,-0.249504,2.285823,0.855638,0.9960,-0.170991,2.124140,0.503164,0.9565,-0.237304,2.272598,0.476618,0.5257,-0.157262,2.148784,0.111908,0.9718,-0.211619,2.263897,0.111264,0.7047
33,1.6500,0,-0.295094,2.121794,1.526204,0.9997,-0.260072,2.107871,1.557322,0.9993,-0.292605,2.161254,1.561187,0.9995,-0.202431,2.111079,1.539858,0.9986,-0.265538,2.221410,1.549724,0.9983,-0.110380,2.064960,1.337781,0.9993,-0.270698,2.366570,1.346552,0.9989,-0.134937,1.926018,1.096068,0.9677,-1.936177,-0.798069,1.183670,0.0000,-0.336305,2.000687,1.205153,0.8113,-1.936177,-0.798069,1.183670,0.0000,-0.169543,2.093285,0.870126,0.9978,-0.249085,2.286659,0.855434,0.9976,-0.171525,2.124873,0.503132,0.9745,-0.237900,2.270836,0.476576,0.6310,-0.156832,2.149251,0.111132,0.9817,-0.211811,2.266397,0.111845,0.7668
34,1.7000,0,-0.296995,2.126020,1.522665,0.9997,-0.262367,2.110332,1.554014,0.9996,-0.294296,2.164964,1.557899,0.9997,-0.205210,2.112285,1.538449,0.9991,-0.266213,2.222504,1.547225,0.9989,-0.109945,2.064827,1.337829,0.9994,-0.269314,2.368221,1.346403,0.9979,-0.135668,1.926328,1.095979,0.9735,-1.936177,-0.798069,1.183670,0.0000,-0.335492,2.000039,1.205420,0.8336,-1.936177,-0.798069,1.183670,0.0000,-0.170854,2.095386,0.870363,0.9972,-0.249738,2.289477,0.854581,0.9961,-0.171829,2.125120,0.503884,0.9486,-0.237927,2.270914,0.478742,0.5284,-0.157197,2.150505,0.109181,0.9726,-0.211610,2.264170,0.111486,0.7195
35,1.7500,0,-0.298199,2.128280,1.518584,0.9997,-0.264345,2.112315,1.550108,0.9995,-0.295424,2.166512,1.553828,0.9996,-0.207245,2.113646,1.536121,0.9991,-0.266214,2.221888,1.543682,0.9989,-0.109639,2.063101,1.337504,0.9995,-0.267312,2.368034,1.345713,0.9984,-0.137611,1.925202,1.096448,0.9724,-1.936177,-0.798069,1.183670,0.0000,-0.336150,1.997621,1.206425,0.8335,-1.936177,-0.798069,1.183670,0.0000,-0.171779,2.093932,0.870527,0.9976,-0.249962,2.288443,0.855744,0.9971,-0.172307,2.121024,0.502049,0.9707,-0.238450,2.267202,0.479712,0.6298,-0.157540,2.148090,0.109976,0.9843,-0.212134,2.264197,0.113649,0.7907
36,1.8000,0,-0.299168,2.129069,1.514516,0.9998,-0.265838,2.112788,1.546888,0.9996,-0.296618,2.167114,1.550429,0.9996,-0.208927,2.114278,1.534412,0.9993,-0.266873,2.221075,1.541052,0.9989,-0.109535,2.062084,1.336568,0.9995,-0.265290,2.368927,1.344175,0.9988,-0.139521,1.925489,1.095731,0.9640,-1.936177,-0.798069,1.183670,0.0000,-0.336229,1.997840,1.206557,0.7985,-1.936177,-0.798069,1.183670,0.0000,-0.172629,2.093808,0.871173,0.9974,-0.249747,2.291117,0.855938,0.9972,-0.173532,2.120763,0.501942,0.9598,-0.238019,2.268019,0.478706,0.5527,-0.158215,2.146373,0.111966,0.9731,-0.213376,2.266082,0.110891,0.7238
37,1.8500,0,-0.300573,2.130886,1.511225,0.9997,-0.267841,2.114575,1.543937,0.9994,-0.297707,2.167905,1.547260,0.9995,-0.210925,2.115724,1.532574,0.9989,-0.266921,2.219182,1.538301,0.9986,-0.109114,2.061650,1.336536,0.9994,-0.264593,2.367788,1.343011,0.9987,-0.139226,1.925829,1.095924,0.9762,-1.936177,-0.798069,1.183670,0.0000,-0.336378,1.997506,1.207212,0.8671,-1.936177,-0.798069,1.183670,0.0000,-0.173247,2.093660,0.871366,0.9970,-0.250325,2.290810,0.856389,0.9968,-0.173212,2.120806,0.501604,0.9581,-0.237871,2.265845,0.477763,0.5554,-0.157890,2.146598,0.113056,0.9722,-0.213316,2.268420,0.108473,0.7200
38,1.9000,0,-0.301013,2.130140,1.508926,0.9997,-0.268596,2.114312,1.541631,0.9996,-0.298388,2.167619,1.544660,0.9997,-0.212008,2.116042,1.531294,0.9994,-0.267389,2.219180,1.536257,0.9991,-0.109525,2.061042,1.336218,0.9997,-0.263711,2.367474,1.342185,0.9982,-0.140659,1.925306,1.095614,0.9691,-1.936177,-0.798069,1.183670,0.0000,-0.335299,1.994549,1.207465,0.8147,-1.936177,-0.798069,1.183670,0.0000,-0.174637,2.093586,0.871101,0.9982,-0.251362,2.290966,0.856363,0.9965,-0.173397,2.120877,0.501247,0.9628,-0.238281,2.265805,0.478088,0.5828,-0.157930,2.145962,0.113775,0.9787,-0.214600,2.270680,0.110187,0.7523
39,1.9500,0,-0.302208,2.130051,1.509048,0.9998,-0.269780,2.113511,1.541606,0.9994,-0.299230,2.166865,1.544718,0.9995,-0.213215,2.114911,1.531663,0.9989,-0.267741,2.217705,1.536539,0.9986,-0.109300,2.058723,1.336696,0.9994,-0.262849,2.370630,1.342248,0.9986,-0.141639,1.924088,1.095811,0.9717,-1.936177,-0.798069,1.183670,0.0000,-0.336064,1.991912,1.207069,0.8180,-1.936177,-0.798069,1.183670,0.0000,-0.175031,2.091802,0.871403,0.9973,-0.251139,2.292353,0.855941,0.9974,-0.173923,2.119708,0.500887,0.9686,-0.237403,2.266894,0.476992,0.6176,-0.158320,2.146048,0.114132,0.9790,-0.215026,2.272242,0.107896,0.7628
40,2.0000,0,-0.303379,2.129918,1.508499,0.9997,-0.271109,2.112631,1.541088,0.9996,-0.300568,2.166898,1.544287,0.9996,-0.214705,2.113691,1.531358,0.9992,-0.268869,2.217590,1.536183,0.9989,-0.110192,2.057018,1.336577,0.9995,-0.262401,2.371786,1.341938,0.9983,-0.143561,1.923924,1.095878,0.9722,-1.936177,-0.798069,1.183670,0.0000,-0.337053,1.991528,1.207527,0.8449,-1.936177,-0.798069,1.183670,0.0000,-0.176072,2.089368,0.871792,0.9973,-0.251305,2.292157,0.856237,0.9959,-0.174054,2.118610,0.500470,0.9594,-0.236715,2.265524,0.476092,0.5862,-0.158441,2.144323,0.113967,0.9735,-0.215384,2.271953,0.107296,0.7319
41,2.0500,0,-0.304283,2.128870,1.506755,0.9997,-0.271940,2.111162,1.540212,0.9992,-0.302003,2.165668,1.543199,0.9994,-0.215698,2.111840,1.530616,0.9986,-0.270351,2.216128,1.535076,0.9982,-0.109239,2.057404,1.336466,0.9991,-0.263778,2.367446,1.340789,0.9985,-0.143416,1.924925,1.095028,0.9800,-1.936177,-0.798069,1.183670,0.0000,-0.338029,1.991289,1.208933,0.8897,-1.936177,-0.798069,1.183670,0.0000,-0.175798,2.089703,0.873659,0.9967,-0.252719,2.290264,0.858184,0.9972,-0.174564,2.116771,0.501983,0.9691,-0.237748,2.265446,0.477738,0.5929,-0.158696,2.144520,0.113537,0.9772,-0.216010,2.272974,0.108776,0.7361
42,2.1000,0,-0.305638,2.129175,1.504354,0.9996,-0.273901,2.111315,1.537969,0.9992,-0.303587,2.165169,1.540618,0.9994,-0.217384,2.111490,1.529301,0.9986,-0.271606,2.213782,1.533053,0.9981,-0.109221,2.058484,1.337061,0.9993,-0.263936,2.365318,1.340486,0.9990,-0.144615,1.925486,1.095635,0.9739,-1.936177,-0.798069,1.183670,0.0000,-0.340448,1.991890,1.210721,0.8270,-1.936177,-0.798069,1.183670,0.0000,-0.176166,2.091098,0.876229,0.9973,-0.252741,2.289694,0.861288,0.9977,-0.175539,2.116883,0.504587,0.9780,-0.238184,2.263363,0.480820,0.6342,-0.157948,2.144936,0.114448,0.9841,-0.214988,2.276634,0.112612,0.7829
43,2.1500,0,-0.307395,2.129753,1.503178,0.9996,-0.275936,2.111996,1.536726,0.9994,-0.305141,2.164654,1.539111,0.9995,-0.219369,2.111523,1.528451,0.9990,-0.272609,2.211771,1.531938,0.9988,-0.109629,2.059472,1.336366,0.9995,-0.264085,2.362230,1.339923,0.9983,-0.146614,1.923564,1.095482,0.9647,-1.936177,-0.798069,1.183670,0.0000,-0.340386,1.991384,1.211628,0.7909,-1.936177,-0.798069,1.183670,0.0000,-0.176673,2.091374,0.874795,0.9975,-0.253742,2.287185,0.860801,0.9956,-0.176248,2.116266,0.503552,0.9558,-0.239543,2.262908,0.480868,0.5810,-0.158756,2.143872,0.113674,0.9661,-0.215488,2.275468,0.112519,0.6978
44,2.2000,0,-0.307644,2.130020,1.502053,0.9996,-0.276572,2.112391,1.536615,0.9992,-0.306172,2.163676,1.538431,0.9993,-0.219472,2.112217,1.528740,0.9986,-0.273354,2.210318,1.531452,0.9980,-0.109668,2.059296,1.335919,0.9992,-0.264754,2.359701,1.339607,0.9989,-0.147470,1.922372,1.094167,0.9546,-1.936177,-0.798069,1.183670,0.0000,-0.339969,1.991430,1.211735,0.7513,-1.936177,-0.798069,1.183670,0.0000,-0.177027,2.091414,0.874934,0.9969,-0.255087,2.286495,0.861150,0.9972,-0.176990,2.117014,0.503939,0.9623,-0.240875,2.262542,0.481228,0.5914,-0.158720,2.143922,0.114625,0.9728,-0.216137,2.275642,0.112628,0.7352
45,2.2500,0,-0.307957,2.128545,1.500864,0.9997,-0.277421,2.110421,1.535364,0.9993,-0.306608,2.163115,1.536982,0.9995,-0.221309,2.109608,1.528081,0.9987,-0.274298,2.209667,1.530700,0.9984,-0.111237,2.058276,1.336014,0.9993,-0.263722,2.359603,1.340705,0.9989,-0.148713,1.920116,1.094147,0.9674,-1.936177,-0.798069,1.183670,0.0000,-0.341486,1.990202,1.212667,0.7942,-1.936177,-0.798069,1.183670,0.0000,-0.178666,2.092057,0.876380,0.9969,-0.255492,2.288423,0.862627,0.9973,-0.176722,2.115821,0.504013,0.9702,-0.242502,2.261395,0.481926,0.6475,-0.158427,2.144865,0.113489,0.9808,-0.216157,2.277079,0.115677,0.7672
46,2.3000,0,-0.308467,2.126568,1.501225,0.9997,-0.278023,2.108022,1.535632,0.9993,-0.307282,2.161967,1.537180,0.9995,-0.222269,2.107716,1.528277,0.9988,-0.275309,2.210052,1.531124,0.9984,-0.112735,2.057653,1.336279,0.9994,-0.263591,2.360204,1.342313,0.9988,-0.149874,1.918374,1.094506,0.9641,-1.936177,-0.798069,1.183670,0.0000,-0.342110,1.989617,1.212729,0.8044,-1.936177,-0.798069,1.183670,0.0000,-0.180252,2.091684,0.876150,0.9972,-0.256731,2.289828,0.862548,0.9976,-0.176412,2.116376,0.503118,0.9734,-0.243267,2.261285,0.481112,0.6429,-0.158111,2.145366,0.112243,0.9835,-0.216474,2.277250,0.115029,0.7751
47,2.3500,0,-0.308770,2.126096,1.501371,0.9998,-0.278103,2.107241,1.535798,0.9994,-0.307639,2.161642,1.537597,0.9995,-0.222360,2.107007,1.528237,0.9988,-0.275596,2.209659,1.531601,0.9985,-0.113702,2.055973,1.335682,0.9992,-0.263967,2.361283,1.342276,0.9991,-0.152123,1.916138,1.094313,0.9655,-1.936177,-0.798069,1.183670,0.0000,-0.342789,1.989532,1.212115,0.7829,-1.936177,-0.798069,1.183670,0.0000,-0.181370,2.090458,0.874396,0.9969,-0.256776,2.290597,0.859757,0.9975,-0.176518,2.115288,0.501305,0.9827,-0.243315,2.261672,0.478038,0.6795,-0.158136,2.146084,0.111822,0.9850,-0.216556,2.273413,0.111950,0.7994
48,2.4000,0,-0.309483,2.124901,1.499589,0.9997,-0.279029,2.106242,1.533872,0.9993,-0.308556,2.160621,1.535826,0.9994,-0.223242,2.105321,1.526675,0.9986,-0.276555,2.207965,1.530011,0.9983,-0.113865,2.056137,1.335343,0.9993,-0.263729,2.359053,1.342276,0.9991,-0.153719,1.915065,1.094449,0.9674,-1.936177,-0.798069,1.183670,0.0000,-0.344022,1.988471,1.212736,0.8148,-1.936177,-0.798069,1.183670,0.0000,-0.182063,2.091166,0.874614,0.9975,-0.256967,2.290981,0.860502,0.9978,-0.175743,2.115630,0.500359,0.9691,-0.243351,2.262058,0.478775,0.6095,-0.158221,2.147862,0.109908,0.9776,-0.216485,2.271384,0.112670,0.7641
49,2.4500,0,-0.309555,2.125036,1.498950,0.9996,-0.279070,2.106094,1.533563,0.9992,-0.308935,2.160041,1.535729,0.9993,-0.222833,2.106096,1.526537,0.9986,-0.276465,2.207954,1.530415,0.9982,-0.113880,2.056658,1.335079,0.9993,-0.264009,2.358478,1.342808,0.9993,-0.154909,1.915776,1.093749,0.9603,-1.936177,-0.798069,1.183670,0.0000,-0.345148,1.988223,1.212871,0.7738,-1.936177,-0.798069,1.183670,0.0000,-0.183048,2.091206,0.875531,0.9972,-0.257571,2.291984,0.861489,0.9979,-0.176259,2.115586,0.502477,0.9714,-0.244329,2.262945,0.480002,0.6138,-0.157898,2.146454,0.111055,0.9748,-0.217825,2.274623,0.113598,0.7543
50,2.5000,0,-0.309324,2.124843,1.497983,0.9998,-0.279124,2.105974,1.533022,0.9995,-0.309286,2.159842,1.535100,0.9996,-0.223151,2.105204,1.526311,0.9990,-0.277463,2.207114,1.530125,0.9988,-0.114259,2.055771,1.334981,0.9994,-0.263940,2.358965,1.342845,0.9990,-0.154940,1.915550,1.094308,0.9614,-1.936177,-0.798069,1.183670,0.0000,-0.344994,1.988598,1.212769,0.7675,-1.936177,-0.798069,1.183670,0.0000,-0.183289,2.091621,0.874038,0.9971,-0.257933,2.291265,0.860501,0.9975,-0.175931,2.116508,0.500493,0.9769,-0.243164,2.262949,0.477701,0.6611,-0.158019,2.147324,0.109735,0.9810,-0.218216,2.271611,0.112138,0.7796
51,2.5500,0,-0.309896,2.123250,1.497104,0.9995,-0.279507,2.104476,1.532402,0.9989,-0.310092,2.157397,1.534746,0.9991,-0.223024,2.104442,1.525470,0.9978,-0.277981,2.205131,1.529872,0.9972,-0.114464,2.055608,1.334663,0.9993,-0.265527,2.357400,1.343011,0.9993,-0.156115,1.913866,1.093701,0.9604,-1.936177,-0.798069,1.183670,0.0000,-0.345704,1.988705,1.211678,0.7635,-1.936177,-0.798069,1.183670,0.0000,-0.184586,2.091501,0.874489,0.9971,-0.259279,2.291698,0.861621,0.9974,-0.175945,2.117280,0.500103,0.9695,-0.243823,2.265378,0.478387,0.6211,-0.157276,2.148454,0.108448,0.9753,-0.218019,2.270733,0.113244,0.7596
52,2.6000,0,-0.310809,2.122172,1.495933,0.9996,-0.280091,2.103284,1.531436,0.9991,-0.311258,2.155504,1.533533,0.9993,-0.223189,2.104518,1.525014,0.9982,-0.278625,2.203685,1.529008,0.9978,-0.114092,2.056812,1.334411,0.9992,-0.267333,2.354034,1.342542,0.9991,-0.156029,1.914511,1.092888,0.9678,-1.936177,-0.798069,1.183670,0.0000,-0.346563,1.988660,1.212683,0.8238,-1.936177,-0.798069,1.183670,0.0000,-0.184656,2.091831,0.874590,0.9972,-0.260199,2.290862,0.862148,0.9976,-0.176063,2.118614,0.501168,0.9553,-0.244200,2.267306,0.478987,0.5291,-0.156370,2.146901,0.108451,0.9680,-0.217631,2.273828,0.114054,0.7125
53,2.6500,0,-0.310636,2.122283,1.496551,0.9996,-0.279813,2.103334,1.531463,0.9992,-0.310851,2.155736,1.533810,0.9993,-0.223538,2.104121,1.525007,0.9982,-0.278649,2.203511,1.529497,0.9979,-0.114896,2.057413,1.334902,0.9993,-0.267658,2.352003,1.343714,0.9987,-0.155393,1.914051,1.093771,0.9555,-1.936177,-0.798069,1.183670,0.0000,-0.345012,1.987528,1.212202,0.7392,-1.936177,-0.798069,1.183670,0.0000,-0.184680,2.092616,0.873328,0.9973,-0.260300,2.288375,0.860996,0.9976,-0.177265,2.117905,0.501588,0.9618,-0.244505,2.264962,0.481559,0.5620,-0.158470,2.147496,0.109129,0.9777,-0.216291,2.270427,0.119271,0.7302
54,2.7000,0,-0.311418,2.120428,1.497080,0.9996,-0.280548,2.101736,1.531745,0.9991,-0.311093,2.155279,1.534153,0.9993,-0.224179,2.102477,1.524930,0.9981,-0.278809,2.203726,1.529334,0.9980,-0.115413,2.055283,1.334081,0.9991,-0.267401,2.354593,1.343174,0.9993,-0.157053,1.911786,1.094512,0.9615,-1.936177,-0.798069,1.183670,0.0000,-0.345879,1.988469,1.212195,0.7591,-1.936177,-0.798069,1.183670,0.0000,-0.184759,2.092344,0.872632,0.9972,-0.259078,2.290860,0.860572,0.9978,-0.177372,2.116966,0.500887,0.9829,-0.244534,2.265028,0.482578,0.6721,-0.158873,2.146872,0.108300,0.9856,-0.216136,2.272619,0.121944,0.7888
55,2.7500,0,-0.311272,2.121315,1.496444,0.9992,-0.280448,2.102966,1.530660,0.9984,-0.310357,2.154997,1.533091,0.9986,-0.223849,2.103509,1.524027,0.9968,-0.277785,2.203150,1.528498,0.9960,-0.115706,2.056267,1.334223,0.9989,-0.267124,2.353351,1.343422,0.9988,-0.157044,1.913361,1.095231,0.9707,-1.936177,-0.798069,1.183670,0.0000,-0.346887,1.989853,1.212689,0.8340,-1.936177,-0.798069,1.183670,0.0000,-0.185725,2.092571,0.873238,0.9963,-0.260186,2.288074,0.861398,0.9968,-0.178293,2.117033,0.501491,0.9648,-0.245750,2.262726,0.483174,0.6127,-0.158741,2.147388,0.108350,0.9774,-0.214180,2.268876,0.120601,0.7508
56,2.8000,0,-0.311741,2.120497,1.497642,0.9995,-0.280805,2.102117,1.531375,0.9989,-0.310373,2.153854,1.533939,0.9992,-0.224170,2.102366,1.524312,0.9979,-0.277925,2.201738,1.528928,0.9977,-0.115612,2.055651,1.334534,0.9991,-0.266942,2.353163,1.343093,0.9988,-0.157156,1.913682,1.095577,0.9573,-1.936177,-0.798069,1.183670,0.0000,-0.348173,1.991564,1.212620,0.7616,-1.936177,-0.798069,1.183670,0.0000,-0.185145,2.090450,0.874385,0.9972,-0.260089,2.286545,0.862159,0.9971,-0.178755,2.114761,0.503646,0.9574,-0.245909,2.261847,0.483895,0.5740,-0.159213,2.148231,0.109377,0.9733,-0.214187,2.269890,0.117007,0.7263
57,2.8500,0,-0.310784,2.120301,1.497065,0.9997,-0.280209,2.101998,1.530875,0.9994,-0.310080,2.154173,1.533584,0.9995,-0.223898,2.101992,1.524110,0.9988,-0.278230,2.201909,1.528782,0.9984,-0.116044,2.054883,1.334441,0.9995,-0.266967,2.352807,1.343143,0.9991,-0.156934,1.912256,1.094945,0.9612,-1.936177,-0.798069,1.183670,0.0000,-0.347700,1.990105,1.212930,0.7744,-1.936177,-0.798069,1.183670,0.0000,-0.186362,2.090942,0.874273,0.9975,-0.260875,2.286432,0.862408,0.9977,-0.179310,2.115425,0.504270,0.9746,-0.246605,2.261512,0.483908,0.6842,-0.159998,2.148283,0.108776,0.9834,-0.212728,2.269137,0.117037,0.8007
58,2.9000,0,-0.311175,2.120882,1.497663,0.9996,-0.280256,2.102713,1.531161,0.9992,-0.309715,2.154277,1.533911,0.9993,-0.223835,2.102642,1.524165,0.9983,-0.277476,2.201471,1.528997,0.9981,-0.115535,2.054478,1.334154,0.9992,-0.267170,2.351441,1.343259,0.9987,-0.156156,1.913176,1.095062,0.9637,-1.936177,-0.798069,1.183670,0.0000,-0.347215,1.988576,1.212483,0.7962,-1.936177,-0.798069,1.183670,0.0000,-0.186266,2.089475,0.873999,0.9971,-0.260943,2.285395,0.862756,0.9967,-0.179859,2.113443,0.503993,0.9600,-0.245438,2.261588,0.483379,0.5951,-0.160659,2.148046,0.110162,0.9761,-0.213190,2.269480,0.114283,0.7408
59,2.9500,0,-0.310338,2.120177,1.498098,0.9997,-0.279416,2.101933,1.531776,0.9993,-0.309078,2.154867,1.534560,0.9994,-0.223301,2.102304,1.524973,0.9987,-0.277483,2.203002,1.529776,0.9983,-0.115898,2.054041,1.333812,0.9994,-0.265576,2.355673,1.343136,0.9993,-0.157709,1.911058,1.095130,0.9638,-1.936177,-0.798069,1.183670,0.0000,-0.347061,1.988513,1.211840,0.7731,-1.936177,-0.798069,1.183670,0.0000,-0.186574,2.089546,0.873924,0.9973,-0.259516,2.289273,0.861309,0.9977,-0.180212,2.111695,0.504049,0.9841,-0.244531,2.263949,0.482269,0.7105,-0.161326,2.147484,0.109341,0.9824,-0.213837,2.268651,0.110142,0.7866
60,3.0000,0,-0.310700,2.118572,1.498400,0.9997,-0.279819,2.100231,1.532317,0.9993,-0.309514,2.154310,1.535043,0.9994,-0.223608,2.101470,1.526071,0.9984,-0.278025,2.203271,1.530681,0.9981,-0.116966,2.053189,1.333804,0.9992,-0.264900,2.357465,1.342993,0.9989,-0.157325,1.911667,1.094224,0.9477,-1.936177,-0.798069,1.183670,0.0000,-0.345806,1.990199,1.210803,0.7252,-1.936177,-0.798069,1.183670,0.0000,-0.187018,2.089728,0.873023,0.9971,-0.258296,2.291909,0.859674,0.9969,-0.179977,2.111644,0.503251,0.9648,-0.243554,2.264361,0.481439,0.6020,-0.161638,2.148691,0.107199,0.9764,-0.213293,2.267899,0.111638,0.7547
61,3.0500,0,-0.311202,2.119761,1.498527,0.9997,-0.280341,2.101479,1.532191,0.9996,-0.309886,2.156052,1.535025,0.9996,-0.224265,2.101877,1.525845,0.9992,-0.278155,2.204545,1.530394,0.9990,-0.117921,2.052689,1.333358,0.9995,-0.263707,2.358820,1.342970,0.9986,-0.157146,1.912491,1.093577,0.9577,-1.936177,-0.798069,1.183670,0.0000,-0.346771,1.988113,1.209843,0.7796,-1.936177,-0.798069,1.183670,0.0000,-0.187915,2.088724,0.872041,0.9978,-0.258383,2.291292,0.858493,0.9967,-0.180157,2.112183,0.502157,0.9597,-0.244269,2.263486,0.481002,0.6171,-0.160574,2.149477,0.106931,0.9754,-0.212967,2.267639,0.109316,0.7512
62,3.1000,0,-0.311697,2.118915,1.499649,0.9997,-0.281027,2.100632,1.533047,0.9993,-0.310575,2.155360,1.535984,0.9994,-0.224992,2.100892,1.526696,0.9985,-0.278782,2.203870,1.531281,0.9982,-0.118373,2.052791,1.333499,0.9993,-0.264420,2.357085,1.343392,0.9989,-0.156839,1.913764,1.093304,0.9558,-1.936177,-0.798069,1.183670,0.0000,-0.346123,1.989276,1.208950,0.7462,-1.936177,-0.798069,1.183670,0.0000,-0.188233,2.089103,0.871431,0.9971,-0.259375,2.291452,0.857654,0.9975,-0.181100,2.111112,0.503610,0.9618,-0.244233,2.263929,0.481580,0.6178,-0.160645,2.149758,0.108191,0.9787,-0.212737,2.266343,0.110017,0.7773
63,3.1500,0,-0.312151,2.118605,1.500494,0.9998,-0.281129,2.100345,1.533980,0.9995,-0.311020,2.155216,1.536891,0.9996,-0.225066,2.100366,1.527509,0.9989,-0.279464,2.203797,1.531981,0.9987,-0.118270,2.052947,1.333477,0.9993,-0.264992,2.358339,1.342975,0.9988,-0.156777,1.913905,1.092459,0.9506,-1.936177,-0.798069,1.183670,0.0000,-0.346941,1.988794,1.208155,0.7239,-1.936177,-0.798069,1.183670,0.0000,-0.188350,2.088139,0.871251,0.9966,-0.259452,2.290691,0.857192,0.9972,-0.180969,2.112829,0.503609,0.9585,-0.243356,2.263295,0.480929,0.6104,-0.159393,2.149273,0.108697,0.9737,-0.212378,2.266095,0.108691,0.7518
64,3.2000,0,-0.313123,2.119136,1.500304,0.9997,-0.282117,2.100897,1.533914,0.9993,-0.312037,2.155783,1.536828,0.9995,-0.225704,2.100582,1.527349,0.9987,-0.280190,2.203750,1.531615,0.9985,-0.117599,2.053775,1.332633,0.9993,-0.266303,2.356515,1.341820,0.9988,-0.156743,1.913740,1.092129,0.9533,-1.936177,-0.798069,1.183670,0.0000,-0.348157,1.989352,1.208830,0.7501,-1.936177,-0.798069,1.183670,0.0000,-0.188221,2.088855,0.870795,0.9971,-0.260518,2.289150,0.857311,0.9971,-0.181219,2.114131,0.501577,0.9591,-0.243529,2.262666,0.479536,0.5795,-0.159216,2.149611,0.109082,0.9777,-0.212484,2.267546,0.108052,0.7524
65,3.2500,0,-0.313503,2.119873,1.501328,0.9997,-0.282135,2.101683,1.534746,0.9992,-0.312718,2.156335,1.537616,0.9994,-0.225392,2.101803,1.527907,0.9983,-0.280958,2.204308,1.532192,0.9981,-0.117309,2.054799,1.332619,0.9993,-0.266730,2.357417,1.342143,0.9989,-0.156779,1.915049,1.092063,0.9533,-1.936177,-0.798069,1.183670,0.0000,-0.349135,1.990148,1.208280,0.7370,-1.936177,-0.798069,1.183670,0.0000,-0.189084,2.089231,0.870469,0.9978,-0.261232,2.288620,0.856862,0.9973,-0.182002,2.115586,0.502247,0.9527,-0.243571,2.263037,0.479294,0.5823,-0.159984,2.151613,0.107646,0.9713,-0.213163,2.267372,0.108020,0.7478
66,3.3000,0,-0.312789,2.119530,1.502163,0.9997,-0.281517,2.101639,1.535938,0.9994,-0.312715,2.156925,1.538268,0.9995,-0.225229,2.102288,1.529092,0.9988,-0.281976,2.206396,1.532628,0.9984,-0.117061,2.054525,1.332590,0.9994,-0.267235,2.359965,1.342062,0.9988,-0.156837,1.915408,1.091035,0.9534,-1.936177,-0.798069,1.183670,0.0000,-0.348611,1.988476,1.207148,0.7331,-1.936177,-0.798069,1.183670,0.0000,-0.189638,2.088845,0.871797,0.9976,-0.261248,2.288514,0.858304,0.9966,-0.181687,2.115870,0.501160,0.9603,-0.243264,2.263919,0.479885,0.6213,-0.159569,2.150816,0.107464,0.9747,-0.212690,2.267531,0.109224,0.7581
67,3.3500,0,-0.312561,2.119221,1.500740,0.9997,-0.281473,2.101413,1.534449,0.9994,-0.312577,2.156853,1.536911,0.9995,-0.225367,2.101792,1.527639,0.9989,-0.281821,2.206316,1.531304,0.9986,-0.117244,2.054064,1.331647,0.9994,-0.267808,2.358243,1.341228,0.9986,-0.156585,1.915154,1.090646,0.9561,-1.936177,-0.798069,1.183670,0.0000,-0.348853,1.988911,1.208113,0.7646,-1.936177,-0.798069,1.183670,0.0000,-0.189299,2.088684,0.871529,0.9974,-0.261644,2.288694,0.858182,0.9968,-0.182308,2.114768,0.501962,0.9488,-0.244154,2.262644,0.480796,0.5394,-0.158621,2.150308,0.108249,0.9702,-0.214183,2.269126,0.107697,0.7075
68,3.4000,0,-0.312342,2.120249,1.501456,0.9996,-0.281075,2.102285,1.535323,0.9991,-0.312572,2.157098,1.537715,0.9992,-0.224712,2.103053,1.528538,0.9979,-0.281715,2.206011,1.532262,0.9978,-0.117148,2.054454,1.331855,0.9990,-0.267555,2.359883,1.341786,0.9990,-0.156506,1.915297,1.090641,0.9528,-1.936177,-0.798069,1.183670,0.0000,-0.348873,1.989603,1.207041,0.7301,-1.936177,-0.798069,1.183670,0.0000,-0.189888,2.089149,0.870008,0.9972,-0.262102,2.289508,0.856980,0.9973,-0.181620,2.115249,0.499457,0.9656,-0.244297,2.264456,0.480129,0.6495,-0.158289,2.150864,0.107048,0.9784,-0.214088,2.270010,0.108557,0.7718
69,3.4500,0,-0.311410,2.121505,1.500955,0.9996,-0.280415,2.103306,1.535094,0.9990,-0.312385,2.158486,1.537147,0.9991,-0.224300,2.104391,1.528310,0.9978,-0.282047,2.208613,1.531623,0.9972,-0.117515,2.054340,1.332107,0.9991,-0.266859,2.363005,1.341515,0.9990,-0.156203,1.916721,1.090379,0.9560,-1.936177,-0.798069,1.183670,0.0000,-0.348593,1.991684,1.207410,0.7476,-1.936177,-0.798069,1.183670,0.0000,-0.189769,2.089318,0.870426,0.9972,-0.261940,2.291314,0.856611,0.9976,-0.181568,2.116025,0.498837,0.9652,-0.243763,2.265825,0.479193,0.6174,-0.159364,2.150261,0.106631,0.9772,-0.213982,2.269869,0.109180,0.7648
70,3.5000,0,-0.311935,2.121275,1.501509,0.9997,-0.280749,2.102755,1.535650,0.9994,-0.312614,2.158186,1.537969,0.9996,-0.224694,2.103752,1.528681,0.9988,-0.282147,2.208065,1.532286,0.9986,-0.117599,2.053974,1.332177,0.9993,-0.266411,2.364046,1.341670,0.9990,-0.156169,1.916639,1.090005,0.9472,-1.936177,-0.798069,1.183670,0.0000,-0.348506,1.989996,1.206132,0.7288,-1.936177,-0.798069,1.183670,0.0000,-0.189886,2.088480,0.870450,0.9969,-0.262197,2.291587,0.856250,0.9971,-0.181638,2.115295,0.498589,0.9578,-0.243890,2.264898,0.479202,0.6057,-0.158428,2.149181,0.107181,0.9752,-0.214490,2.271335,0.109850,0.7440
71,3.5500,0,-0.312080,2.121475,1.501660,0.9997,-0.281071,2.103333,1.535748,0.9994,-0.312623,2.158989,1.537929,0.9995,-0.225256,2.104077,1.529165,0.9987,-0.282291,2.209045,1.532456,0.9986,-0.118523,2.054452,1.332238,0.9993,-0.265929,2.365223,1.341826,0.9989,-0.155902,1.915833,1.090411,0.9483,-1.936177,-0.798069,1.183670,0.0000,-0.348189,1.992086,1.205499,0.7203,-1.936177,-0.798069,1.183670,0.0000,-0.189809,2.088305,0.869542,0.9976,-0.261120,2.292960,0.855047,0.9965,-0.181578,2.115714,0.498490,0.9635,-0.243573,2.264325,0.480603,0.6414,-0.158613,2.149875,0.106933,0.9761,-0.214514,2.271489,0.111492,0.7661
72,3.6000,0,-0.313034,2.122436,1.501988,0.9996,-0.281639,2.103922,1.535930,0.9992,-0.312330,2.158911,1.537868,0.9993,-0.225217,2.104261,1.529202,0.9983,-0.281541,2.208020,1.532771,0.9980,-0.119287,2.053386,1.333821,0.9993,-0.265049,2.366148,1.342470,0.9990,-0.156745,1.914715,1.091376,0.9533,-1.936177,-0.798069,1.183670,0.0000,-0.346798,1.992503,1.204933,0.7316,-1.936177,-0.798069,1.183670,0.0000,-0.188897,2.086856,0.870481,0.9970,-0.258376,2.293374,0.854493,0.9970,-0.180707,2.115727,0.500190,0.9709,-0.242616,2.263663,0.479796,0.6458,-0.158558,2.149832,0.107181,0.9754,-0.214200,2.267822,0.111826,0.7489
73,3.6500,0,-0.314977,2.125537,1.501298,0.9997,-0.283366,2.106625,1.535054,0.9993,-0.313431,2.159910,1.537116,0.9994,-0.226494,2.105427,1.528534,0.9985,-0.281555,2.206500,1.532424,0.9985,-0.120115,2.054147,1.333727,0.9993,-0.265229,2.363550,1.342845,0.9991,-0.157584,1.913347,1.091691,0.9516,-1.936177,-0.798069,1.183670,0.0000,-0.346758,1.989692,1.205349,0.7337,-1.936177,-0.798069,1.183670,0.0000,-0.189452,2.087491,0.869725,0.9974,-0.258836,2.291508,0.853973,0.9972,-0.180123,2.115746,0.498701,0.9663,-0.242063,2.264260,0.478180,0.6219,-0.160152,2.150548,0.105739,0.9775,-0.213388,2.266033,0.112256,0.7682
74,3.7000,0,-0.314961,2.125988,1.501391,0.9996,-0.283264,2.107152,1.535292,0.9991,-0.313937,2.160433,1.537279,0.9993,-0.226296,2.106416,1.528890,0.9981,-0.281592,2.207927,1.532625,0.9980,-0.120268,2.053665,1.333500,0.9990,-0.265754,2.365479,1.342735,0.9988,-0.157849,1.913187,1.091285,0.9521,-1.936177,-0.798069,1.183670,0.0000,-0.347540,1.991106,1.205445,0.7493,-1.936177,-0.798069,1.183670,0.0000,-0.189140,2.087627,0.868420,0.9973,-0.258974,2.293743,0.852583,0.9970,-0.180212,2.113790,0.496661,0.9642,-0.242624,2.264370,0.477325,0.6318,-0.159780,2.151206,0.106739,0.9777,-0.213823,2.266596,0.113551,0.7683
75,3.7500,0,-0.314602,2.125573,1.500802,0.9997,-0.282907,2.106719,1.535326,0.9993,-0.314255,2.161026,1.536774,0.9994,-0.226242,2.106869,1.529273,0.9986,-0.282107,2.209981,1.532253,0.9983,-0.120776,2.053419,1.333338,0.9992,-0.265433,2.366106,1.341934,0.9988,-0.159395,1.912723,1.090647,0.9505,-1.936177,-0.798069,1.183670,0.0000,-0.348634,1.990436,1.205934,0.7412,-1.936177,-0.798069,1.183670,0.0000,-0.188839,2.087296,0.867985,0.9976,-0.258481,2.295805,0.851380,0.9963,-0.178863,2.114083,0.495212,0.9570,-0.242477,2.266171,0.474636,0.5804,-0.158443,2.150824,0.105357,0.9708,-0.214831,2.270405,0.111237,0.7193
76,3.8000,0,-0.315030,2.123962,1.501189,0.9997,-0.283220,2.105696,1.535851,0.9994,-0.314478,2.159848,1.537576,0.9995,-0.226811,2.106068,1.529936,0.9988,-0.282655,2.208863,1.533190,0.9985,-0.121115,2.052847,1.333240,0.9993,-0.266481,2.365722,1.342261,0.9989,-0.159551,1.913469,1.090559,0.9439,-1.936177,-0.798069,1.183670,0.0000,-0.348193,1.990146,1.205380,0.7075,-1.936177,-0.798069,1.183670,0.0000,-0.188935,2.087306,0.868826,0.9970,-0.258247,2.297534,0.851919,0.9970,-0.179508,2.112780,0.496272,0.9649,-0.242089,2.265400,0.475566,0.6122,-0.157853,2.150786,0.105613,0.9810,-0.215467,2.271415,0.112417,0.7792
77,3.8500,0,-0.315110,2.124426,1.501444,0.9997,-0.283371,2.105965,1.536146,0.9992,-0.314979,2.159713,1.538043,0.9993,-0.227050,2.106561,1.530082,0.9983,-0.283445,2.207908,1.533618,0.9981,-0.121060,2.052523,1.333156,0.9991,-0.266690,2.366468,1.342373,0.9990,-0.160277,1.912138,1.090751,0.9531,-1.936177,-0.798069,1.183670,0.0000,-0.348821,1.990440,1.205205,0.7336,-1.936177,-0.798069,1.183670,0.0000,-0.189770,2.088133,0.868783,0.9973,-0.259076,2.297552,0.852815,0.9970,-0.180054,2.113362,0.496603,0.9666,-0.243047,2.265526,0.478521,0.5950,-0.157418,2.150730,0.105772,0.9770,-0.215337,2.272166,0.114073,0.7214
78,3.9000,0,-0.315863,2.123885,1.501455,0.9995,-0.284010,2.105911,1.536268,0.9990,-0.315929,2.159420,1.538087,0.9991,-0.227334,2.106972,1.530297,0.9976,-0.284251,2.208255,1.533904,0.9974,-0.121603,2.053610,1.333610,0.9991,-0.266864,2.366541,1.342692,0.9988,-0.160651,1.911872,1.091506,0.9540,-1.936177,-0.798069,1.183670,0.0000,-0.350707,1.992336,1.206656,0.7435,-1.936177,-0.798069,1.183670,0.0000,-0.190038,2.089297,0.868855,0.9975,-0.258508,2.298557,0.852426,0.9966,-0.180427,2.114769,0.497503,0.9594,-0.243036,2.265292,0.478356,0.6057,-0.158057,2.152814,0.104954,0.9698,-0.213655,2.270595,0.114093,0.7301
79,3.9500,0,-0.316370,2.124528,1.500888,0.9997,-0.284460,2.106595,1.535429,0.9994,-0.316074,2.159662,1.537240,0.9995,-0.227761,2.106825,1.529712,0.9988,-0.284090,2.207776,1.533294,0.9986,-0.122019,2.054175,1.333842,0.9994,-0.266695,2.363409,1.343262,0.9989,-0.159689,1.912589,1.091991,0.9532,-1.936177,-0.798069,1.183670,0.0000,-0.350167,1.990254,1.206956,0.7226,-1.936177,-0.798069,1.183670,0.0000,-0.190060,2.088781,0.869093,0.9978,-0.258215,2.295813,0.853413,0.9971,-0.180941,2.116332,0.497785,0.9672,-0.242362,2.265186,0.479291,0.6282,-0.159478,2.153806,0.103630,0.9779,-0.212573,2.270282,0.115224,0.7513
80,4.0000,0,-0.316702,2.124488,1.501178,0.9997,-0.284722,2.105962,1.535884,0.9993,-0.316208,2.159381,1.537954,0.9994,-0.228155,2.106272,1.529471,0.9985,-0.283770,2.207927,1.533448,0.9981,-0.122572,2.052606,1.333344,0.9992,-0.267186,2.365685,1.342146,0.9990,-0.159597,1.911830,1.091777,0.9591,-1.936177,-0.798069,1.183670,0.0000,-0.350606,1.986759,1.206664,0.7495,-1.936177,-0.798069,1.183670,0.0000,-0.190633,2.087125,0.869225,0.9971,-0.258707,2.296070,0.852802,0.9974,-0.181061,2.114385,0.497828,0.9665,-0.243230,2.265297,0.477715,0.5854,-0.159379,2.152859,0.103669,0.9742,-0.212448,2.268865,0.113422,0.7279
81,4.0500,0,-0.317918,2.126285,1.500645,0.9997,-0.286104,2.107847,1.535097,0.9993,-0.316222,2.161120,1.537211,0.9994,-0.229669,2.106782,1.529066,0.9986,-0.283658,2.207788,1.533058,0.9985,-0.123744,2.052132,1.333451,0.9994,-0.266680,2.367135,1.341761,0.9994,-0.160310,1.911359,1.092857,0.9556,-1.936177,-0.798069,1.183670,0.0000,-0.349358,1.987423,1.207425,0.7373,-1.936177,-0.798069,1.183670,0.0000,-0.190966,2.085848,0.870521,0.9978,-0.257234,2.296321,0.853540,0.9979,-0.181815,2.112402,0.500206,0.9832,-0.242867,2.264751,0.479583,0.6937,-0.159263,2.151509,0.103421,0.9845,-0.212987,2.267079,0.113100,0.7940
82,4.1000,0,-0.318055,2.124428,1.500318,0.9996,-0.286488,2.106806,1.534711,0.9990,-0.316161,2.159883,1.536929,0.9992,-0.230204,2.105715,1.528782,0.9981,-0.283556,2.207144,1.532831,0.9975,-0.124189,2.050624,1.333967,0.9992,-0.267307,2.368173,1.341497,0.9990,-0.160791,1.910117,1.093316,0.9558,-1.936177,-0.798069,1.183670,0.0000,-0.348475,1.988547,1.207189,0.7582,-1.936177,-0.798069,1.183670,0.0000,-0.191171,2.085103,0.871502,0.9966,-0.256984,2.296891,0.853640,0.9967,-0.181178,2.114262,0.502547,0.9710,-0.242746,2.266009,0.479392,0.6623,-0.158246,2.153410,0.105806,0.9759,-0.213168,2.266124,0.112680,0.7683
83,4.1500,0,-0.317612,2.124835,1.499731,0.9997,-0.286357,2.106843,1.534204,0.9994,-0.315918,2.159990,1.536445,0.9995,-0.230159,2.105442,1.528020,0.9989,-0.283089,2.206798,1.532049,0.9986,-0.124216,2.049767,1.332907,0.9994,-0.267232,2.370325,1.340334,0.9990,-0.160451,1.909790,1.092156,0.9592,-1.936177,-0.798069,1.183670,0.0000,-0.348182,1.988518,1.206635,0.7775,-1.936177,-0.798069,1.183670,0.0000,-0.191662,2.083843,0.871363,0.9973,-0.258069,2.296182,0.853474,0.9974,-0.181341,2.113875,0.502144,0.9669,-0.243470,2.265559,0.477886,0.5896,-0.157839,2.151601,0.106494,0.9736,-0.214398,2.267016,0.110304,0.7268
84,4.2000,0,-0.316975,2.126760,1.498445,0.9997,-0.285804,2.108522,1.533112,0.9992,-0.316025,2.161291,1.535215,0.9994,-0.229473,2.107811,1.527012,0.9984,-0.283100,2.208919,1.530832,0.9981,-0.123955,2.051466,1.332142,0.9992,-0.267756,2.369740,1.339373,0.9989,-0.160984,1.910599,1.091912,0.9556,-1.936177,-0.798069,1.183670,0.0000,-0.349214,1.988805,1.208135,0.7619,-1.936177,-0.798069,1.183670,0.0000,-0.191954,2.084852,0.871302,0.9975,-0.259463,2.294996,0.854416,0.9973,-0.181586,2.114544,0.503027,0.9635,-0.244400,2.264135,0.479490,0.6192,-0.158087,2.151701,0.105831,0.9754,-0.214299,2.267333,0.109573,0.7643
85,4.2500,0,-0.316031,2.127957,1.496747,0.9997,-0.285019,2.109608,1.531427,0.9993,-0.315702,2.161346,1.533424,0.9995,-0.228656,2.109061,1.525516,0.9985,-0.282841,2.208694,1.529159,0.9983,-0.123477,2.053059,1.331812,0.9994,-0.269791,2.364143,1.338992,0.9993,-0.161533,1.909883,1.092031,0.9624,-1.936177,-0.798069,1.183670,0.0000,-0.348815,1.988531,1.208609,0.7835,-1.936177,-0.798069,1.183670,0.0000,-0.191401,2.086543,0.871021,0.9975,-0.260278,2.292551,0.855739,0.9978,-0.181193,2.116266,0.503488,0.9761,-0.244117,2.262896,0.479109,0.6399,-0.158902,2.153026,0.105514,0.9802,-0.214184,2.264705,0.110326,0.7653
86,4.3000,0,-0.317465,2.127816,1.496811,0.9997,-0.286453,2.109127,1.530921,0.9993,-0.316740,2.160768,1.533014,0.9994,-0.229965,2.108201,1.524945,0.9986,-0.283684,2.207194,1.528678,0.9984,-0.123630,2.053271,1.331236,0.9993,-0.269385,2.364563,1.338692,0.9989,-0.161546,1.910502,1.091667,0.9649,-1.936177,-0.798069,1.183670,0.0000,-0.349360,1.987442,1.208528,0.7810,-1.936177,-0.798069,1.183670,0.0000,-0.191971,2.084909,0.871051,0.9978,-0.260465,2.290767,0.856412,0.9968,-0.182225,2.113906,0.505068,0.9652,-0.243714,2.261577,0.479184,0.5818,-0.159436,2.153295,0.105421,0.9694,-0.213876,2.265004,0.108075,0.6982
87,4.3500,0,-0.316714,2.128255,1.497170,0.9997,-0.285844,2.109461,1.531015,0.9993,-0.316060,2.160221,1.532933,0.9994,-0.229064,2.109474,1.524747,0.9985,-0.282786,2.208907,1.528474,0.9982,-0.123658,2.054031,1.331525,0.9993,-0.270154,2.363836,1.339277,0.9989,-0.161909,1.911350,1.091503,0.9623,-1.936177,-0.798069,1.183670,0.0000,-0.349715,1.988514,1.207660,0.7993,-1.936177,-0.798069,1.183670,0.0000,-0.192648,2.085318,0.870411,0.9978,-0.261277,2.289187,0.856322,0.9976,-0.182301,2.114569,0.503801,0.9668,-0.245262,2.260770,0.479194,0.5951,-0.161047,2.151959,0.105868,0.9753,-0.212887,2.264046,0.109679,0.7407
88,4.4000,0,-0.316209,2.129490,1.498092,0.9998,-0.285483,2.110315,1.532522,0.9995,-0.315737,2.161819,1.534615,0.9996,-0.229113,2.109624,1.525622,0.9990,-0.282079,2.210656,1.529691,0.9989,-0.125138,2.052097,1.331333,0.9994,-0.269020,2.367901,1.339568,0.9990,-0.162308,1.910812,1.091025,0.9595,-1.936177,-0.798069,1.183670,0.0000,-0.349320,1.986989,1.206608,0.7696,-1.936177,-0.798069,1.183670,0.0000,-0.193968,2.084948,0.870252,0.9974,-0.261282,2.291445,0.855617,0.9967,-0.181938,2.115614,0.500441,0.9603,-0.245388,2.261383,0.477928,0.5918,-0.160174,2.151702,0.105243,0.9709,-0.213928,2.264410,0.109627,0.7264
89,4.4500,0,-0.316923,2.128567,1.497869,0.9997,-0.286070,2.109113,1.532632,0.9994,-0.316950,2.160777,1.534896,0.9995,-0.229382,2.109245,1.525605,0.9985,-0.283425,2.210520,1.530206,0.9983,-0.124998,2.053458,1.330974,0.9992,-0.271549,2.364855,1.339740,0.9990,-0.161820,1.912352,1.090297,0.9559,-1.936177,-0.798069,1.183670,0.0000,-0.348881,1.988090,1.205984,0.7626,-1.936177,-0.798069,1.183670,0.0000,-0.193988,2.086880,0.869939,0.9969,-0.262838,2.289915,0.856832,0.9972,-0.182274,2.116184,0.500868,0.9634,-0.245477,2.262018,0.478323,0.6143,-0.161317,2.152180,0.105951,0.9727,-0.212524,2.262630,0.109575,0.7487
90,4.5000,0,-0.317770,2.127116,1.497827,0.9998,-0.287133,2.108033,1.533110,0.9995,-0.318228,2.159769,1.534994,0.9995,-0.230383,2.109190,1.526007,0.9989,-0.285032,2.210809,1.530193,0.9984,-0.125369,2.053374,1.331111,0.9994,-0.273683,2.362080,1.339894,0.9991,-0.162771,1.910824,1.089829,0.9740,-1.936177,-0.798069,1.183670,0.0000,-0.348987,1.987030,1.205487,0.8592,-1.936177,-0.798069,1.183670,0.0000,-0.194193,2.090148,0.870134,0.9971,-0.263710,2.290375,0.857628,0.9974,-0.181691,2.118891,0.501387,0.9819,-0.246237,2.261584,0.480039,0.6711,-0.160420,2.153385,0.106325,0.9879,-0.213437,2.259334,0.113634,0.8229
91,4.5500,0,-0.320665,2.123387,1.497762,0.9998,-0.290151,2.104174,1.533553,0.9995,-0.321300,2.156821,1.535320,0.9996,-0.233675,2.105135,1.526453,0.9990,-0.288175,2.209033,1.530506,0.9985,-0.127133,2.049833,1.332017,0.9994,-0.275043,2.364355,1.340532,0.9985,-0.162827,1.911941,1.089983,0.9771,-1.936177,-0.798069,1.183670,0.0000,-0.350156,1.985046,1.202453,0.8628,-1.936177,-0.798069,1.183670,0.0000,-0.194893,2.090613,0.869653,0.9969,-0.263245,2.293116,0.856309,0.9974,-0.181643,2.119292,0.501740,0.9747,-0.246215,2.263523,0.478888,0.6375,-0.160936,2.153002,0.106709,0.9795,-0.211986,2.261055,0.114707,0.7482
92,4.6000,0,-0.323757,2.119680,1.496845,0.9995,-0.293845,2.099912,1.532493,0.9990,-0.325185,2.152115,1.534048,0.9992,-0.236187,2.103251,1.526528,0.9982,-0.290929,2.206633,1.530188,0.9973,-0.128052,2.048241,1.333110,0.9993,-0.276086,2.363756,1.341359,0.9967,-0.161485,1.912755,1.090966,0.9826,-1.936177,-0.798069,1.183670,0.0000,-0.352896,1.981601,1.199428,0.9127,-1.936177,-0.798069,1.183670,0.0000,-0.192258,2.090935,0.870525,0.9969,-0.262224,2.293307,0.856290,0.9957,-0.180383,2.119939,0.502961,0.9608,-0.245997,2.262795,0.480074,0.5232,-0.160339,2.154215,0.108847,0.9719,-0.211237,2.265665,0.115954,0.6645
93,4.6500,0,-0.329883,2.118088,1.493544,0.9990,-0.300887,2.098046,1.529059,0.9990,-0.331144,2.146905,1.530316,0.9988,-0.241587,2.100598,1.524798,0.9984,-0.295217,2.201120,1.528335,0.9972,-0.130741,2.044344,1.334411,0.9995,-0.277815,2.359627,1.342289,0.9963,-0.161198,1.911715,1.092064,0.9821,-1.936177,-0.798069,1.183670,0.0000,-0.356697,1.976529,1.194725,0.9032,-1.936177,-0.798069,1.183670,0.0000,-0.189890,2.089310,0.871849,0.9966,-0.258992,2.293052,0.856708,0.9961,-0.180250,2.117025,0.503922,0.9654,-0.245353,2.261042,0.481897,0.5482,-0.160603,2.152095,0.108776,0.9760,-0.210919,2.266272,0.116397,0.6824
94,4.7000,0,-0.335258,2.117319,1.489767,0.9985,-0.307314,2.099494,1.526117,0.9990,-0.335761,2.144238,1.526662,0.9979,-0.247269,2.099386,1.522789,0.9989,-0.299566,2.195591,1.525221,0.9957,-0.131039,2.043587,1.334556,0.9997,-0.280782,2.350986,1.341152,0.9964,-0.161054,1.912204,1.091539,0.9860,-1.936177,-0.798069,1.183670,0.0000,-0.363177,1.968599,1.188691,0.9472,-1.936177,-0.798069,1.183670,0.0000,-0.185731,2.091788,0.872976,0.9964,-0.256464,2.293458,0.857620,0.9907,-0.177785,2.118851,0.503638,0.8654,-0.245353,2.261042,0.481897,0.0000,-0.160339,2.150291,0.107422,0.9255,-0.211533,2.265623,0.113215,0.4662
95,4.7500,0,-0.344081,2.112947,1.483746,0.9972,-0.317890,2.096472,1.520779,0.9979,-0.343514,2.138482,1.520930,0.9960,-0.257264,2.094723,1.519703,0.9976,-0.305864,2.187083,1.522000,0.9918,-0.136129,2.039007,1.335753,0.9997,-0.279091,2.345544,1.343803,0.9950,-0.160893,1.915527,1.089941,0.9810,-1.936177,-0.798069,1.183670,0.0000,-0.371074,1.966922,1.178409,0.9092,-1.936177,-0.798069,1.183670,0.0000,-0.181960,2.093162,0.873503,0.9973,-0.250980,2.295777,0.857701,0.9929,-0.176207,2.120894,0.505856,0.9248,-0.242783,2.265621,0.483119,0.3599,-0.160263,2.148821,0.109527,0.9644,-0.211305,2.265056,0.114582,0.5774
96,4.8000,0,-0.352606,2.107385,1.476574,0.9982,-0.328550,2.091237,1.514942,0.9986,-0.353009,2.130711,1.513943,0.9978,-0.267287,2.090605,1.517177,0.9986,-0.314325,2.179243,1.518043,0.9956,-0.140127,2.035326,1.337339,0.9996,-0.280213,2.344889,1.344437,0.9952,-0.163038,1.918403,1.089488,0.9872,-1.936177,-0.798069,1.183670,0.0000,-0.381338,1.963366,1.165581,0.9324,-1.936177,-0.798069,1.183670,0.0000,-0.175461,2.096570,0.875199,0.9959,-0.244533,2.300097,0.858243,0.9906,-0.173891,2.122985,0.505822,0.9343,-0.239524,2.269954,0.480672,0.3643,-0.159564,2.146072,0.110330,0.9547,-0.210425,2.262898,0.110355,0.5705
97,4.8500,0,-0.362213,2.101874,1.468159,0.9978,-0.340193,2.084646,1.507469,0.9978,-0.364481,2.123698,1.505378,0.9972,-0.279644,2.082680,1.513484,0.9976,-0.326390,2.169398,1.512739,0.9950,-0.145828,2.030503,1.336843,0.9996,-0.286719,2.336134,1.344744,0.9976,-0.162343,1.928074,1.085355,0.9791,-1.936177,-0.798069,1.183670,0.0000,-0.388199,1.964151,1.149083,0.8996,-1.936177,-0.798069,1.183670,0.0000,-0.167767,2.102590,0.876114,0.9949,-0.238903,2.306773,0.857764,0.9897,-0.171693,2.123106,0.507324,0.9470,-0.237671,2.273934,0.479506,0.4719,-0.161688,2.142807,0.113190,0.9639,-0.213495,2.259257,0.109077,0.6857
98,4.9000,0,-0.376807,2.092079,1.456178,0.9967,-0.357925,2.075528,1.495755,0.9968,-0.380687,2.113062,1.493005,0.9961,-0.297226,2.073820,1.505779,0.9962,-0.342857,2.157101,1.503725,0.9927,-0.153223,2.023218,1.336152,0.9993,-0.292351,2.331786,1.343546,0.9981,-0.164923,1.932786,1.081920,0.9716,-1.936177,-0.798069,1.183670,0.0000,-0.397819,1.966511,1.126651,0.8656,-1.936177,-0.798069,1.183670,0.0000,-0.160759,2.111186,0.872847,0.9931,-0.232050,2.316652,0.853234,0.9895,-0.170431,2.121506,0.506804,0.9499,-0.235478,2.277191,0.478619,0.4200,-0.160834,2.141440,0.113644,0.9676,-0.215031,2.262507,0.107963,0.6273
99,4.9500,0,-0.392411,2.081820,1.441256,0.9943,-0.376155,2.066275,1.481680,0.9941,-0.398725,2.103517,1.478318,0.9938,-0.316011,2.064469,1.495282,0.9927,-0.362279,2.146470,1.491096,0.9903,-0.162985,2.018598,1.334082,0.9993,-0.302386,2.325148,1.338511,0.9974,-0.169136,1.937427,1.078041,0.9747,-1.936177,-0.798069,1.183670,0.0000,-0.409531,1.971383,1.099995,0.8812,-1.936177,-0.798069,1.183670,0.0000,-0.150373,2.123755,0.869563,0.9935,-0.223119,2.324066,0.851272,0.9872,-0.170566,2.126412,0.505957,0.9116,-0.235478,2.277191,0.478619,0.0000,-0.162023,2.142357,0.113029,0.9260,-0.215834,2.261255,0.105643,0.4912
100,5.0000,0,-0.411884,2.076036,1.423838,0.9955,-0.398420,2.059017,1.464979,0.9958,-0.420410,2.093467,1.460918,0.9949,-0.338250,2.058185,1.481955,0.9943,-0.382907,2.132109,1.476743,0.9905,-0.173171,2.014511,1.331465,0.9995,-0.319622,2.307364,1.328302,0.9971,-0.172055,1.937948,1.072863,0.9850,-1.936177,-0.798069,1.183670,0.0000,-0.417352,1.971512,1.065581,0.9487,-1.936177,-0.798069,1.183670,0.0000,-0.137660,2.139457,0.867512,0.9945,-0.215304,2.324640,0.849802,0.9919,-0.169934,2.129954,0.506128,0.9381,-0.235478,2.277191,0.478619,0.0000,-0.163279,2.139980,0.113198,0.9506,-0.217705,2.256296,0.103650,0.5251
101,5.0500,0,-0.431527,2.065506,1.398722,0.9920,-0.421006,2.048849,1.440389,0.9930,-0.443038,2.081383,1.435321,0.9923,-0.361756,2.049338,1.462576,0.9903,-0.407094,2.119895,1.455713,0.9854,-0.187648,2.010171,1.324397,0.9997,-0.337812,2.294886,1.316788,0.9962,-0.178116,1.940125,1.064039,0.9797,-1.936177,-0.798069,1.183670,0.0000,-0.422388,1.976779,1.029075,0.9230,-1.936177,-0.798069,1.183670,0.0000,-0.123094,2.152833,0.866693,0.9962,-0.204696,2.329774,0.848265,0.9900,-0.169873,2.133213,0.506083,0.9389,-0.235478,2.277191,0.478619,0.0000,-0.162252,2.141989,0.112100,0.9513,-0.217240,2.252563,0.102502,0.4800
102,5.1000,0,-0.452306,2.057694,1.368233,0.9976,-0.443810,2.039382,1.410161,0.9966,-0.465801,2.069685,1.403755,0.9968,-0.385633,2.039321,1.437027,0.9959,-0.429786,2.106161,1.428344,0.9912,-0.202199,2.004838,1.312356,0.9996,-0.354250,2.285970,1.298438,0.9973,-0.182681,1.944550,1.051572,0.9688,-1.936177,-0.798069,1.183670,0.0000,-0.428097,1.986902,0.989476,0.9294,-1.936177,-0.798069,1.183670,0.0000,-0.105843,2.161596,0.866056,0.9933,-0.187464,2.338084,0.846415,0.9952,-0.172898,2.128789,0.506336,0.9253,-0.235478,2.277191,0.478619,0.0000,-0.163138,2.142003,0.111827,0.9466,-0.217261,2.250531,0.100107,0.4891
103,5.1500,0,-0.473781,2.052963,1.332095,0.9948,-0.467153,2.033703,1.374477,0.9953,-0.488289,2.062184,1.367555,0.9948,-0.409559,2.032846,1.405094,0.9940,-0.451948,2.096687,1.395340,0.9890,-0.218133,2.000413,1.294975,0.9997,-0.368576,2.283764,1.278943,0.9952,-0.188926,1.946052,1.033616,0.9603,-1.936177,-0.798069,1.183670,0.0000,-0.434445,1.993376,0.945591,0.9136,-1.936177,-0.798069,1.183670,0.0000,-0.088041,2.172384,0.864087,0.9971,-0.170408,2.350133,0.843116,0.9927,-0.178186,2.131908,0.508590,0.9055,-0.235478,2.277191,0.478619,0.0000,-0.163571,2.143806,0.110144,0.9365,-0.216731,2.248784,0.098094,0.4449
104,5.2000,0,-0.493417,2.047395,1.289559,0.9929,-0.489655,2.026758,1.330365,0.9940,-0.509542,2.053228,1.324207,0.9937,-0.433396,2.023953,1.363565,0.9928,-0.473623,2.083178,1.352781,0.9821,-0.237952,1.988571,1.268840,0.9995,-0.385762,2.274716,1.255585,0.9957,-0.197829,1.947594,1.009415,0.9645,-1.936177,-0.798069,1.183670,0.0000,-0.437835,2.010243,0.892833,0.8815,-1.936177,-0.798069,1.183670,0.0000,-0.075611,2.178484,0.861976,0.9947,-0.156442,2.362335,0.843736,0.9935,-0.182488,2.135298,0.508679,0.9180,-0.235478,2.277191,0.478619,0.0000,-0.163950,2.143595,0.108849,0.9476,-0.216697,2.244883,0.097231,0.4464
105,5.2500,0,-0.510110,2.039738,1.239222,0.9885,-0.509762,2.018881,1.278700,0.9907,-0.528459,2.044593,1.273512,0.9901,-0.456784,2.016912,1.315625,0.9910,-0.494071,2.071972,1.303991,0.9831,-0.254804,1.982948,1.237946,0.9995,-0.402130,2.267678,1.227483,0.9944,-0.206299,1.947889,0.980563,0.9557,-1.936177,-0.798069,1.183670,0.0000,-0.435729,2.015093,0.839468,0.8707,-1.936177,-0.798069,1.183670,0.0000,-0.067725,2.189217,0.856694,0.9920,-0.148963,2.375499,0.841082,0.9865,-0.187126,2.137296,0.506194,0.8661,-0.235478,2.277191,0.478619,0.0000,-0.165817,2.147245,0.107862,0.9116,-0.216672,2.243907,0.097278,0.3227
106,5.3000,0,-0.522851,2.034886,1.184847,0.9876,-0.524859,2.014665,1.223997,0.9902,-0.542851,2.039776,1.217997,0.9903,-0.475046,2.012756,1.264082,0.9894,-0.511325,2.065743,1.250474,0.9832,-0.267924,1.978257,1.200848,0.9995,-0.415475,2.261571,1.190656,0.9950,-0.214389,1.946812,0.943835,0.9494,-1.936177,-0.798069,1.183670,0.0000,-0.432486,2.010507,0.781081,0.8280,-1.936177,-0.798069,1.183670,0.0000,-0.057850,2.199561,0.847692,0.9912,-0.139041,2.386100,0.835303,0.9820,-0.198521,2.148292,0.506379,0.8802,-0.235478,2.277191,0.478619,0.0000,-0.170424,2.151457,0.107933,0.9313,-0.218507,2.240765,0.101010,0.3525
107,5.3500,0,-0.534027,2.035660,1.126569,0.9958,-0.539296,2.014622,1.165145,0.9968,-0.556163,2.038218,1.159387,0.9968,-0.493431,2.013687,1.208086,0.9963,-0.526603,2.063664,1.194907,0.9943,-0.281473,1.976712,1.157818,0.9998,-0.426680,2.258063,1.149330,0.9978,-0.219673,1.948823,0.903038,0.9641,-1.936177,-0.798069,1.183670,0.0000,-0.428508,2.010851,0.717725,0.9014,-1.936177,-0.798069,1.183670,0.0000,-0.049480,2.209753,0.832061,0.9952,-0.125473,2.401891,0.822781,0.9895,-0.204176,2.141374,0.502900,0.9039,-0.235478,2.277191,0.478619,0.0000,-0.174279,2.153656,0.108362,0.9538,-0.219834,2.234990,0.103879,0.3799
108,5.4000,0,-0.545347,2.034741,1.066100,0.9983,-0.553748,2.013649,1.103909,0.9986,-0.569104,2.034050,1.097820,0.9984,-0.511267,2.014569,1.149105,0.9981,-0.540162,2.056549,1.136745,0.9958,-0.290399,1.979604,1.116982,0.9999,-0.436669,2.250429,1.096789,0.9985,-0.218008,1.949903,0.863218,0.9655,-1.936177,-0.798069,1.183670,0.0000,-0.417127,2.006183,0.659534,0.9319,-1.936177,-0.798069,1.183670,0.0000,-0.033982,2.207184,0.815350,0.9950,-0.114163,2.400618,0.804912,0.9898,-0.209827,2.133923,0.498886,0.9451,-0.235478,2.277191,0.478619,0.0000,-0.180511,2.159859,0.106300,0.9320,-0.220420,2.224565,0.103899,0.4403
109,5.4500,0,-0.555979,2.032757,1.004754,0.9978,-0.566889,2.011725,1.042686,0.9981,-0.580759,2.029237,1.035150,0.9983,-0.526209,2.014473,1.090185,0.9976,-0.552160,2.049943,1.076604,0.9955,-0.297542,1.977525,1.074734,0.9998,-0.445272,2.242595,1.037459,0.9984,-0.213649,1.944720,0.823076,0.9518,-1.936177,-0.798069,1.183670,0.0000,-0.397253,1.996966,0.608427,0.8994,-1.936177,-0.798069,1.183670,0.0000,-0.024725,2.216386,0.793061,0.9917,-0.106168,2.416437,0.782228,0.9875,-0.216813,2.119935,0.498099,0.9276,-0.235478,2.277191,0.478619,0.0000,-0.182203,2.156568,0.106757,0.9589,-0.221657,2.222057,0.103055,0.3118
110,5.5000,0,-0.560658,2.030205,0.948730,0.9969,-0.573429,2.007101,0.986690,0.9975,-0.586677,2.024075,0.980479,0.9978,-0.534973,2.011487,1.035310,0.9970,-0.560112,2.045164,1.023929,0.9957,-0.303790,1.976034,1.032739,0.9998,-0.449604,2.237980,0.983478,0.9988,-0.212304,1.941954,0.790497,0.9675,-1.936177,-0.798069,1.183670,0.0000,-0.370826,1.982231,0.561046,0.9361,-1.936177,-0.798069,1.183670,0.0000,-0.002690,2.190513,0.784865,0.9838,-0.083781,2.386417,0.767292,0.9893,-0.227998,2.118244,0.498121,0.8638,-0.235478,2.277191,0.478619,0.0000,-0.188834,2.160475,0.103004,0.9001,-0.221657,2.222057,0.103055,0.0000
111,5.5500,0,-0.563573,2.029355,0.897277,0.9986,-0.578108,2.005117,0.934763,0.9988,-0.590750,2.021720,0.929185,0.9986,-0.542640,2.010995,0.984381,0.9982,-0.566473,2.043009,0.973846,0.9976,-0.309012,1.976037,0.993447,0.9999,-0.453775,2.231163,0.931604,0.9995,-0.206918,1.935302,0.759405,0.9770,-1.936177,-0.798069,1.183670,0.0000,-0.338777,1.970840,0.521548,0.9467,-1.936177,-0.798069,1.183670,0.0000,0.008997,2.180195,0.773053,0.9895,-0.074141,2.375944,0.749073,0.9932,-0.235337,2.117553,0.493479,0.7556,-0.235478,2.277191,0.478619,0.0000,-0.194019,2.161180,0.099076,0.8376,-0.221657,2.222057,0.103055,0.0000
112,5.6000,0,-0.563573,2.029355,0.897277,0.0000,-0.578108,2.005117,0.934763,0.0000,-0.590750,2.021720,0.929185,0.0000,-0.542640,2.010995,0.984381,0.0000,-0.566473,2.043009,0.973846,0.0000,-0.309012,1.976037,0.993447,0.0000,-0.453775,2.231163,0.931604,0.0000,-0.206918,1.935302,0.759405,0.0000,-1.936177,-0.798069,1.183670,0.0000,-0.338777,1.970840,0.521548,0.0000,-1.936177,-0.798069,1.183670,0.0000,0.008997,2.180195,0.773053,0.0000,-0.074141,2.375944,0.749073,0.0000,-0.235337,2.117553,0.493479,0.0000,-0.235478,2.277191,0.478619,0.0000,-0.194019,2.161180,0.099076,0.0000,-0.221657,2.222057,0.103055,0.0000
113,5.6500,0,-0.567902,2.033221,0.831902,0.9996,-0.583514,2.010093,0.866915,0.9993,-0.595522,2.024930,0.860886,0.9992,-0.552284,2.013971,0.916131,0.9993,-0.573995,2.041820,0.905782,0.9988,-0.315973,1.982148,0.947362,0.9999,-0.461694,2.224183,0.865393,0.9999,-0.193570,1.938306,0.725496,0.9940,-0.462086,2.273905,0.485604,0.3723,-0.291062,1.962779,0.477014,0.9855,-0.482836,2.280519,0.222933,0.4833,0.006363,2.191015,0.742089,0.9982,-0.083317,2.371692,0.714378,0.9978,-0.244873,2.114970,0.482414,0.8040,-0.235478,2.277191,0.478619,0.0000,-0.197489,2.162857,0.096521,0.9131,-0.234695,2.203156,0.110477,0.3928
114,5.7000,0,-0.571387,2.034507,0.779897,0.9996,-0.587598,2.011971,0.814832,0.9997,-0.599502,2.025344,0.808054,0.9997,-0.556941,2.016984,0.865128,0.9997,-0.579069,2.042115,0.853196,0.9994,-0.319774,1.990622,0.906080,0.9999,-0.468252,2.218107,0.811523,0.9999,-0.181945,1.942601,0.698591,0.9882,-0.456771,2.280294,0.479792,0.3603,-0.246734,1.963645,0.446554,0.9792,-0.480925,2.280094,0.217806,0.5323,0.009828,2.204612,0.716648,0.9989,-0.083200,2.376752,0.682453,0.9978,-0.254520,2.122396,0.484609,0.7448,-0.235478,2.277191,0.478619,0.0000,-0.201834,2.167844,0.094316,0.9218,-0.234695,2.203156,0.110477,0.0000
115,5.7500,0,-0.573343,2.033145,0.740540,0.9995,-0.589927,2.012251,0.775195,0.9996,-0.601203,2.024392,0.767864,0.9996,-0.559920,2.019218,0.826177,0.9997,-0.582090,2.043299,0.813735,0.9993,-0.325614,1.999588,0.871802,1.0000,-0.469448,2.216192,0.773857,0.9999,-0.172047,1.945493,0.679054,0.9871,-0.451963,2.284268,0.470059,0.3459,-0.207217,1.961411,0.425833,0.9871,-0.476946,2.281163,0.206986,0.5180,0.012133,2.211705,0.694729,0.9987,-0.079401,2.373801,0.657959,0.9975,-0.265423,2.124557,0.483336,0.8054,-0.235478,2.277191,0.478619,0.0000,-0.201853,2.167212,0.091809,0.9479,-0.234695,2.203156,0.110477,0.0000
116,5.8000,0,-0.572989,2.038011,0.712634,0.9997,-0.589864,2.017919,0.746861,0.9997,-0.600806,2.029054,0.739147,0.9997,-0.560885,2.023917,0.798156,0.9998,-0.583143,2.047672,0.785135,0.9996,-0.328552,2.004471,0.845740,1.0000,-0.471601,2.212512,0.744998,0.9999,-0.161439,1.950603,0.663789,0.9834,-0.448602,2.284230,0.458868,0.3452,-0.177461,1.957195,0.412310,0.9827,-0.474571,2.280360,0.193446,0.4541,0.011630,2.213403,0.676629,0.9991,-0.079967,2.363511,0.638344,0.9979,-0.280826,2.125183,0.485922,0.8586,-0.235478,2.277191,0.478619,0.0000,-0.209962,2.168141,0.092774,0.9601,-0.234695,2.203156,0.110477,0.0000
117,5.8500,0,-0.573705,2.043330,0.689747,0.9997,-0.590888,2.024348,0.724115,0.9997,-0.601650,2.035193,0.715851,0.9997,-0.561768,2.028029,0.774479,0.9998,-0.584885,2.053151,0.759826,0.9996,-0.336295,2.015570,0.820683,0.9999,-0.472297,2.210504,0.718637,0.9999,-0.162515,1.975692,0.647776,0.9780,-0.444980,2.282600,0.445059,0.3148,-0.155029,1.954066,0.403932,0.9772,-0.471604,2.277809,0.181199,0.4334,0.007878,2.225282,0.661235,0.9992,-0.080972,2.363431,0.616747,0.9983,-0.291920,2.127953,0.493980,0.8519,-0.235478,2.277191,0.478619,0.0000,-0.215597,2.173905,0.105942,0.9204,-0.234695,2.203156,0.110477,0.0000
118,5.9000,0,-0.574170,2.047367,0.671188,0.9999,-0.590952,2.028771,0.706086,0.9999,-0.601718,2.039379,0.697923,0.9999,-0.561794,2.029886,0.755727,0.9999,-0.584901,2.055387,0.741105,0.9999,-0.339110,2.017927,0.800661,1.0000,-0.471077,2.207899,0.697599,0.9999,-0.154695,1.979078,0.637142,0.9892,-0.439904,2.278190,0.429890,0.3728,-0.135801,1.952388,0.393616,0.9901,-0.453816,2.248138,0.172772,0.4967,0.006990,2.229005,0.651145,0.9996,-0.079608,2.361108,0.601570,0.9991,-0.299828,2.123228,0.494940,0.8234,-0.235478,2.277191,0.478619,0.0000,-0.215080,2.171259,0.109356,0.9238,-0.234695,2.203156,0.110477,0.0000
119,5.9500,0,-0.572250,2.048149,0.656817,0.9999,-0.589463,2.030885,0.690707,0.9999,-0.599963,2.041575,0.683126,0.9999,-0.561517,2.032498,0.741117,0.9999,-0.583581,2.057228,0.728181,0.9998,-0.339453,2.018607,0.789834,0.9999,-0.470150,2.209423,0.690003,0.9999,-0.144621,1.975603,0.634635,0.9926,-0.437218,2.277465,0.421201,0.3752,-0.119093,1.954241,0.390743,0.9904,-0.455470,2.251578,0.162558,0.4949,0.008169,2.224661,0.643071,0.9991,-0.076441,2.353872,0.596790,0.9989,-0.306565,2.124948,0.490922,0.8127,-0.235478,2.277191,0.478619,0.0000,-0.217832,2.174803,0.104667,0.9310,-0.234695,2.203156,0.110477,0.0000
120,6.0000,0,-0.569905,2.047147,0.648400,0.9998,-0.587523,2.030625,0.682051,0.9998,-0.597815,2.040823,0.674556,0.9998,-0.560761,2.034667,0.733083,0.9999,-0.582873,2.059023,0.719881,0.9997,-0.339828,2.024119,0.788287,1.0000,-0.472851,2.213629,0.685315,0.9999,-0.137093,1.975065,0.634912,0.9883,-0.436539,2.282929,0.416045,0.3229,-0.104262,1.956935,0.392322,0.9879,-0.449943,2.269375,0.152465,0.4658,0.009277,2.220670,0.641675,0.9991,-0.076861,2.352234,0.595530,0.9988,-0.304761,2.116292,0.485773,0.8274,-0.235478,2.277191,0.478619,0.0000,-0.217151,2.169312,0.100626,0.9518,-0.234695,2.203156,0.110477,0.0000
121,6.0500,0,-0.570906,2.052963,0.647674,0.9999,-0.588487,2.035505,0.680593,0.9999,-0.598831,2.046037,0.672287,0.9999,-0.562855,2.040038,0.730453,1.0000,-0.584700,2.064147,0.715871,0.9999,-0.344409,2.034472,0.782158,1.0000,-0.474064,2.212702,0.677882,0.9999,-0.134318,1.979048,0.635232,0.9927,-0.431459,2.275384,0.412860,0.3651,-0.093546,1.959609,0.396872,0.9932,-0.452085,2.262281,0.153044,0.5411,0.002116,2.238686,0.634930,0.9997,-0.082597,2.360039,0.584941,0.9995,-0.305707,2.116320,0.486990,0.6549,-0.235478,2.277191,0.478619,0.0000,-0.216358,2.168960,0.109757,0.9091,-0.238353,2.185134,0.116478,0.3007
122,6.1000,0,-0.571796,2.053519,0.652864,0.9999,-0.589680,2.036200,0.685688,0.9999,-0.600308,2.047043,0.677411,0.9999,-0.562713,2.040052,0.735883,0.9999,-0.585106,2.064836,0.721371,0.9998,-0.343459,2.037466,0.784770,0.9999,-0.474661,2.213664,0.680740,0.9999,-0.131793,1.981900,0.641912,0.9880,-0.430808,2.277849,0.417341,0.3591,-0.083806,1.964365,0.403618,0.9902,-0.446704,2.278110,0.153177,0.6321,0.002326,2.239292,0.640143,0.9993,-0.081482,2.357266,0.591019,0.9991,-0.308062,2.119873,0.486003,0.8043,-0.235478,2.277191,0.478619,0.0000,-0.216073,2.165976,0.113234,0.9578,-0.238353,2.185134,0.116478,0.0000
123,6.1500,0,-0.569746,2.049728,0.665301,0.9999,-0.586892,2.032913,0.697200,0.9998,-0.597468,2.043711,0.689321,0.9997,-0.560515,2.036646,0.747010,0.9999,-0.583552,2.063385,0.733030,0.9995,-0.338877,2.036276,0.797453,1.0000,-0.473899,2.213840,0.697592,0.9999,-0.127349,1.978985,0.650485,0.9949,-0.436480,2.275968,0.430846,0.4220,-0.076125,1.964528,0.414984,0.9950,-0.450636,2.280277,0.167986,0.5961,0.003853,2.233896,0.645320,0.9994,-0.083482,2.348041,0.601544,0.9987,-0.304479,2.116970,0.482833,0.7763,-0.235478,2.277191,0.478619,0.0000,-0.213838,2.161620,0.111561,0.9448,-0.238353,2.185134,0.116478,0.0000
124,6.2000,0,-0.569177,2.045702,0.683792,0.9997,-0.585846,2.028668,0.715555,0.9996,-0.596565,2.039991,0.707804,0.9993,-0.560048,2.033485,0.764532,0.9997,-0.582607,2.059979,0.751119,0.9991,-0.334363,2.032213,0.814903,1.0000,-0.472409,2.211149,0.716039,0.9998,-0.120167,1.974754,0.665850,0.9936,-0.436924,2.283973,0.449464,0.3021,-0.070315,1.966004,0.432034,0.9866,-0.454656,2.287659,0.188995,0.4111,0.004001,2.233824,0.652667,0.9996,-0.090616,2.352138,0.611997,0.9989,-0.293694,2.102730,0.477511,0.8808,-0.235478,2.277191,0.478619,0.0000,-0.211103,2.163002,0.109102,0.9571,-0.238353,2.185134,0.116478,0.0000
125,6.2500,0,-0.567529,2.040368,0.714049,0.9996,-0.583745,2.020969,0.746988,0.9995,-0.595206,2.033224,0.737900,0.9991,-0.558101,2.026067,0.796223,0.9996,-0.581980,2.054818,0.780370,0.9989,-0.327652,2.027267,0.845974,1.0000,-0.472378,2.212621,0.745013,0.9999,-0.113843,1.973476,0.688922,0.9948,-0.437617,2.295794,0.481228,0.4267,-0.064603,1.970817,0.456958,0.9866,-0.458688,2.295197,0.221215,0.6433,0.006929,2.230997,0.670235,0.9997,-0.094520,2.354653,0.633187,0.9994,-0.281787,2.101969,0.477137,0.9163,-0.235478,2.277191,0.478619,0.0000,-0.207861,2.163731,0.104059,0.9530,-0.242819,2.192620,0.111302,0.3407
126,6.3000,0,-0.566434,2.031831,0.755558,0.9995,-0.580315,2.013018,0.789987,0.9990,-0.593475,2.026788,0.779200,0.9986,-0.554529,2.020901,0.839492,0.9991,-0.580336,2.052448,0.821271,0.9981,-0.320629,2.029289,0.889525,1.0000,-0.475979,2.220353,0.782622,0.9999,-0.108069,1.976649,0.722068,0.9920,-0.438340,2.307063,0.523496,0.3464,-0.061372,1.977129,0.492183,0.9803,-0.460111,2.302374,0.268210,0.5657,0.002022,2.236996,0.693440,0.9998,-0.107761,2.357404,0.654946,0.9997,-0.261110,2.097926,0.481583,0.9257,-0.256830,2.245390,0.484144,0.3737,-0.203391,2.162324,0.104741,0.9387,-0.246534,2.197522,0.111735,0.4483
127,6.3500,0,-0.568187,2.027323,0.812493,0.9997,-0.579395,2.007071,0.848768,0.9996,-0.593942,2.023878,0.838551,0.9993,-0.551706,2.015556,0.897343,0.9996,-0.579084,2.052089,0.879361,0.9982,-0.315591,2.029961,0.943275,1.0000,-0.477753,2.228605,0.830336,0.9998,-0.101842,1.982249,0.766625,0.9901,-0.438340,2.307063,0.523496,0.0000,-0.058567,1.982766,0.538221,0.9830,-0.459989,2.312592,0.317835,0.4297,-0.009975,2.246926,0.711757,0.9989,-0.120758,2.371550,0.673929,0.9984,-0.252725,2.103444,0.479794,0.8755,-0.267839,2.236031,0.474698,0.3309,-0.196169,2.158316,0.103873,0.9388,-0.244166,2.202144,0.109293,0.3427
128,6.4000,0,-0.566360,2.032777,0.879344,0.9998,-0.575509,2.010388,0.917930,0.9995,-0.591848,2.029978,0.906819,0.9992,-0.544243,2.017119,0.965629,0.9996,-0.575532,2.059112,0.946216,0.9977,-0.306241,2.036085,0.996355,1.0000,-0.480673,2.234576,0.887083,0.9998,-0.095718,1.990585,0.815400,0.9889,-0.438461,2.319710,0.598759,0.3395,-0.058481,1.987008,0.583680,0.9788,-0.460748,2.321304,0.372249,0.5492,-0.022770,2.252990,0.736068,0.9989,-0.139957,2.376443,0.700439,0.9985,-0.241612,2.101332,0.483916,0.8407,-0.277704,2.229516,0.472875,0.3378,-0.190237,2.154286,0.107334,0.9227,-0.241832,2.208208,0.106747,0.3649
129,6.4500,0,-0.562691,2.031754,0.953528,0.9998,-0.567819,2.009764,0.994597,0.9997,-0.586828,2.031884,0.983856,0.9994,-0.532550,2.018100,1.039362,0.9997,-0.570087,2.065028,1.018876,0.9982,-0.297841,2.036311,1.043736,0.9999,-0.482168,2.239834,0.940768,0.9998,-0.090098,1.996392,0.860155,0.9862,-0.442737,2.319732,0.663188,0.6520,-0.062853,1.988087,0.627373,0.9703,-0.464220,2.324157,0.427003,0.6271,-0.022770,2.252990,0.736068,0.0000,-0.155442,2.378143,0.741398,0.9989,-0.224759,2.123865,0.491420,0.8971,-0.288124,2.224449,0.475933,0.5088,-0.186104,2.150941,0.114115,0.9369,-0.243204,2.216157,0.106847,0.5232
130,6.5000,0,-0.554112,2.038261,1.028180,0.9999,-0.556008,2.016657,1.070291,0.9998,-0.577994,2.040094,1.059828,0.9996,-0.518492,2.024724,1.114623,0.9998,-0.561294,2.074244,1.094303,0.9990,-0.286031,2.039930,1.095014,0.9999,-0.484664,2.242168,0.998034,0.9999,-0.081693,2.009876,0.905409,0.9924,-0.449102,2.319391,0.727584,0.7526,-0.066277,1.988757,0.668827,0.9832,-0.470359,2.323894,0.489499,0.7692,-0.032870,2.254612,0.779685,0.9985,-0.172418,2.370992,0.773307,0.9990,-0.215652,2.130218,0.498595,0.9351,-0.298819,2.215249,0.482558,0.7195,-0.180941,2.144789,0.123006,0.9434,-0.248333,2.226478,0.107444,0.7033
131,6.5500,0,-0.544338,2.043290,1.099271,0.9998,-0.542860,2.022077,1.142263,0.9996,-0.568119,2.046671,1.130973,0.9993,-0.501749,2.030283,1.184457,0.9996,-0.550959,2.082133,1.162859,0.9982,-0.273836,2.044006,1.139928,0.9999,-0.483863,2.251173,1.046146,0.9999,-0.073957,2.024588,0.948872,0.9888,-0.453476,2.320214,0.780524,0.8188,-0.067873,1.995566,0.710018,0.9796,-0.475188,2.323946,0.540332,0.8086,-0.032870,2.254612,0.779685,0.0000,-0.184613,2.374083,0.804635,0.9990,-0.200004,2.156304,0.503377,0.9131,-0.298559,2.225597,0.484392,0.5471,-0.176905,2.139348,0.127213,0.9457,-0.253149,2.237195,0.105878,0.6157
132,6.6000,0,-0.533349,2.047709,1.159670,0.9999,-0.528204,2.026293,1.202572,0.9998,-0.556620,2.052459,1.190728,0.9997,-0.483799,2.035255,1.242259,0.9998,-0.539685,2.088710,1.221430,0.9992,-0.261999,2.051176,1.182921,0.9999,-0.483331,2.254582,1.090634,0.9999,-0.068403,2.035904,0.987597,0.9916,-0.459096,2.320924,0.825693,0.8533,-0.070624,1.994955,0.748328,0.9827,-0.484225,2.311217,0.585865,0.8633,-0.032870,2.254612,0.779685,0.0000,-0.197762,2.376334,0.822484,0.9989,-0.197726,2.157474,0.507990,0.8763,-0.299457,2.234374,0.486692,0.5990,-0.172982,2.139530,0.125786,0.9124,-0.252791,2.249671,0.101804,0.5161
133,6.6500,0,-0.519723,2.054646,1.214156,0.9999,-0.511041,2.032886,1.258055,0.9998,-0.543821,2.062352,1.245973,0.9997,-0.464954,2.043680,1.295852,0.9998,-0.528725,2.100828,1.273931,0.9993,-0.247505,2.063221,1.222732,1.0000,-0.483870,2.258326,1.130112,0.9999,-0.063695,2.049121,1.016458,0.9945,-0.463395,2.323843,0.868945,0.8105,-0.070772,2.000141,0.782013,0.9854,-0.494882,2.301192,0.634194,0.8545,-0.032870,2.254612,0.779685,0.0000,-0.214465,2.375789,0.831064,0.9993,-0.196123,2.153879,0.508877,0.9182,-0.301695,2.238544,0.485471,0.6275,-0.168943,2.139037,0.126054,0.9644,-0.253627,2.256599,0.100825,0.6174
134,6.7000,0,-0.504787,2.059419,1.263822,0.9999,-0.492458,2.038317,1.307466,0.9998,-0.530337,2.069469,1.295033,0.9998,-0.445557,2.050772,1.342617,0.9998,-0.517183,2.109879,1.319856,0.9995,-0.233468,2.074332,1.254004,1.0000,-0.481954,2.261026,1.164024,0.9999,-0.059725,2.063097,1.038965,0.9923,-0.469363,2.320366,0.904275,0.8995,-0.070015,2.004910,0.808196,0.9757,-0.506763,2.284197,0.669465,0.8946,-0.032870,2.254612,0.779685,0.0000,-0.214465,2.375789,0.831064,0.0000,-0.182247,2.173280,0.507394,0.8905,-0.302123,2.247048,0.489542,0.5911,-0.166577,2.141447,0.125219,0.9222,-0.253892,2.267166,0.099772,0.5678
135,6.7500,0,-0.486529,2.064109,1.303148,0.9999,-0.472600,2.043880,1.346468,0.9996,-0.512414,2.077046,1.335848,0.9996,-0.424236,2.061915,1.381118,0.9996,-0.499696,2.124879,1.361233,0.9992,-0.216052,2.091013,1.281507,1.0000,-0.477560,2.266552,1.197397,0.9999,-0.056624,2.074955,1.054276,0.9985,-0.472783,2.320959,0.935837,0.8477,-0.068767,2.011490,0.827251,0.9908,-0.517068,2.272613,0.699651,0.8964,-0.055041,2.249242,0.815500,0.9992,-0.236725,2.354549,0.839300,0.9989,-0.183690,2.167416,0.508304,0.9573,-0.302838,2.251909,0.487841,0.4762,-0.164924,2.144693,0.124055,0.9598,-0.253444,2.274637,0.098498,0.5928
136,6.8000,0,-0.466372,2.070867,1.339648,0.9999,-0.450510,2.050630,1.383034,0.9998,-0.492851,2.086742,1.374244,0.9998,-0.402231,2.071877,1.414886,0.9997,-0.482308,2.138727,1.396876,0.9996,-0.198744,2.109825,1.303328,1.0000,-0.472805,2.270309,1.220017,0.9999,-0.051851,2.092585,1.067796,0.9982,-0.477015,2.318441,0.957860,0.7869,-0.066790,2.017475,0.843289,0.9927,-0.525524,2.259601,0.720327,0.8705,-0.072326,2.244891,0.835599,0.9985,-0.255598,2.336504,0.842411,0.9984,-0.181350,2.169379,0.505942,0.9745,-0.303917,2.256125,0.485108,0.5369,-0.162754,2.153590,0.121907,0.9751,-0.251472,2.281917,0.098927,0.7189
137,6.8500,0,-0.444734,2.077101,1.370943,1.0000,-0.426923,2.059068,1.414915,0.9999,-0.471858,2.095641,1.406773,0.9999,-0.378832,2.084697,1.442679,0.9999,-0.463998,2.153319,1.426067,0.9998,-0.179417,2.132504,1.317140,1.0000,-0.467663,2.272290,1.240529,0.9999,-0.045750,2.112371,1.076791,0.9983,-0.480585,2.312376,0.977136,0.7729,-0.061993,2.025739,0.857983,0.9922,-0.533396,2.245966,0.741513,0.8832,-0.087135,2.238988,0.849266,0.9983,-0.272097,2.319545,0.845906,0.9988,-0.179619,2.173766,0.505256,0.9635,-0.302656,2.261127,0.483213,0.5960,-0.158889,2.167720,0.123149,0.9739,-0.247804,2.290509,0.096727,0.7912
138,6.9000,0,-0.422682,2.085806,1.400172,1.0000,-0.402423,2.070606,1.444900,0.9999,-0.450147,2.106043,1.436040,0.9999,-0.354835,2.099977,1.467210,0.9999,-0.445732,2.164525,1.449505,0.9998,-0.161472,2.151191,1.326579,1.0000,-0.462992,2.271899,1.258372,0.9999,-0.039730,2.132743,1.082932,0.9971,-0.482349,2.306988,0.994979,0.7987,-0.057556,2.035269,0.867790,0.9906,-0.537763,2.234923,0.759693,0.8968,-0.096466,2.235725,0.860496,0.9987,-0.283093,2.307066,0.850682,0.9991,-0.176313,2.180945,0.504212,0.9609,-0.302564,2.263115,0.483278,0.6876,-0.157211,2.182538,0.122252,0.9774,-0.246571,2.296461,0.094202,0.8398
139,6.9500,0,-0.401431,2.093137,1.422445,1.0000,-0.378123,2.082093,1.466501,0.9999,-0.428178,2.115464,1.459059,0.9999,-0.330762,2.116040,1.483690,0.9999,-0.426115,2.174663,1.468399,0.9996,-0.144426,2.168597,1.332713,1.0000,-0.457859,2.272125,1.272806,0.9999,-0.033127,2.149260,1.084970,0.9979,-0.482852,2.301235,1.008199,0.8169,-0.050856,2.042360,0.871441,0.9949,-0.540829,2.224315,0.775279,0.9317,-0.101800,2.231175,0.863529,0.9988,-0.291019,2.294450,0.850947,0.9991,-0.172816,2.189719,0.501127,0.9698,-0.301178,2.263974,0.482417,0.7293,-0.155953,2.199899,0.121834,0.9793,-0.245784,2.301711,0.094883,0.8525
140,7.0000,0,-0.379727,2.099645,1.441432,1.0000,-0.354966,2.092146,1.485538,0.9999,-0.405591,2.122864,1.477957,0.9999,-0.307488,2.131088,1.498840,0.9999,-0.404796,2.184543,1.484460,0.9997,-0.126903,2.185291,1.335598,1.0000,-0.449960,2.273966,1.283642,0.9999,-0.026141,2.163270,1.086420,0.9977,-0.481156,2.292413,1.018605,0.7988,-0.042988,2.047052,0.876282,0.9889,-0.540506,2.213601,0.788191,0.8968,-0.105029,2.227628,0.864408,0.9989,-0.295430,2.286362,0.850670,0.9989,-0.168305,2.199100,0.495939,0.9584,-0.299525,2.264587,0.481744,0.7496,-0.154135,2.214072,0.119603,0.9727,-0.245969,2.303748,0.096198,0.8508
141,7.0500,0,-0.357154,2.104370,1.461232,1.0000,-0.330658,2.101768,1.503479,1.0000,-0.382482,2.129297,1.497028,1.0000,-0.283480,2.144112,1.511479,1.0000,-0.383446,2.191473,1.499170,0.9999,-0.110274,2.197921,1.335325,1.0000,-0.441035,2.274627,1.290623,0.9999,-0.018079,2.175286,1.086265,0.9969,-0.478648,2.285685,1.026934,0.8050,-0.033879,2.051861,0.877714,0.9883,-0.538068,2.204667,0.796454,0.8822,-0.107139,2.222727,0.865262,0.9991,-0.297355,2.279101,0.850944,0.9991,-0.162471,2.206896,0.492195,0.9554,-0.295902,2.264532,0.480370,0.7113,-0.152934,2.222255,0.117592,0.9757,-0.243041,2.305332,0.094628,0.8484
142,7.1000,0,-0.333934,2.109687,1.476434,1.0000,-0.307160,2.112066,1.516968,1.0000,-0.359236,2.135857,1.511409,0.9999,-0.261088,2.157432,1.520962,0.9999,-0.362464,2.197358,1.509686,0.9998,-0.096028,2.207905,1.336541,1.0000,-0.430480,2.274224,1.297195,0.9999,-0.009689,2.187685,1.084857,0.9966,-0.473546,2.281457,1.033433,0.8157,-0.022974,2.056167,0.877352,0.9877,-0.533311,2.196269,0.804684,0.8816,-0.108864,2.220982,0.865986,0.9989,-0.299023,2.271412,0.852147,0.9992,-0.156862,2.216974,0.488880,0.9577,-0.296153,2.263674,0.479230,0.7407,-0.149374,2.232453,0.113961,0.9791,-0.244330,2.303644,0.096164,0.8749
143,7.1500,0,-0.311175,2.113611,1.489475,1.0000,-0.285033,2.120236,1.529041,0.9999,-0.336965,2.140747,1.523338,0.9999,-0.241281,2.168871,1.529404,0.9999,-0.343165,2.200562,1.517344,0.9998,-0.082452,2.215093,1.336396,0.9999,-0.420006,2.272168,1.302433,0.9999,-0.001234,2.197902,1.083460,0.9939,-0.466462,2.275954,1.040183,0.7665,-0.010375,2.063359,0.877006,0.9889,-0.525375,2.187565,0.809396,0.8692,-0.109522,2.221029,0.866345,0.9989,-0.299188,2.265765,0.852784,0.9992,-0.151278,2.225867,0.486458,0.9707,-0.296430,2.261539,0.478340,0.8149,-0.147766,2.238040,0.113263,0.9844,-0.245201,2.304646,0.095461,0.9150
144,7.2000,0,-0.291918,2.120482,1.498728,1.0000,-0.265811,2.128798,1.536748,1.0000,-0.318152,2.147610,1.531402,0.9999,-0.223355,2.176676,1.534606,0.9999,-0.326552,2.205046,1.522538,0.9998,-0.070395,2.219888,1.335106,1.0000,-0.410158,2.269649,1.307172,0.9999,0.007748,2.204371,1.081206,0.9953,-0.459544,2.269855,1.045247,0.7650,0.002527,2.067605,0.874679,0.9885,-0.514944,2.177734,0.816287,0.8284,-0.110814,2.218561,0.866689,0.9992,-0.300840,2.257732,0.854178,0.9991,-0.147946,2.228061,0.485265,0.9695,-0.296848,2.257230,0.478208,0.8091,-0.145492,2.243512,0.110943,0.9835,-0.250596,2.301819,0.097015,0.9102
145,7.2500,0,-0.276407,2.123667,1.505081,1.0000,-0.250422,2.133604,1.542448,1.0000,-0.302513,2.150934,1.537385,0.9999,-0.208538,2.182677,1.539102,0.9999,-0.312270,2.207562,1.527173,0.9998,-0.060161,2.226378,1.333440,1.0000,-0.401270,2.268868,1.311503,0.9999,0.015289,2.209209,1.080321,0.9943,-0.452785,2.266265,1.051156,0.7887,0.015294,2.073807,0.873022,0.9863,-0.503554,2.168217,0.823070,0.8743,-0.111532,2.218994,0.867423,0.9994,-0.300675,2.254669,0.855586,0.9992,-0.144010,2.231313,0.484755,0.9717,-0.297315,2.254519,0.479498,0.8594,-0.144195,2.249381,0.110937,0.9837,-0.257012,2.300389,0.098730,0.9347
146,7.3000,0,-0.262554,2.126407,1.512125,1.0000,-0.236663,2.138652,1.548405,0.9999,-0.288911,2.154267,1.543655,0.9999,-0.196717,2.188914,1.542642,1.0000,-0.301271,2.209549,1.531851,0.9998,-0.052932,2.230639,1.331675,1.0000,-0.394442,2.266992,1.314052,0.9998,0.019444,2.211369,1.078759,0.9934,-0.447266,2.261004,1.053654,0.7994,0.024775,2.078736,0.870150,0.9829,-0.492879,2.157115,0.828725,0.8716,-0.112635,2.216953,0.868853,0.9992,-0.300777,2.248343,0.857781,0.9991,-0.139707,2.234223,0.482523,0.9755,-0.298035,2.249426,0.480518,0.8742,-0.142626,2.251980,0.108472,0.9818,-0.264300,2.294405,0.098880,0.9374
147,7.3500,0,-0.252537,2.127425,1.515977,1.0000,-0.226330,2.143489,1.551821,0.9999,-0.278306,2.156900,1.547510,0.9999,-0.188190,2.194690,1.544761,0.9998,-0.292817,2.214136,1.534618,0.9998,-0.048747,2.235831,1.330177,0.9999,-0.390226,2.265151,1.316745,0.9999,0.021392,2.215852,1.077104,0.9879,-0.443875,2.256393,1.056825,0.8239,0.031479,2.083260,0.867850,0.9788,-0.483160,2.144215,0.832425,0.8938,-0.114518,2.214426,0.868946,0.9992,-0.301464,2.240943,0.858606,0.9991,-0.137686,2.234204,0.481541,0.9732,-0.299230,2.245543,0.478790,0.8731,-0.140442,2.252356,0.109649,0.9784,-0.269186,2.287659,0.098307,0.9403
148,7.4000,0,-0.245402,2.129290,1.518694,1.0000,-0.218604,2.147335,1.554290,0.9999,-0.270663,2.159601,1.550309,0.9999,-0.181662,2.198635,1.546320,0.9999,-0.286349,2.217898,1.536755,0.9997,-0.045984,2.239211,1.328665,0.9999,-0.386922,2.263374,1.319621,0.9999,0.022113,2.222201,1.074920,0.9876,-0.441191,2.251385,1.059747,0.8132,0.034463,2.089119,0.865376,0.9797,-0.476019,2.135514,0.836405,0.8877,-0.116184,2.213548,0.869841,0.9991,-0.302223,2.235833,0.859783,0.9992,-0.138513,2.233193,0.482889,0.9643,-0.299662,2.244809,0.478462,0.8388,-0.141152,2.250830,0.110862,0.9708,-0.272542,2.285871,0.094318,0.9373
149,7.4500,0,-0.241732,2.131247,1.522550,0.9999,-0.213700,2.150459,1.557908,0.9999,-0.266424,2.162416,1.553907,0.9999,-0.177367,2.201486,1.548714,0.9998,-0.281703,2.220091,1.540282,0.9996,-0.044185,2.243915,1.327916,0.9999,-0.385714,2.260483,1.322698,0.9999,0.020854,2.227175,1.072783,0.9848,-0.440208,2.250104,1.062332,0.8341,0.034067,2.096319,0.861533,0.9818,-0.471972,2.127966,0.839599,0.8912,-0.117563,2.214716,0.870923,0.9991,-0.304572,2.231906,0.862254,0.9993,-0.140646,2.230648,0.487375,0.9767,-0.301657,2.243639,0.479965,0.8555,-0.142567,2.252992,0.112354,0.9777,-0.275087,2.284726,0.094308,0.9426
150,7.5000,0,-0.240190,2.134933,1.526556,1.0000,-0.211594,2.154167,1.561507,0.9999,-0.265178,2.165715,1.556734,0.9999,-0.175249,2.204443,1.550959,0.9997,-0.280589,2.221091,1.542662,0.9996,-0.044127,2.247428,1.327232,0.9999,-0.385358,2.259680,1.325762,0.9998,0.017694,2.231811,1.071448,0.9791,-0.439890,2.248526,1.065053,0.7852,0.030853,2.105863,0.858612,0.9760,-0.468104,2.124925,0.841943,0.8610,-0.120305,2.214165,0.870821,0.9990,-0.306680,2.230227,0.862494,0.9992,-0.142559,2.229628,0.488052,0.9764,-0.304206,2.244459,0.479046,0.8107,-0.144365,2.255483,0.111885,0.9782,-0.278953,2.281718,0.096154,0.9223
151,7.5500,0,-0.238908,2.137061,1.527822,0.9999,-0.210442,2.156629,1.562211,0.9999,-0.263612,2.167739,1.557587,0.9999,-0.173711,2.208140,1.551840,0.9998,-0.279034,2.221906,1.544033,0.9995,-0.045089,2.248943,1.326065,0.9999,-0.385991,2.258278,1.327520,0.9998,0.013547,2.236271,1.069731,0.9847,-0.439346,2.247376,1.065821,0.7914,0.025626,2.113642,0.855406,0.9840,-0.462994,2.125218,0.842862,0.8632,-0.122736,2.215818,0.869345,0.9992,-0.309067,2.232743,0.861057,0.9992,-0.144063,2.225643,0.487260,0.9776,-0.305532,2.244492,0.476165,0.8368,-0.146094,2.255332,0.111499,0.9814,-0.280834,2.277693,0.096222,0.9397
152,7.6000,0,-0.237105,2.139340,1.528602,0.9999,-0.208631,2.159439,1.562791,0.9999,-0.262004,2.170240,1.559044,0.9999,-0.172350,2.210336,1.551723,0.9997,-0.277841,2.222907,1.544570,0.9995,-0.045424,2.250439,1.325402,0.9999,-0.386913,2.257787,1.328368,0.9998,0.010424,2.239044,1.067513,0.9753,-0.436642,2.246194,1.064805,0.7842,0.019690,2.121079,0.851361,0.9727,-0.457762,2.128214,0.841056,0.8556,-0.124271,2.216496,0.869800,0.9991,-0.310497,2.233482,0.861639,0.9992,-0.145788,2.223560,0.489019,0.9684,-0.307355,2.245284,0.478085,0.8094,-0.148176,2.254544,0.114269,0.9757,-0.282385,2.277827,0.097454,0.9396
153,7.6500,0,-0.236218,2.139958,1.529140,0.9999,-0.207364,2.161039,1.563312,0.9998,-0.260412,2.172405,1.560095,0.9997,-0.171593,2.212059,1.552145,0.9997,-0.275606,2.226140,1.545506,0.9990,-0.045169,2.251347,1.324089,0.9998,-0.387599,2.258645,1.329023,0.9998,0.006975,2.240189,1.064464,0.9672,-0.433526,2.248387,1.063086,0.7722,0.012852,2.129724,0.846193,0.9594,-0.452214,2.134272,0.839545,0.8426,-0.124156,2.215679,0.870701,0.9987,-0.310997,2.231949,0.863202,0.9993,-0.145375,2.227366,0.491952,0.9767,-0.308500,2.247684,0.479364,0.8359,-0.150469,2.257616,0.114674,0.9738,-0.284139,2.277313,0.096668,0.9363
154,7.7000,0,-0.235850,2.142518,1.531476,0.9999,-0.206592,2.164414,1.566129,0.9999,-0.260410,2.174934,1.562273,0.9998,-0.170959,2.214532,1.554043,0.9998,-0.275619,2.228008,1.547034,0.9993,-0.043988,2.252476,1.322796,0.9998,-0.387517,2.258646,1.328223,0.9998,0.003893,2.241947,1.060560,0.9353,-0.429509,2.251853,1.058994,0.7101,0.007358,2.138249,0.841071,0.9058,-0.446205,2.142070,0.835361,0.8074,-0.123547,2.215470,0.870685,0.9992,-0.311277,2.230393,0.862944,0.9991,-0.143374,2.232624,0.489781,0.9746,-0.307970,2.251469,0.478999,0.8637,-0.150454,2.259254,0.113375,0.9796,-0.283952,2.277052,0.096693,0.9447
155,7.7500,0,-0.235115,2.142247,1.531505,0.9999,-0.205640,2.165131,1.565849,0.9997,-0.259445,2.175714,1.562544,0.9997,-0.169981,2.215585,1.554435,0.9997,-0.274719,2.228401,1.547555,0.9987,-0.043192,2.249884,1.322725,0.9998,-0.387851,2.258311,1.326561,0.9997,0.001987,2.242607,1.059030,0.9313,-0.426160,2.255770,1.055498,0.7393,0.004692,2.144258,0.839463,0.8903,-0.440022,2.149730,0.831386,0.8291,-0.123022,2.215264,0.871762,0.9992,-0.311572,2.230838,0.863369,0.9991,-0.141858,2.238098,0.491039,0.9708,-0.306936,2.253766,0.479414,0.8514,-0.150652,2.259228,0.113554,0.9777,-0.284013,2.276671,0.097784,0.9337
156,7.8000,0,-0.235099,2.141844,1.530818,0.9999,-0.205935,2.164052,1.565868,0.9998,-0.259630,2.175144,1.561903,0.9997,-0.169130,2.215600,1.555414,0.9998,-0.274442,2.227407,1.547386,0.9989,-0.041126,2.248841,1.322846,0.9999,-0.385840,2.258407,1.326081,0.9997,0.001333,2.243196,1.058580,0.9696,-0.421626,2.258673,1.052045,0.6437,0.004105,2.143704,0.839287,0.9672,-0.437320,2.157193,0.827215,0.7975,-0.122448,2.216022,0.871791,0.9991,-0.310712,2.232840,0.863005,0.9991,-0.140360,2.245971,0.487499,0.9729,-0.305321,2.255248,0.477333,0.8398,-0.151117,2.264048,0.111131,0.9768,-0.283675,2.280687,0.094261,0.9422
157,7.8500,0,-0.234657,2.141850,1.531768,0.9999,-0.205818,2.163088,1.566992,0.9998,-0.259385,2.174041,1.562026,0.9998,-0.168046,2.215314,1.556770,0.9998,-0.273756,2.226072,1.547557,0.9992,-0.038783,2.248186,1.322418,0.9999,-0.382451,2.258862,1.324956,0.9998,0.002934,2.245162,1.057142,0.9664,-0.417861,2.256914,1.051176,0.6965,0.004158,2.145342,0.838733,0.9613,-0.441280,2.161412,0.824821,0.8163,-0.122273,2.215270,0.872692,0.9993,-0.310635,2.233305,0.863984,0.9992,-0.138945,2.252270,0.487193,0.9786,-0.304273,2.256334,0.476740,0.8605,-0.152475,2.267128,0.111346,0.9851,-0.283116,2.281151,0.095787,0.9452
158,7.9000,0,-0.232696,2.143129,1.531428,0.9999,-0.203564,2.164610,1.566670,0.9999,-0.257100,2.176198,1.562373,0.9999,-0.166145,2.215752,1.557051,0.9998,-0.270775,2.228820,1.548021,0.9995,-0.035530,2.248791,1.322253,0.9998,-0.379709,2.259122,1.324264,0.9998,0.004691,2.246153,1.056163,0.9541,-0.420568,2.248924,1.053541,0.8275,0.004701,2.149674,0.836623,0.9294,-0.458496,2.161097,0.828097,0.8934,-0.119686,2.215760,0.871992,0.9989,-0.308547,2.233940,0.864121,0.9992,-0.137226,2.255419,0.484932,0.9752,-0.301390,2.253793,0.476741,0.8946,-0.153379,2.265345,0.110617,0.9785,-0.282977,2.277942,0.096523,0.9555
159,7.9500,0,-0.228998,2.146873,1.532841,0.9999,-0.199296,2.167487,1.567580,0.9999,-0.253547,2.178354,1.563676,0.9998,-0.162033,2.216983,1.557048,0.9999,-0.267839,2.229918,1.548537,0.9994,-0.032511,2.247565,1.322782,0.9999,-0.376178,2.258179,1.325732,0.9998,0.006458,2.244491,1.057216,0.9816,-0.432967,2.233680,1.064183,0.9177,0.007203,2.149917,0.836743,0.9767,-0.496699,2.154702,0.842510,0.9319,-0.116593,2.214672,0.872088,0.9992,-0.306939,2.232169,0.865553,0.9993,-0.138007,2.256627,0.486763,0.9768,-0.300354,2.253038,0.479211,0.8702,-0.153443,2.268504,0.110633,0.9797,-0.283596,2.274311,0.096968,0.9426
160,8.0000,0,-0.224903,2.145802,1.532445,0.9999,-0.195251,2.166489,1.567018,0.9999,-0.249303,2.178274,1.563261,0.9998,-0.158562,2.215771,1.556423,0.9999,-0.263223,2.231852,1.548553,0.9992,-0.029680,2.246515,1.321711,0.9999,-0.373205,2.255860,1.328067,0.9999,0.008418,2.244520,1.056725,0.9844,-0.460747,2.206230,1.084097,0.9543,0.008914,2.153116,0.834710,0.9808,-0.562237,2.135019,0.877450,0.9618,-0.115229,2.213167,0.871190,0.9994,-0.306263,2.230180,0.865908,0.9994,-0.139097,2.258012,0.486261,0.9744,-0.300281,2.253413,0.480254,0.8999,-0.153804,2.269969,0.110396,0.9787,-0.284357,2.272586,0.096621,0.9527
161,8.0500,0,-0.220686,2.144729,1.532414,0.9999,-0.191211,2.165037,1.567131,0.9998,-0.245383,2.178012,1.562771,0.9996,-0.154866,2.213700,1.556332,0.9998,-0.259592,2.233021,1.548909,0.9985,-0.027652,2.244709,1.320455,0.9999,-0.370564,2.252638,1.332659,0.9997,0.009021,2.246033,1.057264,0.9623,-0.495167,2.188642,1.120537,0.9606,0.010088,2.161125,0.832608,0.9637,-0.562237,2.135019,0.877450,0.0000,-0.113648,2.209851,0.870520,0.9990,-0.305259,2.224768,0.866001,0.9993,-0.139480,2.256798,0.487412,0.9702,-0.299543,2.252377,0.478882,0.9025,-0.154238,2.269872,0.109056,0.9760,-0.283988,2.272548,0.095159,0.9537
162,8.1000,0,-0.217850,2.140742,1.531026,0.9998,-0.188981,2.160924,1.565934,0.9997,-0.241401,2.175476,1.561906,0.9992,-0.151439,2.210794,1.555815,0.9998,-0.255113,2.233669,1.549318,0.9975,-0.026104,2.242347,1.319448,0.9999,-0.366000,2.251414,1.341065,0.9995,0.010439,2.246365,1.056006,0.9806,-0.528410,2.189425,1.171786,0.9663,0.011776,2.166474,0.828300,0.9830,-0.562237,2.135019,0.877450,0.0000,-0.112996,2.206945,0.870789,0.9988,-0.303363,2.220479,0.867955,0.9990,-0.140787,2.256263,0.485693,0.9632,-0.299125,2.252214,0.479860,0.8999,-0.154898,2.270708,0.109302,0.9708,-0.284455,2.272171,0.095999,0.9578
163,8.1500,0,-0.215051,2.139979,1.530489,0.9998,-0.185179,2.159681,1.565989,0.9996,-0.238503,2.176145,1.562500,0.9991,-0.147025,2.208437,1.555559,0.9997,-0.251220,2.234778,1.549932,0.9968,-0.023988,2.238929,1.317745,0.9997,-0.361954,2.252354,1.349865,0.9990,0.011778,2.246824,1.053498,0.9782,-0.551118,2.187240,1.244479,0.9822,0.013407,2.172277,0.824476,0.9806,-0.562237,2.135019,0.877450,0.0000,-0.113687,2.206385,0.871238,0.9986,-0.303471,2.217877,0.868825,0.9991,-0.142746,2.254557,0.486341,0.9721,-0.297579,2.253616,0.476033,0.8761,-0.156388,2.271899,0.109436,0.9737,-0.284579,2.273633,0.093951,0.9348
164,8.2000,0,-0.212453,2.139216,1.531476,0.9999,-0.182146,2.159526,1.566177,0.9998,-0.235709,2.176067,1.563872,0.9996,-0.144343,2.207672,1.555644,0.9999,-0.248508,2.235078,1.551276,0.9986,-0.023009,2.237007,1.316947,0.9996,-0.359351,2.251894,1.358831,0.9993,0.012254,2.247101,1.049985,0.9632,-0.562522,2.193703,1.326206,0.9889,0.011937,2.174510,0.820398,0.9708,-0.562237,2.135019,0.877450,0.0000,-0.112645,2.205090,0.870061,0.9990,-0.302279,2.215351,0.867506,0.9994,-0.143549,2.255765,0.485165,0.9829,-0.296802,2.256007,0.474196,0.9346,-0.157083,2.273173,0.107435,0.9799,-0.284151,2.275243,0.091223,0.9607
165,8.2500,0,-0.211354,2.137163,1.530893,0.9999,-0.181179,2.157739,1.565043,0.9999,-0.234714,2.174040,1.563822,0.9997,-0.143236,2.206987,1.554672,0.9998,-0.247782,2.234803,1.551816,0.9991,-0.022403,2.234678,1.315809,0.9997,-0.357273,2.251231,1.368868,0.9995,0.012743,2.248283,1.046564,0.9663,-0.557728,2.201777,1.412595,0.9927,0.010245,2.177323,0.816510,0.9658,-0.562237,2.135019,0.877450,0.0000,-0.112769,2.203820,0.872470,0.9994,-0.301733,2.213520,0.869864,0.9996,-0.144415,2.252799,0.487875,0.9645,-0.297127,2.255972,0.475777,0.9182,-0.156341,2.273468,0.106816,0.9684,-0.282497,2.272558,0.090879,0.9581
166,8.3000,0,-0.210075,2.140792,1.529347,1.0000,-0.179945,2.160924,1.563320,0.9999,-0.234325,2.175103,1.562329,0.9999,-0.142985,2.209047,1.553135,0.9998,-0.248372,2.233657,1.550256,0.9996,-0.022158,2.233215,1.314758,0.9998,-0.355562,2.253188,1.374906,0.9997,0.012990,2.248272,1.044243,0.9738,-0.541909,2.217666,1.483819,0.9923,0.008268,2.184437,0.810995,0.9759,-0.569905,2.184363,1.344942,0.9904,-0.113468,2.201072,0.873227,0.9996,-0.300884,2.210613,0.870543,0.9997,-0.145275,2.249542,0.489332,0.9562,-0.296950,2.255271,0.475476,0.9671,-0.156570,2.272826,0.108803,0.9655,-0.281804,2.271931,0.089744,0.9853
167,8.3500,0,-0.208936,2.142922,1.531834,0.9998,-0.178952,2.164922,1.565636,0.9996,-0.232571,2.175172,1.564224,0.9995,-0.143152,2.214821,1.554006,0.9992,-0.247547,2.234027,1.551013,0.9991,-0.023694,2.236842,1.315322,0.9995,-0.352966,2.253964,1.378934,0.9992,0.010981,2.248187,1.046859,0.9623,-0.521907,2.226031,1.535221,0.9943,0.003360,2.187457,0.812781,0.9416,-0.539308,2.219093,1.632242,0.9937,-0.114868,2.200087,0.874400,0.9995,-0.302149,2.208466,0.871680,0.9998,-0.147178,2.247484,0.490003,0.9691,-0.298035,2.255322,0.474776,0.9683,-0.157774,2.272382,0.107596,0.9747,-0.282632,2.272628,0.087629,0.9840
168,8.4000,0,-0.209519,2.146695,1.531548,0.9998,-0.179573,2.168428,1.565225,0.9997,-0.233646,2.176899,1.564131,0.9996,-0.143739,2.216607,1.552886,0.9993,-0.249066,2.235667,1.550475,0.9991,-0.025122,2.239535,1.314925,0.9994,-0.349656,2.256783,1.381692,0.9989,0.008527,2.247213,1.046781,0.9672,-0.493855,2.232045,1.572655,0.9906,-0.000700,2.191093,0.812413,0.9462,-0.499172,2.231437,1.770561,0.9899,-0.116614,2.201020,0.876190,0.9995,-0.302957,2.210288,0.873687,0.9998,-0.148326,2.249542,0.489269,0.9634,-0.300078,2.254998,0.476707,0.9793,-0.159172,2.275767,0.107168,0.9719,-0.283831,2.271477,0.088711,0.9834
169,8.4500,0,-0.210546,2.149371,1.529838,0.9994,-0.180704,2.171843,1.563810,0.9991,-0.235460,2.177430,1.562847,0.9987,-0.145079,2.219162,1.550345,0.9983,-0.251681,2.234631,1.549353,0.9981,-0.027608,2.240431,1.315415,0.9991,-0.345680,2.259064,1.382988,0.9987,0.005434,2.246363,1.048471,0.9378,-0.460009,2.227351,1.600325,0.9905,-0.003677,2.191788,0.814488,0.8846,-0.442660,2.225935,1.838760,0.9881,-0.118478,2.198661,0.879682,0.9996,-0.303378,2.210136,0.877406,0.9997,-0.150836,2.246681,0.491567,0.9581,-0.301510,2.254608,0.478599,0.9710,-0.160487,2.274429,0.108255,0.9702,-0.283971,2.273186,0.087649,0.9823
170,8.5000,0,-0.210292,2.156475,1.530451,0.9993,-0.180510,2.179252,1.563610,0.9987,-0.236161,2.180619,1.563076,0.9984,-0.146139,2.225181,1.549905,0.9975,-0.253497,2.234293,1.549508,0.9976,-0.030776,2.241253,1.317413,0.9990,-0.343637,2.262320,1.384195,0.9989,0.002655,2.245739,1.048666,0.9248,-0.430111,2.218307,1.610544,0.9951,-0.006090,2.192115,0.814606,0.8921,-0.380803,2.217246,1.861077,0.9890,-0.120441,2.196963,0.881129,0.9996,-0.304521,2.207653,0.878314,0.9997,-0.151654,2.246593,0.490059,0.9447,-0.301142,2.251323,0.479450,0.9691,-0.160659,2.271415,0.108157,0.9595,-0.283540,2.272556,0.088042,0.9760
171,8.5500,0,-0.211586,2.161143,1.530290,0.9988,-0.181474,2.183115,1.562664,0.9977,-0.236619,2.184276,1.562879,0.9965,-0.146912,2.230271,1.548935,0.9961,-0.253606,2.235981,1.549203,0.9952,-0.030944,2.241790,1.317750,0.9993,-0.342195,2.266723,1.386701,0.9990,0.002594,2.244602,1.049005,0.9565,-0.402939,2.211875,1.614662,0.9942,-0.006814,2.190229,0.814001,0.9436,-0.323614,2.204291,1.867045,0.9898,-0.122509,2.194939,0.880065,0.9997,-0.306363,2.205689,0.877563,0.9998,-0.151648,2.247371,0.487202,0.9394,-0.302320,2.251308,0.477729,0.9601,-0.162714,2.272620,0.105460,0.9436,-0.285020,2.272325,0.088162,0.9632
172,8.6000,0,-0.211845,2.167244,1.530245,0.9992,-0.181521,2.188866,1.562068,0.9987,-0.236834,2.189893,1.562887,0.9981,-0.146932,2.237062,1.548184,0.9976,-0.254813,2.241348,1.549094,0.9974,-0.032358,2.246925,1.317797,0.9992,-0.341360,2.268934,1.387247,0.9988,0.001483,2.246641,1.050045,0.9239,-0.380238,2.203022,1.618582,0.9951,-0.008082,2.191656,0.816081,0.8909,-0.278711,2.181763,1.867819,0.9892,-0.123785,2.195029,0.881530,0.9997,-0.307150,2.204776,0.879032,0.9998,-0.151480,2.248851,0.485653,0.9306,-0.301344,2.252318,0.478233,0.9676,-0.162605,2.277308,0.102615,0.9629,-0.284496,2.274183,0.087113,0.9769
173,8.6500,0,-0.211307,2.171388,1.530463,0.9993,-0.180957,2.193136,1.561876,0.9987,-0.235980,2.193848,1.562594,0.9981,-0.146687,2.243456,1.547591,0.9977,-0.254748,2.246680,1.548658,0.9974,-0.032166,2.251351,1.317158,0.9993,-0.340387,2.271876,1.387176,0.9990,0.001677,2.246662,1.050125,0.9334,-0.367594,2.197546,1.619311,0.9956,-0.007546,2.190652,0.816825,0.9124,-0.263182,2.169404,1.869025,0.9921,-0.123517,2.192795,0.882445,0.9997,-0.306900,2.201750,0.879896,0.9998,-0.150475,2.249282,0.483895,0.9320,-0.300640,2.251986,0.477812,0.9609,-0.163477,2.280472,0.101334,0.9562,-0.284493,2.274245,0.085892,0.9715
174,8.7000,0,-0.210851,2.174585,1.529198,0.9991,-0.180497,2.197223,1.560477,0.9983,-0.235576,2.195857,1.560934,0.9979,-0.146603,2.246502,1.545439,0.9969,-0.255260,2.247145,1.547446,0.9973,-0.032253,2.255411,1.317807,0.9990,-0.339007,2.273475,1.388085,0.9990,0.001241,2.250464,1.050116,0.9185,-0.363023,2.196250,1.623342,0.9913,-0.007330,2.193781,0.816606,0.8823,-0.270071,2.162183,1.870622,0.9899,-0.122377,2.190669,0.883029,0.9996,-0.305715,2.199641,0.880142,0.9997,-0.150783,2.247835,0.484806,0.9541,-0.300607,2.251367,0.478216,0.9677,-0.164357,2.280854,0.101611,0.9660,-0.284324,2.276928,0.084420,0.9778
175,8.7500,0,-0.208072,2.178190,1.526929,0.9998,-0.178394,2.200830,1.558641,0.9997,-0.233564,2.198919,1.558499,0.9996,-0.144694,2.248607,1.543850,0.9993,-0.253347,2.251077,1.545152,0.9993,-0.030482,2.258190,1.316187,0.9988,-0.336243,2.273134,1.386497,0.9983,0.001693,2.252770,1.047724,0.9115,-0.366027,2.196745,1.621917,0.9917,-0.007850,2.196645,0.815362,0.8644,-0.288176,2.157027,1.872702,0.9898,-0.121119,2.191347,0.882140,0.9995,-0.304623,2.199684,0.879460,0.9997,-0.150191,2.248223,0.481867,0.9714,-0.300790,2.251524,0.476984,0.9841,-0.163604,2.277669,0.101869,0.9797,-0.284911,2.276851,0.084641,0.9884
176,8.8000,0,-0.207377,2.184214,1.526594,0.9998,-0.177734,2.206967,1.558479,0.9997,-0.232864,2.206895,1.558013,0.9996,-0.143196,2.253211,1.543391,0.9992,-0.250859,2.258237,1.544028,0.9993,-0.028189,2.260606,1.314574,0.9988,-0.334182,2.272780,1.385254,0.9989,0.003258,2.254340,1.043975,0.9442,-0.375566,2.201605,1.620629,0.9915,-0.006512,2.197316,0.812806,0.9001,-0.318135,2.147067,1.872321,0.9913,-0.118882,2.189668,0.880747,0.9995,-0.302288,2.199455,0.878556,0.9998,-0.147542,2.247411,0.480823,0.9711,-0.299609,2.250398,0.477417,0.9754,-0.162883,2.274143,0.102709,0.9824,-0.285430,2.274728,0.086211,0.9887
177,8.8500,0,-0.205483,2.185381,1.525540,0.9999,-0.176099,2.208426,1.557683,0.9998,-0.230906,2.210384,1.556758,0.9997,-0.140971,2.255643,1.543266,0.9994,-0.248997,2.263514,1.542278,0.9994,-0.026139,2.263558,1.312795,0.9991,-0.332932,2.273481,1.383343,0.9987,0.005802,2.257198,1.042408,0.9449,-0.391424,2.204168,1.613934,0.9906,-0.003547,2.199437,0.812468,0.9062,-0.361549,2.143222,1.865135,0.9853,-0.117200,2.188724,0.879673,0.9993,-0.299952,2.198372,0.877864,0.9997,-0.145413,2.249004,0.481329,0.9756,-0.297240,2.252525,0.475951,0.9746,-0.160821,2.273921,0.104820,0.9840,-0.283643,2.278621,0.084818,0.9901
178,8.9000,0,-0.203683,2.183067,1.524805,0.9999,-0.174964,2.207059,1.557201,0.9998,-0.228343,2.210540,1.556339,0.9998,-0.139804,2.257044,1.543176,0.9997,-0.245818,2.266356,1.541418,0.9996,-0.023851,2.266774,1.311373,0.9995,-0.332494,2.274788,1.382289,0.9994,0.009783,2.259912,1.041276,0.9572,-0.411540,2.207702,1.608586,0.9904,0.000605,2.198858,0.812548,0.9315,-0.424487,2.140365,1.860747,0.9901,-0.114491,2.188283,0.878125,0.9995,-0.297072,2.197206,0.876612,0.9997,-0.142146,2.251030,0.480688,0.9714,-0.295383,2.253931,0.474232,0.9784,-0.159337,2.275236,0.104780,0.9839,-0.282932,2.280753,0.082981,0.9903
179,8.9500,0,-0.202760,2.181941,1.525599,1.0000,-0.173937,2.206080,1.557844,0.9999,-0.226744,2.211412,1.556949,0.9999,-0.138156,2.255937,1.543413,0.9998,-0.242356,2.266130,1.541357,0.9997,-0.020619,2.267475,1.309919,0.9997,-0.333075,2.276132,1.382349,0.9995,0.014246,2.259795,1.041050,0.9775,-0.438278,2.211530,1.598792,0.9905,0.004519,2.199497,0.811144,0.9638,-0.499763,2.127157,1.840140,0.9872,-0.111450,2.187809,0.877301,0.9995,-0.294727,2.197276,0.875381,0.9997,-0.140126,2.251689,0.480599,0.9689,-0.294815,2.254287,0.473011,0.9448,-0.158451,2.277920,0.104637,0.9760,-0.281432,2.283998,0.081699,0.9721
180,9.0000,0,-0.202073,2.180763,1.523038,0.9999,-0.173507,2.204241,1.555983,0.9998,-0.225544,2.213650,1.554737,0.9997,-0.136071,2.255769,1.542698,0.9999,-0.239936,2.270286,1.539566,0.9990,-0.015560,2.264930,1.310243,0.9997,-0.332747,2.274545,1.380617,0.9995,0.018101,2.262280,1.039570,0.9710,-0.470854,2.209547,1.582144,0.9859,0.007662,2.200732,0.808985,0.9671,-0.574271,2.121853,1.794705,0.9805,-0.107672,2.184613,0.876457,0.9990,-0.291316,2.196944,0.873647,0.9995,-0.138417,2.250230,0.481105,0.9551,-0.292518,2.253612,0.471797,0.8753,-0.158687,2.279863,0.105075,0.9723,-0.278697,2.284947,0.081558,0.9414
181,9.0500,0,-0.200346,2.181187,1.524096,0.9999,-0.171154,2.206245,1.556542,0.9997,-0.223143,2.216244,1.555422,0.9994,-0.133529,2.257904,1.543344,0.9996,-0.236222,2.274772,1.540792,0.9985,-0.011713,2.261932,1.309797,0.9995,-0.332064,2.275778,1.379455,0.9992,0.021434,2.263987,1.038822,0.9710,-0.501562,2.210116,1.555273,0.9780,0.012097,2.200289,0.808022,0.9568,-0.652798,2.133772,1.734064,0.9755,-0.105093,2.182622,0.875691,0.9982,-0.288857,2.196829,0.872536,0.9992,-0.135799,2.252202,0.479537,0.9731,-0.290889,2.254163,0.471595,0.9202,-0.156874,2.277180,0.104974,0.9753,-0.277528,2.284039,0.080499,0.9689
182,9.1000,0,-0.197402,2.177081,1.522974,0.9999,-0.168695,2.202509,1.555816,0.9997,-0.219806,2.214485,1.555152,0.9994,-0.131514,2.255463,1.543008,0.9998,-0.233044,2.276457,1.540983,0.9983,-0.008833,2.262066,1.307999,0.9995,-0.331850,2.275643,1.375578,0.9993,0.024634,2.266276,1.038942,0.9516,-0.524982,2.205745,1.512970,0.9739,0.014856,2.198403,0.809246,0.9513,-0.716410,2.128688,1.646406,0.9690,-0.101498,2.182673,0.871659,0.9985,-0.286414,2.196875,0.868956,0.9989,-0.134840,2.250950,0.479781,0.9718,-0.289718,2.253831,0.471477,0.9307,-0.155634,2.273746,0.105841,0.9770,-0.278453,2.280369,0.083699,0.9655
183,9.1500,0,-0.194873,2.175491,1.522288,0.9997,-0.166716,2.201180,1.555487,0.9995,-0.217465,2.212969,1.554290,0.9988,-0.129494,2.253017,1.543073,0.9997,-0.229914,2.272265,1.540330,0.9960,-0.006651,2.261739,1.307763,0.9997,-0.332102,2.274266,1.371196,0.9992,0.027978,2.266395,1.040164,0.9605,-0.545516,2.204082,1.460860,0.9662,0.018788,2.194366,0.812252,0.9680,-0.762751,2.122631,1.543523,0.9664,-0.097755,2.184626,0.870255,0.9985,-0.283501,2.198351,0.868352,0.9986,-0.134070,2.251394,0.482019,0.9718,-0.288863,2.253389,0.474082,0.9044,-0.155627,2.273619,0.105662,0.9781,-0.280469,2.275925,0.085482,0.9577
184,9.2000,0,-0.193011,2.174822,1.521739,0.9998,-0.165674,2.200383,1.555327,0.9997,-0.216255,2.213118,1.553663,0.9992,-0.128306,2.251390,1.543349,0.9997,-0.228315,2.272026,1.539281,0.9974,-0.005422,2.258892,1.308796,0.9996,-0.333528,2.274230,1.364788,0.9994,0.029851,2.265363,1.041606,0.9547,-0.559650,2.202331,1.402698,0.9530,0.021329,2.192445,0.814582,0.9700,-0.795206,2.116192,1.428585,0.9571,-0.094735,2.185272,0.868649,0.9989,-0.281211,2.199466,0.866547,0.9988,-0.132596,2.249971,0.482691,0.9675,-0.287312,2.252343,0.475365,0.8726,-0.154808,2.273223,0.106100,0.9755,-0.281118,2.276230,0.087418,0.9501
185,9.2500,0,-0.190996,2.175029,1.522883,0.9998,-0.163344,2.199680,1.556534,0.9997,-0.215646,2.213231,1.554230,0.9994,-0.126196,2.248362,1.544096,0.9995,-0.228596,2.272168,1.539363,0.9979,-0.003987,2.259436,1.308864,0.9996,-0.333901,2.271947,1.359230,0.9995,0.030861,2.267276,1.045266,0.9304,-0.564681,2.201265,1.343415,0.9232,0.023354,2.192326,0.819081,0.9467,-0.795206,2.116192,1.428585,0.0000,-0.093033,2.187223,0.869408,0.9986,-0.280260,2.201285,0.868163,0.9987,-0.131732,2.250701,0.485243,0.9615,-0.285940,2.251915,0.478511,0.8754,-0.153107,2.272093,0.107108,0.9724,-0.281760,2.273572,0.090268,0.9473
186,9.3000,0,-0.189124,2.174565,1.522852,0.9999,-0.161507,2.200269,1.556278,0.9998,-0.213761,2.210758,1.553785,0.9996,-0.125568,2.248758,1.543965,0.9998,-0.228445,2.270778,1.539408,0.9989,-0.002671,2.259715,1.308153,0.9998,-0.335689,2.271609,1.354243,0.9997,0.032324,2.268022,1.047176,0.9446,-0.559620,2.204289,1.284169,0.9184,0.025692,2.189292,0.823057,0.9558,-0.782981,2.117681,1.258831,0.9204,-0.090418,2.188033,0.868964,0.9985,-0.278939,2.202636,0.868475,0.9989,-0.131406,2.248908,0.484694,0.9591,-0.285532,2.250755,0.480493,0.8913,-0.153226,2.269853,0.107713,0.9744,-0.283483,2.272122,0.091609,0.9535
187,9.3500,0,-0.188121,2.177880,1.523299,0.9999,-0.159912,2.203135,1.556414,0.9998,-0.213004,2.212192,1.553782,0.9998,-0.124511,2.249853,1.544175,0.9998,-0.229057,2.270040,1.539559,0.9993,-0.001701,2.258852,1.308978,0.9999,-0.336462,2.269179,1.349135,0.9999,0.032094,2.267550,1.048797,0.9869,-0.542562,2.216721,1.230248,0.9289,0.026662,2.187557,0.825367,0.9805,-0.746865,2.135913,1.123908,0.9335,-0.089066,2.189393,0.867486,0.9989,-0.277878,2.204103,0.866857,0.9991,-0.131403,2.248902,0.483754,0.9525,-0.286394,2.253787,0.480394,0.8058,-0.152746,2.269677,0.107844,0.9693,-0.284017,2.271801,0.093308,0.9198
188,9.4000,0,-0.187674,2.178394,1.523776,1.0000,-0.159083,2.202774,1.556825,0.9999,-0.212937,2.212420,1.554186,0.9999,-0.123790,2.249376,1.544519,0.9998,-0.229183,2.269320,1.539401,0.9995,0.000064,2.260537,1.309756,0.9999,-0.337199,2.269377,1.343841,0.9999,0.032800,2.269743,1.048989,0.9725,-0.519526,2.227453,1.184197,0.9252,0.026911,2.187623,0.826745,0.9686,-0.700868,2.166424,1.024093,0.9234,-0.088681,2.191850,0.866257,0.9989,-0.279484,2.207511,0.865292,0.9995,-0.130796,2.251842,0.485286,0.9753,-0.287671,2.255308,0.481066,0.8804,-0.153696,2.271882,0.108696,0.9763,-0.285730,2.270912,0.093666,0.9424
189,9.4500,0,-0.187842,2.181371,1.523945,0.9999,-0.158878,2.204216,1.556436,0.9998,-0.213348,2.213065,1.553668,0.9997,-0.124067,2.249166,1.544011,0.9997,-0.229743,2.267102,1.539016,0.9991,0.000551,2.261312,1.310712,0.9999,-0.338827,2.269254,1.337731,0.9998,0.033378,2.270374,1.048569,0.9734,-0.492749,2.236431,1.143630,0.8405,0.028608,2.188231,0.827690,0.9577,-0.642766,2.186953,0.947082,0.8619,-0.088210,2.192196,0.865461,0.9988,-0.278719,2.210373,0.863956,0.9989,-0.129475,2.252090,0.483418,0.9609,-0.287363,2.256323,0.480804,0.8153,-0.154976,2.271249,0.109236,0.9740,-0.284688,2.274616,0.092959,0.9191
190,9.5000,0,-0.190088,2.180852,1.523014,0.9999,-0.160640,2.202533,1.556119,0.9999,-0.215654,2.212611,1.553306,0.9999,-0.125541,2.247254,1.543771,0.9998,-0.231456,2.265415,1.538097,0.9996,0.000117,2.261351,1.310745,0.9999,-0.340864,2.270840,1.330976,0.9998,0.033677,2.269493,1.047974,0.9389,-0.465154,2.248323,1.109556,0.7854,0.028826,2.186369,0.829173,0.9400,-0.580097,2.202267,0.891515,0.8192,-0.088739,2.193150,0.863468,0.9992,-0.279138,2.211285,0.861408,0.9991,-0.127699,2.253002,0.481440,0.9717,-0.286656,2.255396,0.480341,0.8553,-0.155401,2.270796,0.107523,0.9804,-0.284899,2.275353,0.093682,0.9303
191,9.5500,0,-0.193121,2.181116,1.522367,0.9999,-0.163204,2.202242,1.555139,0.9997,-0.217829,2.212944,1.552938,0.9997,-0.127848,2.247022,1.543065,0.9997,-0.232488,2.265535,1.538053,0.9990,-0.001336,2.262006,1.310559,0.9998,-0.343416,2.272635,1.326553,0.9998,0.034102,2.267964,1.047282,0.9597,-0.438234,2.252079,1.084191,0.7684,0.029432,2.183722,0.830392,0.9498,-0.521556,2.206969,0.858251,0.8024,-0.089733,2.193683,0.864347,0.9989,-0.280025,2.211220,0.861823,0.9990,-0.126469,2.254662,0.480852,0.9697,-0.286836,2.256035,0.479611,0.8665,-0.156820,2.269851,0.107495,0.9804,-0.285897,2.274318,0.094025,0.9405
192,9.6000,0,-0.194913,2.179714,1.521699,0.9999,-0.164688,2.201192,1.555125,0.9999,-0.219718,2.210723,1.552432,0.9999,-0.129252,2.246018,1.542980,0.9999,-0.234217,2.262137,1.537474,0.9994,-0.002261,2.262213,1.310591,0.9999,-0.346049,2.274326,1.324423,0.9998,0.033592,2.266338,1.047019,0.9633,-0.416613,2.250577,1.070067,0.7362,0.028519,2.180425,0.830506,0.9680,-0.475374,2.201721,0.847029,0.7657,-0.090966,2.194664,0.865537,0.9994,-0.281215,2.210928,0.862773,0.9993,-0.126362,2.253843,0.484479,0.9740,-0.286071,2.256317,0.480422,0.8822,-0.156755,2.269633,0.107792,0.9801,-0.285880,2.274722,0.093464,0.9419
193,9.6500,0,-0.196931,2.178670,1.521014,0.9999,-0.166574,2.200552,1.555086,0.9999,-0.221797,2.209575,1.551904,0.9999,-0.130659,2.245780,1.543095,0.9997,-0.235772,2.260310,1.536891,0.9995,-0.003113,2.260848,1.311206,0.9997,-0.347309,2.276780,1.322645,0.9998,0.032552,2.265237,1.046506,0.9157,-0.402234,2.247157,1.060628,0.7284,0.027239,2.179583,0.829268,0.8918,-0.449745,2.188950,0.837408,0.7812,-0.092388,2.197463,0.866155,0.9989,-0.281760,2.212608,0.862956,0.9992,-0.126034,2.253559,0.485855,0.9636,-0.287428,2.258678,0.481583,0.8680,-0.156195,2.270235,0.107836,0.9708,-0.286591,2.274117,0.091888,0.9371
194,9.7000,0,-0.198419,2.179526,1.521898,0.9999,-0.168515,2.200434,1.556013,0.9999,-0.223100,2.210428,1.552798,0.9999,-0.132262,2.244819,1.543713,0.9997,-0.236745,2.260746,1.537049,0.9996,-0.002778,2.261027,1.311868,0.9998,-0.348567,2.277571,1.320958,0.9998,0.031745,2.263195,1.046838,0.9290,-0.398876,2.239488,1.058293,0.8180,0.026611,2.178853,0.830173,0.9093,-0.446442,2.171010,0.832948,0.8334,-0.092576,2.201034,0.865546,0.9989,-0.282116,2.216527,0.862163,0.9992,-0.126162,2.253967,0.483760,0.9695,-0.287656,2.260608,0.479004,0.8979,-0.156253,2.269779,0.108136,0.9712,-0.286020,2.274489,0.091089,0.9513
195,9.7500,0,-0.198684,2.179874,1.522774,0.9999,-0.169132,2.200494,1.556945,0.9998,-0.223383,2.211689,1.553831,0.9998,-0.133243,2.245554,1.544809,0.9998,-0.236615,2.262594,1.538235,0.9994,-0.002618,2.261777,1.313262,0.9999,-0.349021,2.277790,1.321766,0.9999,0.031478,2.262441,1.048211,0.9611,-0.406994,2.228987,1.062919,0.9065,0.026809,2.177556,0.832495,0.9678,-0.466941,2.155771,0.841228,0.9206,-0.092244,2.200742,0.865532,0.9991,-0.283350,2.216543,0.862208,0.9992,-0.126827,2.254839,0.483093,0.9679,-0.287655,2.260330,0.479640,0.8825,-0.157591,2.271294,0.107348,0.9750,-0.284962,2.275815,0.093209,0.9415
196,9.8000,0,-0.197304,2.179712,1.523730,0.9999,-0.167898,2.200582,1.557544,0.9998,-0.222533,2.211440,1.554397,0.9997,-0.132200,2.245847,1.545548,0.9998,-0.236439,2.261899,1.538837,0.9991,-0.001890,2.261750,1.313216,0.9999,-0.348879,2.273957,1.322646,0.9998,0.029607,2.261945,1.049631,0.9551,-0.423796,2.217021,1.075059,0.9212,0.025218,2.177844,0.834741,0.9509,-0.502413,2.140279,0.862891,0.9153,-0.091279,2.200593,0.865863,0.9988,-0.282790,2.217663,0.862907,0.9991,-0.127785,2.255354,0.482266,0.9625,-0.287134,2.259673,0.480338,0.8519,-0.156724,2.272714,0.107351,0.9757,-0.284940,2.274088,0.094179,0.9393
197,9.8500,0,-0.197033,2.176040,1.522780,0.9999,-0.167890,2.197990,1.556931,0.9997,-0.221810,2.208723,1.554211,0.9995,-0.131965,2.243725,1.545558,0.9997,-0.236326,2.262983,1.539049,0.9985,-0.002050,2.259916,1.312887,0.9998,-0.348997,2.271191,1.324652,0.9997,0.027350,2.260926,1.050771,0.9786,-0.451351,2.198608,1.095653,0.9406,0.024589,2.177081,0.835366,0.9738,-0.558300,2.115405,0.898036,0.9422,-0.090125,2.198770,0.864400,0.9984,-0.282183,2.217583,0.861735,0.9986,-0.130638,2.252367,0.481111,0.9263,-0.287327,2.260072,0.479743,0.8000,-0.157428,2.271236,0.107325,0.9492,-0.284288,2.274835,0.094510,0.9067
198,9.9000,0,-0.197447,2.173472,1.523062,0.9999,-0.168398,2.194907,1.556944,0.9997,-0.221913,2.206597,1.554241,0.9994,-0.131830,2.240079,1.545585,0.9997,-0.235911,2.262778,1.539752,0.9981,-0.002283,2.258021,1.312339,0.9998,-0.349270,2.267405,1.328804,0.9996,0.026296,2.262118,1.051508,0.9584,-0.484084,2.183648,1.128141,0.9420,0.022961,2.181257,0.833714,0.9596,-0.630735,2.096486,0.959286,0.9457,-0.090569,2.196047,0.865679,0.9990,-0.283266,2.213188,0.863419,0.9991,-0.130579,2.251189,0.482880,0.9707,-0.287445,2.257431,0.479975,0.9093,-0.156297,2.270009,0.107931,0.9752,-0.284552,2.275126,0.094217,0.9612
199,9.9500,0,-0.196564,2.169952,1.523697,0.9998,-0.167462,2.192160,1.557815,0.9997,-0.220759,2.203707,1.554911,0.9992,-0.130794,2.237589,1.546428,0.9997,-0.234957,2.262947,1.540619,0.9974,-0.002130,2.256833,1.311379,0.9997,-0.347958,2.266167,1.334987,0.9995,0.025527,2.261019,1.050835,0.9592,-0.515694,2.186162,1.173823,0.9633,0.020582,2.182586,0.831772,0.9617,-0.630735,2.096486,0.959286,0.0000,-0.090842,2.196318,0.865686,0.9988,-0.283797,2.213415,0.864229,0.9990,-0.131643,2.253012,0.484474,0.9736,-0.287892,2.257115,0.481109,0.9158,-0.155147,2.270401,0.108130,0.9817,-0.285596,2.271638,0.095377,0.9635
200,10.0000,0,-0.196441,2.169331,1.525618,0.9998,-0.166595,2.190719,1.559589,0.9996,-0.220480,2.205144,1.557165,0.9990,-0.129142,2.235421,1.547753,0.9996,-0.233740,2.263288,1.542371,0.9966,-0.002781,2.254615,1.311226,0.9995,-0.344806,2.266833,1.343126,0.9991,0.025079,2.260298,1.049172,0.9434,-0.538413,2.190931,1.236307,0.9725,0.017859,2.182237,0.828583,0.9572,-0.630735,2.096486,0.959286,0.0000,-0.092687,2.194705,0.866065,0.9985,-0.284713,2.210044,0.864826,0.9989,-0.132654,2.252365,0.485940,0.9694,-0.288929,2.254644,0.480425,0.9202,-0.155070,2.270744,0.109851,0.9781,-0.287173,2.269673,0.095309,0.9644
201,10.0500,0,-0.194840,2.165967,1.527435,0.9999,-0.164608,2.189289,1.560783,0.9997,-0.217855,2.203188,1.558810,0.9994,-0.126421,2.234320,1.548152,0.9998,-0.229707,2.261193,1.544154,0.9979,-0.002560,2.252887,1.310707,0.9997,-0.341702,2.266040,1.351685,0.9992,0.025194,2.259466,1.047236,0.9656,-0.549462,2.196486,1.307800,0.9845,0.015835,2.183036,0.824807,0.9740,-0.630735,2.096486,0.959286,0.0000,-0.095820,2.193836,0.867420,0.9991,-0.286656,2.207678,0.866334,0.9992,-0.135588,2.249718,0.489218,0.9670,-0.289568,2.253489,0.480222,0.8647,-0.155635,2.268789,0.112340,0.9711,-0.285600,2.269238,0.095851,0.9288
202,10.1000,0,-0.194117,2.163299,1.528290,1.0000,-0.163427,2.187625,1.561380,0.9999,-0.216543,2.201520,1.560139,0.9998,-0.124630,2.234238,1.548478,0.9998,-0.228199,2.259887,1.545603,0.9995,-0.003237,2.251978,1.310198,0.9997,-0.340366,2.265757,1.361080,0.9991,0.023980,2.257718,1.045524,0.9681,-0.553151,2.204539,1.380885,0.9895,0.012359,2.182120,0.821483,0.9701,-0.630735,2.096486,0.959286,0.0000,-0.098235,2.192742,0.866836,0.9989,-0.289013,2.206835,0.865490,0.9993,-0.137083,2.252069,0.487886,0.9813,-0.292376,2.256705,0.477300,0.9366,-0.156099,2.268870,0.111057,0.9786,-0.284487,2.272792,0.093598,0.9646
203,10.1500,0,-0.195641,2.158786,1.528373,0.9999,-0.165459,2.181281,1.560731,0.9999,-0.217646,2.198474,1.560305,0.9998,-0.125751,2.230687,1.548109,0.9998,-0.228359,2.259392,1.546310,0.9994,-0.003530,2.247753,1.309711,0.9997,-0.339454,2.267526,1.370018,0.9993,0.022183,2.255888,1.040893,0.9788,-0.548515,2.220534,1.456100,0.9923,0.007071,2.186152,0.814229,0.9702,-0.654079,2.147423,1.336770,0.9898,-0.101403,2.190665,0.869590,0.9994,-0.291470,2.207304,0.867601,0.9997,-0.139310,2.248610,0.489804,0.9714,-0.294738,2.259732,0.477174,0.9253,-0.157415,2.269248,0.111221,0.9683,-0.282666,2.277552,0.089830,0.9615
204,10.2000,0,-0.196294,2.159965,1.525776,0.9999,-0.165538,2.181062,1.558341,0.9998,-0.218185,2.197433,1.558355,0.9997,-0.125691,2.229693,1.546175,0.9996,-0.229598,2.256937,1.545039,0.9994,-0.003734,2.244074,1.309197,0.9997,-0.337893,2.268016,1.376613,0.9995,0.020561,2.252809,1.041911,0.9768,-0.532760,2.231825,1.508785,0.9920,0.002796,2.185905,0.815017,0.9785,-0.632153,2.188515,1.591471,0.9921,-0.103367,2.187828,0.871332,0.9996,-0.292850,2.204560,0.869137,0.9997,-0.139719,2.246058,0.490920,0.9619,-0.295088,2.258502,0.474390,0.9776,-0.156520,2.269197,0.110094,0.9556,-0.282537,2.276898,0.088288,0.9780
205,10.2500,0,-0.198062,2.161817,1.528106,0.9999,-0.167114,2.181844,1.560464,0.9999,-0.219719,2.197518,1.560481,0.9997,-0.126854,2.230728,1.547405,0.9997,-0.231511,2.256788,1.545847,0.9995,-0.006589,2.245538,1.310086,0.9998,-0.337110,2.268589,1.379780,0.9994,0.018046,2.249447,1.042265,0.9826,-0.515927,2.239631,1.549842,0.9907,-0.001467,2.184422,0.814718,0.9750,-0.595077,2.219279,1.741873,0.9856,-0.107283,2.187718,0.874415,0.9996,-0.295493,2.203740,0.871586,0.9998,-0.143179,2.242021,0.493234,0.9612,-0.297177,2.259638,0.473975,0.9682,-0.157751,2.268607,0.110197,0.9685,-0.280117,2.278496,0.086651,0.9837
206,10.3000,0,-0.199387,2.161286,1.529712,0.9999,-0.168440,2.181786,1.561528,0.9998,-0.220992,2.196400,1.561361,0.9997,-0.128993,2.231987,1.548169,0.9996,-0.233584,2.256935,1.546324,0.9994,-0.009743,2.247505,1.309717,0.9995,-0.337754,2.269837,1.381431,0.9989,0.014856,2.245839,1.043085,0.9700,-0.491230,2.240873,1.579262,0.9934,-0.004778,2.182113,0.815332,0.9469,-0.552714,2.227762,1.816919,0.9920,-0.110979,2.188411,0.877910,0.9995,-0.298857,2.204131,0.874468,0.9998,-0.146291,2.239557,0.495710,0.9756,-0.299319,2.259650,0.474398,0.9700,-0.158391,2.270201,0.110391,0.9803,-0.280619,2.278344,0.086185,0.9865
207,10.3500,0,-0.200854,2.165657,1.528282,0.9997,-0.169919,2.185391,1.560069,0.9994,-0.224007,2.197632,1.559559,0.9991,-0.130882,2.232493,1.546406,0.9987,-0.237143,2.254130,1.544528,0.9982,-0.012770,2.245790,1.310088,0.9993,-0.335712,2.268684,1.381303,0.9985,0.011118,2.242401,1.042577,0.9649,-0.464018,2.238370,1.599005,0.9917,-0.008852,2.178877,0.814892,0.9293,-0.493606,2.223032,1.859016,0.9907,-0.115621,2.190815,0.878982,0.9996,-0.301638,2.205913,0.876327,0.9997,-0.148236,2.239469,0.492550,0.9684,-0.300984,2.258351,0.475092,0.9766,-0.159363,2.271757,0.107686,0.9747,-0.281300,2.278771,0.086039,0.9846
208,10.4000,0,-0.203228,2.166688,1.527104,0.9998,-0.172136,2.186441,1.559185,0.9996,-0.226491,2.197016,1.558922,0.9994,-0.133244,2.233388,1.544710,0.9989,-0.240447,2.252497,1.543941,0.9989,-0.015356,2.246939,1.310039,0.9990,-0.333630,2.268914,1.381853,0.9987,0.008222,2.239142,1.042394,0.9437,-0.432871,2.229812,1.611402,0.9907,-0.012136,2.176191,0.813923,0.9079,-0.426831,2.208770,1.873902,0.9900,-0.119549,2.191148,0.879941,0.9996,-0.303965,2.207098,0.877788,0.9998,-0.149968,2.239486,0.491115,0.9542,-0.302184,2.258381,0.476725,0.9716,-0.161695,2.271053,0.108063,0.9753,-0.283467,2.278708,0.086432,0.9873
209,10.4500,0,-0.204830,2.169114,1.526942,0.9992,-0.173880,2.189646,1.558420,0.9986,-0.227812,2.196882,1.558731,0.9981,-0.135799,2.236828,1.544108,0.9973,-0.242994,2.250556,1.544667,0.9972,-0.018621,2.247129,1.311351,0.9992,-0.333591,2.271815,1.384575,0.9991,0.005643,2.238424,1.042882,0.9471,-0.407112,2.222414,1.617667,0.9920,-0.014797,2.171145,0.815310,0.9315,-0.370014,2.200056,1.881491,0.9874,-0.122543,2.190488,0.881326,0.9996,-0.305986,2.205794,0.879865,0.9997,-0.152477,2.238899,0.491023,0.9468,-0.302857,2.256606,0.479423,0.9709,-0.163448,2.270962,0.107177,0.9584,-0.283901,2.277686,0.086983,0.9757
210,10.5000,0,-0.207021,2.172159,1.526789,0.9995,-0.175858,2.192263,1.558085,0.9992,-0.230075,2.198344,1.558692,0.9987,-0.138033,2.239871,1.543468,0.9985,-0.246176,2.250566,1.544775,0.9982,-0.021690,2.250313,1.311875,0.9992,-0.333631,2.273342,1.385527,0.9990,0.003466,2.237187,1.043090,0.9383,-0.383922,2.212866,1.620538,0.9916,-0.016373,2.166581,0.817239,0.9023,-0.315953,2.187228,1.884876,0.9859,-0.125803,2.190377,0.881575,0.9997,-0.309101,2.205037,0.879602,0.9998,-0.154503,2.236193,0.493630,0.9626,-0.304767,2.254646,0.480583,0.9716,-0.162590,2.270230,0.108841,0.9747,-0.285155,2.280528,0.086864,0.9840
211,10.5500,0,-0.210756,2.172607,1.528359,0.9993,-0.179431,2.192406,1.558599,0.9987,-0.232885,2.198479,1.560374,0.9980,-0.140859,2.241304,1.543098,0.9977,-0.248494,2.251451,1.546336,0.9968,-0.023636,2.254102,1.312637,0.9992,-0.334536,2.274278,1.387513,0.9987,0.001894,2.237877,1.043382,0.9434,-0.366272,2.203547,1.622579,0.9894,-0.017358,2.163811,0.818998,0.9140,-0.281091,2.174152,1.885003,0.9814,-0.127533,2.190398,0.882522,0.9997,-0.311755,2.202267,0.880607,0.9998,-0.154772,2.235127,0.493339,0.9556,-0.304812,2.252339,0.480442,0.9732,-0.161604,2.268725,0.109310,0.9678,-0.284195,2.282547,0.085258,0.9795
212,10.6000,0,-0.211971,2.175809,1.528333,0.9994,-0.180546,2.195791,1.557970,0.9989,-0.234288,2.201234,1.560040,0.9983,-0.142368,2.243831,1.541861,0.9981,-0.250066,2.254153,1.546156,0.9974,-0.025247,2.255443,1.311385,0.9994,-0.334983,2.273681,1.387549,0.9990,0.001006,2.237216,1.043751,0.9533,-0.359220,2.197532,1.621595,0.9927,-0.018433,2.162042,0.819207,0.9310,-0.271644,2.160838,1.880721,0.9889,-0.128826,2.190581,0.882442,0.9997,-0.312831,2.201630,0.879854,0.9998,-0.155520,2.233417,0.495047,0.9521,-0.305557,2.249716,0.481188,0.9760,-0.161394,2.268450,0.110992,0.9691,-0.286128,2.280951,0.084882,0.9810
213,10.6500,0,-0.212020,2.176087,1.528736,0.9996,-0.181308,2.197160,1.558297,0.9993,-0.234253,2.201293,1.560267,0.9990,-0.143505,2.245708,1.541707,0.9985,-0.249637,2.255502,1.546246,0.9985,-0.024835,2.259264,1.310232,0.9994,-0.334665,2.271973,1.387126,0.9993,0.001477,2.240042,1.043068,0.9518,-0.361029,2.192810,1.621504,0.9895,-0.018876,2.161859,0.819824,0.9412,-0.287236,2.153626,1.880657,0.9850,-0.129730,2.191752,0.880766,0.9997,-0.313703,2.201508,0.878578,0.9998,-0.153899,2.237110,0.492589,0.9509,-0.304352,2.250794,0.478821,0.9810,-0.160865,2.270895,0.110439,0.9721,-0.284931,2.285331,0.082151,0.9852
214,10.7000,0,-0.211371,2.177769,1.529268,0.9995,-0.180699,2.198079,1.558898,0.9990,-0.233377,2.202833,1.561042,0.9986,-0.142410,2.246035,1.542244,0.9978,-0.248017,2.255612,1.546727,0.9976,-0.024019,2.259709,1.309736,0.9988,-0.334905,2.269117,1.386902,0.9987,0.001545,2.241605,1.041108,0.9524,-0.371772,2.191997,1.621499,0.9917,-0.018427,2.163402,0.818174,0.9184,-0.317746,2.143305,1.880059,0.9903,-0.129469,2.192811,0.881046,0.9994,-0.313632,2.200713,0.879359,0.9997,-0.153770,2.240039,0.492611,0.9622,-0.303750,2.251609,0.478927,0.9808,-0.161887,2.275109,0.108071,0.9684,-0.284911,2.284915,0.081872,0.9841
215,10.7500,0,-0.210285,2.174600,1.531255,0.9998,-0.179933,2.196115,1.561186,0.9998,-0.231965,2.201318,1.562770,0.9996,-0.142448,2.246111,1.544869,0.9995,-0.246656,2.256321,1.548184,0.9993,-0.024169,2.261348,1.310503,0.9995,-0.335937,2.268063,1.386398,0.9990,0.003027,2.242762,1.042306,0.9620,-0.391103,2.190106,1.619567,0.9876,-0.017358,2.165432,0.818410,0.9418,-0.363125,2.130278,1.870588,0.9802,-0.127976,2.191829,0.881772,0.9995,-0.312710,2.199701,0.879802,0.9997,-0.154034,2.240830,0.491322,0.9572,-0.303808,2.252446,0.477563,0.9581,-0.160897,2.275928,0.105827,0.9733,-0.283942,2.285210,0.080081,0.9802
216,10.8000,0,-0.208939,2.170445,1.530662,0.9999,-0.179229,2.192556,1.561476,0.9998,-0.230528,2.197719,1.562084,0.9996,-0.142692,2.243906,1.545943,0.9995,-0.245036,2.256073,1.547441,0.9993,-0.023842,2.261906,1.310917,0.9998,-0.336587,2.267841,1.385292,0.9992,0.004627,2.242072,1.043176,0.9796,-0.420180,2.188908,1.608334,0.9887,-0.014482,2.169168,0.816986,0.9748,-0.435428,2.117303,1.852685,0.9873,-0.125667,2.191831,0.880252,0.9992,-0.310083,2.200028,0.878539,0.9996,-0.151704,2.242813,0.488022,0.9658,-0.302490,2.253026,0.475889,0.9448,-0.161598,2.274013,0.105447,0.9746,-0.283323,2.280527,0.083812,0.9715
217,10.8500,0,-0.208468,2.167435,1.531298,0.9999,-0.178322,2.189081,1.562333,0.9999,-0.229413,2.196968,1.563768,0.9997,-0.140705,2.241254,1.546601,0.9998,-0.243168,2.258219,1.549403,0.9990,-0.022033,2.259611,1.310832,0.9998,-0.340774,2.266692,1.385045,0.9994,0.006387,2.243460,1.044160,0.9742,-0.461642,2.189309,1.589225,0.9891,-0.010947,2.174019,0.816315,0.9689,-0.521664,2.102004,1.819644,0.9839,-0.122572,2.190929,0.879843,0.9992,-0.308011,2.200989,0.876699,0.9994,-0.151285,2.242372,0.488466,0.9510,-0.300970,2.254235,0.474725,0.8873,-0.161324,2.271219,0.106187,0.9704,-0.282724,2.278534,0.084104,0.9439
218,10.9000,0,-0.206944,2.164893,1.531935,0.9998,-0.176660,2.186689,1.563222,0.9996,-0.228754,2.198575,1.565037,0.9992,-0.139145,2.238682,1.547658,0.9998,-0.242053,2.262146,1.550784,0.9972,-0.020369,2.259707,1.310583,0.9996,-0.343933,2.266809,1.381209,0.9989,0.008685,2.247140,1.044860,0.9719,-0.503214,2.187767,1.544246,0.9766,-0.005332,2.175604,0.817691,0.9583,-0.606130,2.086228,1.741578,0.9761,-0.121036,2.190376,0.878059,0.9985,-0.306974,2.202429,0.874771,0.9989,-0.149599,2.244447,0.488551,0.9550,-0.300560,2.255638,0.474450,0.8356,-0.159827,2.269739,0.107015,0.9668,-0.281102,2.280251,0.084046,0.9261
219,10.9500,0,-0.206612,2.163265,1.532089,0.9999,-0.176442,2.185403,1.563648,0.9998,-0.227290,2.199565,1.565517,0.9994,-0.138876,2.236160,1.547847,0.9999,-0.239112,2.262351,1.550677,0.9987,-0.020347,2.256380,1.310142,0.9999,-0.346619,2.265046,1.375452,0.9993,0.010680,2.247464,1.045942,0.9793,-0.535617,2.186332,1.481120,0.9687,0.000410,2.175016,0.819558,0.9775,-0.606130,2.086228,1.741578,0.0000,-0.120133,2.189802,0.877474,0.9975,-0.305512,2.204305,0.874128,0.9981,-0.147609,2.246077,0.485114,0.9649,-0.299618,2.257675,0.473559,0.8608,-0.158095,2.269218,0.105697,0.9711,-0.280699,2.281836,0.084377,0.9340
220,11.0000,0,-0.206295,2.162700,1.532916,0.9999,-0.176448,2.185061,1.564216,0.9998,-0.227211,2.198586,1.565220,0.9995,-0.139560,2.234445,1.548366,0.9998,-0.238849,2.259665,1.549957,0.9986,-0.020130,2.253280,1.309414,0.9999,-0.349122,2.261640,1.368352,0.9996,0.011927,2.244757,1.046394,0.9872,-0.553927,2.184766,1.402573,0.9700,0.006072,2.172708,0.820771,0.9859,-0.606130,2.086228,1.741578,0.0000,-0.118549,2.192086,0.875888,0.9992,-0.304999,2.205729,0.873098,0.9992,-0.146990,2.248368,0.485098,0.9793,-0.299674,2.256714,0.474656,0.9236,-0.157447,2.268757,0.106646,0.9807,-0.282207,2.278329,0.087731,0.9661
221,11.0500,0,-0.207236,2.160403,1.533303,0.9999,-0.177134,2.182044,1.564822,0.9998,-0.228210,2.197191,1.565454,0.9997,-0.141086,2.230360,1.548712,0.9998,-0.240363,2.259217,1.549849,0.9988,-0.021207,2.251097,1.310962,0.9999,-0.353658,2.260333,1.360676,0.9997,0.011839,2.245159,1.049918,0.9815,-0.554721,2.186297,1.322847,0.9391,0.009117,2.175053,0.822145,0.9847,-0.606130,2.086228,1.741578,0.0000,-0.116765,2.195864,0.875894,0.9990,-0.304194,2.208404,0.873162,0.9990,-0.147323,2.248812,0.486984,0.9658,-0.299750,2.257514,0.475487,0.8672,-0.157689,2.270323,0.106929,0.9760,-0.282425,2.278443,0.088185,0.9430
222,11.1000,0,-0.209473,2.159448,1.533289,0.9999,-0.178889,2.181259,1.564702,0.9998,-0.230798,2.195920,1.565183,0.9997,-0.142887,2.229644,1.549227,0.9998,-0.243592,2.257201,1.549372,0.9989,-0.023545,2.250416,1.313498,0.9999,-0.358126,2.259853,1.353492,0.9998,0.010682,2.249083,1.053222,0.9798,-0.542372,2.219320,1.254230,0.8966,0.010671,2.176729,0.824697,0.9807,-0.660909,2.076899,1.384802,0.9434,-0.116986,2.198141,0.874416,0.9991,-0.304850,2.209685,0.871686,0.9992,-0.146837,2.249613,0.488094,0.9610,-0.299542,2.255499,0.477646,0.8383,-0.156699,2.269437,0.107033,0.9739,-0.282012,2.278767,0.089614,0.9378
223,11.1500,0,-0.213372,2.158559,1.534195,0.9999,-0.182315,2.179844,1.565227,0.9998,-0.234432,2.194639,1.565612,0.9998,-0.146534,2.226616,1.549678,0.9998,-0.247314,2.253640,1.550131,0.9993,-0.026337,2.248977,1.315291,0.9999,-0.362871,2.258041,1.345786,0.9999,0.009315,2.252130,1.053446,0.9779,-0.524765,2.248886,1.196499,0.8888,0.010586,2.180141,0.825376,0.9748,-0.649294,2.109609,1.145233,0.9189,-0.115653,2.198801,0.871442,0.9990,-0.305571,2.213539,0.868096,0.9992,-0.144662,2.250806,0.487071,0.9735,-0.300288,2.256865,0.477665,0.9002,-0.157551,2.268462,0.108344,0.9732,-0.283976,2.277866,0.089558,0.9565
224,11.2000,0,-0.216503,2.158971,1.534847,0.9999,-0.185586,2.180353,1.565463,0.9998,-0.238298,2.193586,1.565618,0.9998,-0.150745,2.225753,1.550055,0.9998,-0.252372,2.249103,1.549876,0.9992,-0.029532,2.247420,1.316616,0.9999,-0.366865,2.256964,1.338078,0.9998,0.007746,2.255440,1.054134,0.9699,-0.503877,2.267148,1.149572,0.7734,0.009768,2.183588,0.826674,0.9635,-0.615650,2.145379,1.005037,0.8420,-0.114127,2.199078,0.869775,0.9988,-0.304581,2.217093,0.865132,0.9989,-0.143652,2.251709,0.485695,0.9759,-0.300108,2.257983,0.478472,0.8745,-0.158715,2.269595,0.108407,0.9790,-0.284081,2.279336,0.089754,0.9519
225,11.2500,0,-0.219750,2.157706,1.534817,0.9999,-0.189111,2.180566,1.565304,0.9998,-0.241996,2.191263,1.565135,0.9998,-0.155174,2.226631,1.550230,0.9997,-0.257641,2.245081,1.548953,0.9991,-0.032334,2.246340,1.318305,0.9999,-0.372106,2.255196,1.330118,0.9998,0.005306,2.253844,1.054661,0.9471,-0.483620,2.279940,1.111013,0.8143,0.007339,2.188568,0.826004,0.9149,-0.577061,2.182408,0.911793,0.8832,-0.112930,2.199229,0.868865,0.9990,-0.304108,2.218655,0.862688,0.9992,-0.141949,2.253011,0.487403,0.9799,-0.299659,2.259198,0.477871,0.8825,-0.157377,2.269325,0.110509,0.9823,-0.284003,2.276201,0.091881,0.9469
226,11.3000,0,-0.225579,2.156451,1.534677,0.9999,-0.195144,2.180649,1.565735,0.9998,-0.248299,2.190291,1.565002,0.9997,-0.161336,2.227966,1.550422,0.9997,-0.264338,2.243241,1.548352,0.9989,-0.036642,2.248224,1.319687,0.9999,-0.378100,2.254332,1.325076,0.9997,0.001436,2.256238,1.055259,0.9327,-0.464965,2.287360,1.084417,0.6866,0.004810,2.192860,0.827225,0.9017,-0.538737,2.208722,0.866524,0.7890,-0.113526,2.200473,0.870064,0.9992,-0.303344,2.218780,0.862304,0.9991,-0.140090,2.253758,0.488748,0.9722,-0.299728,2.260554,0.479369,0.8172,-0.156842,2.267339,0.111032,0.9793,-0.285746,2.274625,0.092005,0.9217
227,11.3500,0,-0.229818,2.156992,1.534596,0.9999,-0.200201,2.182204,1.566612,0.9998,-0.253705,2.190646,1.564919,0.9997,-0.166565,2.231183,1.551357,0.9997,-0.271051,2.242076,1.547492,0.9985,-0.040366,2.250614,1.320676,0.9999,-0.383111,2.255228,1.321058,0.9996,-0.002696,2.257483,1.056146,0.9538,-0.449312,2.290275,1.066550,0.6673,0.003361,2.195224,0.828962,0.9493,-0.500634,2.216295,0.839753,0.7306,-0.114729,2.200945,0.871243,0.9993,-0.303620,2.218317,0.862109,0.9991,-0.139298,2.252492,0.490252,0.9728,-0.300909,2.262731,0.479460,0.8453,-0.155782,2.266489,0.111486,0.9775,-0.287030,2.272868,0.093243,0.9390
228,11.4000,0,-0.234471,2.156853,1.534397,0.9998,-0.205084,2.182684,1.567075,0.9996,-0.259064,2.190524,1.564697,0.9995,-0.171748,2.231819,1.552086,0.9995,-0.276999,2.241627,1.547159,0.9980,-0.044928,2.252400,1.323344,0.9998,-0.387385,2.254706,1.318698,0.9995,-0.003065,2.260357,1.059763,0.9666,-0.437286,2.289812,1.055939,0.5852,0.007969,2.204700,0.830199,0.9570,-0.469317,2.210454,0.825671,0.6519,-0.115715,2.199541,0.871289,0.9986,-0.304177,2.215865,0.861118,0.9984,-0.138177,2.251188,0.489523,0.9621,-0.300403,2.262017,0.479153,0.8476,-0.155598,2.264311,0.114881,0.9700,-0.286628,2.271086,0.095685,0.9417
229,11.4500,0,-0.238798,2.157941,1.534343,1.0000,-0.209985,2.183311,1.567641,0.9998,-0.263810,2.190973,1.564255,0.9998,-0.175982,2.234270,1.553206,0.9994,-0.282434,2.242017,1.546976,0.9994,-0.048452,2.255682,1.327372,0.9998,-0.391341,2.254953,1.317670,0.9998,0.002174,2.267416,1.063854,0.9693,-0.431399,2.283351,1.050003,0.7212,0.024796,2.220070,0.830864,0.9694,-0.449572,2.204730,0.822753,0.7797,-0.115089,2.201727,0.871423,0.9987,-0.304205,2.216287,0.862195,0.9989,-0.137239,2.251864,0.488458,0.9630,-0.299281,2.263495,0.478077,0.9111,-0.155281,2.262847,0.115007,0.9655,-0.286391,2.271122,0.094913,0.9638
230,11.5000,0,-0.242161,2.155429,1.534724,1.0000,-0.214629,2.182474,1.567998,0.9999,-0.267532,2.189370,1.564394,0.9999,-0.181759,2.235974,1.554175,0.9997,-0.287711,2.243218,1.547060,0.9998,-0.054579,2.259449,1.331978,0.9999,-0.395807,2.255823,1.317459,0.9999,0.012007,2.276029,1.078213,0.9806,-0.430479,2.278507,1.048848,0.8037,0.061830,2.237419,0.853871,0.9874,-0.439435,2.196491,0.822108,0.8751,-0.116856,2.207889,0.870679,0.9993,-0.304875,2.218571,0.861422,0.9990,-0.138820,2.251408,0.488407,0.9188,-0.298169,2.263929,0.477781,0.9008,-0.157658,2.263726,0.113021,0.9534,-0.285899,2.273502,0.095058,0.9445
231,11.5500,0,-0.246085,2.158959,1.536131,1.0000,-0.218625,2.186383,1.569045,1.0000,-0.271309,2.193470,1.565580,1.0000,-0.185815,2.238665,1.554680,1.0000,-0.290937,2.245910,1.547712,0.9999,-0.058034,2.257015,1.336112,1.0000,-0.399725,2.253694,1.317030,0.9999,0.035159,2.275859,1.102956,0.9971,-0.432160,2.273628,1.048918,0.8852,0.128792,2.239883,0.900220,0.9975,-0.434806,2.192731,0.822240,0.9356,-0.117563,2.208290,0.871269,0.9995,-0.305987,2.218758,0.861650,0.9991,-0.140445,2.249452,0.487450,0.9606,-0.299226,2.265868,0.477170,0.9150,-0.158539,2.261503,0.110497,0.9746,-0.285830,2.273835,0.095363,0.9451
232,11.6000,0,-0.247869,2.161076,1.536228,1.0000,-0.221365,2.188796,1.569349,0.9999,-0.273734,2.193903,1.566188,0.9999,-0.189198,2.241409,1.555054,0.9997,-0.296199,2.246294,1.548263,0.9997,-0.062282,2.254531,1.340715,0.9999,-0.404303,2.252593,1.317297,0.9999,0.068252,2.264437,1.138752,0.9961,-0.436514,2.270601,1.049129,0.9271,0.128792,2.239883,0.900220,0.0000,-0.432998,2.187616,0.823142,0.9572,-0.119235,2.206136,0.872483,0.9986,-0.306966,2.219314,0.861827,0.9987,-0.139633,2.251590,0.488006,0.9650,-0.301110,2.267031,0.477270,0.9273,-0.158344,2.262466,0.109919,0.9705,-0.285162,2.274252,0.095973,0.9619
233,11.6500,0,-0.249979,2.163770,1.536272,0.9999,-0.222484,2.190823,1.569704,0.9994,-0.275676,2.195205,1.566913,0.9994,-0.190810,2.241744,1.554702,0.9991,-0.299644,2.247130,1.548818,0.9981,-0.064158,2.254329,1.344225,0.9999,-0.407113,2.251931,1.317861,0.9996,0.106518,2.256413,1.194609,0.9941,-0.439993,2.268569,1.049242,0.8997,0.128792,2.239883,0.900220,0.0000,-0.431824,2.184205,0.824386,0.9194,-0.121708,2.206879,0.872949,0.9986,-0.309147,2.219701,0.861970,0.9986,-0.140567,2.256705,0.487123,0.9045,-0.302212,2.267955,0.476660,0.9189,-0.159271,2.270160,0.106008,0.9455,-0.285895,2.274619,0.096472,0.9646
234,11.7000,0,-0.250870,2.162250,1.535453,1.0000,-0.223518,2.189469,1.569481,0.9998,-0.276921,2.193173,1.566561,0.9998,-0.192895,2.240650,1.554910,0.9993,-0.302270,2.247474,1.549169,0.9995,-0.068016,2.255123,1.349846,0.9999,-0.410369,2.251171,1.316785,0.9997,0.127866,2.238775,1.258894,0.9940,-0.442145,2.267446,1.049060,0.9363,0.128792,2.239883,0.900220,0.0000,-0.428470,2.182529,0.824332,0.9552,-0.123334,2.208086,0.872316,0.9994,-0.309730,2.218644,0.860604,0.9993,-0.140521,2.259228,0.484642,0.9045,-0.301702,2.268598,0.474109,0.9234,-0.159847,2.273015,0.102643,0.9509,-0.287336,2.274620,0.097629,0.9652
235,11.7500,0,-0.250935,2.165567,1.537061,1.0000,-0.223499,2.193121,1.570406,0.9998,-0.277420,2.194691,1.567440,0.9999,-0.193442,2.241351,1.555449,0.9992,-0.304591,2.248774,1.549418,0.9998,-0.070985,2.256551,1.357026,0.9999,-0.411742,2.249343,1.317267,0.9997,0.138926,2.221915,1.330232,0.9962,-0.443242,2.265982,1.049387,0.9051,0.240049,2.211554,1.193342,0.9940,-0.425740,2.184106,0.823600,0.9201,-0.124890,2.209996,0.871066,0.9996,-0.310149,2.218988,0.859493,0.9995,-0.140491,2.258827,0.484976,0.8860,-0.300669,2.267635,0.474312,0.8836,-0.161269,2.275297,0.102869,0.9313,-0.285851,2.276265,0.098296,0.9504
236,11.8000,0,-0.250157,2.165331,1.539045,1.0000,-0.222227,2.194826,1.571772,0.9999,-0.276733,2.193841,1.568923,1.0000,-0.192715,2.243616,1.556691,0.9996,-0.305010,2.247489,1.549965,0.9999,-0.073457,2.258634,1.365208,0.9999,-0.412888,2.247085,1.318566,0.9997,0.141610,2.206072,1.401144,0.9954,-0.445497,2.263488,1.050063,0.8534,0.282734,2.186754,1.422587,0.9952,-0.424305,2.183582,0.822883,0.8712,-0.127440,2.212453,0.871000,0.9997,-0.310784,2.218286,0.859691,0.9996,-0.139962,2.259377,0.483727,0.9095,-0.298431,2.265469,0.472665,0.9172,-0.161502,2.276132,0.101731,0.9487,-0.284765,2.278448,0.095041,0.9635
237,11.8500,0,-0.250710,2.167787,1.540166,0.9999,-0.222312,2.198417,1.571725,0.9997,-0.277102,2.195605,1.569129,0.9998,-0.192449,2.245013,1.556610,0.9995,-0.305466,2.248411,1.550233,0.9997,-0.076055,2.255028,1.370544,0.9997,-0.412990,2.244316,1.318565,0.9995,0.131296,2.188308,1.456651,0.9978,-0.446651,2.261017,1.048742,0.8462,0.272732,2.150293,1.577141,0.9943,-0.422419,2.184292,0.820841,0.8521,-0.127923,2.213900,0.870966,0.9994,-0.310843,2.219137,0.859598,0.9994,-0.139210,2.259394,0.482412,0.9468,-0.296739,2.267386,0.471765,0.9306,-0.162584,2.278646,0.101346,0.9547,-0.283157,2.280608,0.093352,0.9681
238,11.9000,0,-0.251037,2.172966,1.540910,0.9998,-0.221952,2.202765,1.572706,0.9994,-0.278047,2.200608,1.570227,0.9996,-0.192267,2.248269,1.556958,0.9990,-0.306733,2.249828,1.550648,0.9993,-0.080248,2.254241,1.372653,0.9994,-0.414252,2.244728,1.317502,0.9994,0.113580,2.179438,1.504279,0.9938,-0.447897,2.256212,1.047626,0.8257,0.239280,2.116781,1.677122,0.9939,-0.420560,2.182792,0.820279,0.8117,-0.128643,2.214409,0.871817,0.9994,-0.310676,2.218395,0.859976,0.9995,-0.139315,2.259532,0.481157,0.9349,-0.297200,2.267777,0.471267,0.9527,-0.162865,2.281296,0.101120,0.9514,-0.282865,2.281374,0.092033,0.9637
239,11.9500,0,-0.247676,2.169810,1.541304,0.9997,-0.218855,2.201279,1.572398,0.9991,-0.274583,2.197406,1.570169,0.9995,-0.192057,2.249223,1.556748,0.9982,-0.305471,2.247210,1.550548,0.9992,-0.085178,2.257012,1.374397,0.9992,-0.415100,2.244170,1.316704,0.9991,0.091343,2.178862,1.540531,0.9907,-0.448846,2.252392,1.048439,0.7805,0.198568,2.105457,1.748631,0.9914,-0.419551,2.180516,0.820088,0.7303,-0.127102,2.217926,0.873879,0.9991,-0.309183,2.219652,0.862751,0.9993,-0.139697,2.261571,0.482661,0.9424,-0.296900,2.268536,0.475682,0.9531,-0.163431,2.282246,0.100214,0.9579,-0.282813,2.283936,0.090598,0.9742
240,12.0000,0,-0.246080,2.170432,1.541772,0.9996,-0.218084,2.201584,1.572345,0.9989,-0.273384,2.197365,1.569951,0.9994,-0.192508,2.249495,1.556661,0.9979,-0.305619,2.247016,1.549969,0.9992,-0.088411,2.259109,1.376724,0.9990,-0.415734,2.244088,1.315480,0.9992,0.065438,2.182243,1.568328,0.9919,-0.449408,2.250346,1.049068,0.8497,0.149790,2.099029,1.797843,0.9863,-0.419485,2.177863,0.820452,0.7699,-0.125457,2.221413,0.876372,0.9991,-0.308056,2.222594,0.865800,0.9991,-0.139567,2.265932,0.483391,0.9404,-0.296189,2.270437,0.478362,0.9422,-0.164137,2.285097,0.097514,0.9536,-0.282236,2.285085,0.090003,0.9671
241,12.0500,0,-0.244643,2.171208,1.541044,0.9998,-0.216629,2.202055,1.571574,0.9993,-0.272231,2.197412,1.569153,0.9996,-0.192079,2.249633,1.555464,0.9987,-0.305337,2.244967,1.548773,0.9995,-0.091842,2.262254,1.379143,0.9994,-0.415819,2.244848,1.313823,0.9994,0.039362,2.184755,1.588172,0.9917,-0.448379,2.249430,1.050073,0.8256,0.090931,2.101503,1.826772,0.9821,-0.417423,2.175396,0.820967,0.7505,-0.123472,2.220728,0.878264,0.9995,-0.306429,2.222400,0.867799,0.9994,-0.137384,2.264306,0.483544,0.9786,-0.296175,2.273339,0.476483,0.9435,-0.162348,2.282609,0.096597,0.9781,-0.282699,2.287370,0.088262,0.9748
242,12.1000,0,-0.245109,2.174614,1.540901,0.9997,-0.215939,2.204453,1.571040,0.9991,-0.272689,2.201466,1.569214,0.9996,-0.190806,2.249872,1.554108,0.9986,-0.304427,2.244221,1.548256,0.9995,-0.093984,2.265029,1.379969,0.9973,-0.415820,2.242910,1.311548,0.9995,0.012424,2.192173,1.601512,0.8308,-0.446842,2.244452,1.048005,0.8973,0.028999,2.106234,1.835852,0.6292,-0.415102,2.170439,0.820696,0.8581,-0.120926,2.221756,0.878957,0.9993,-0.303590,2.220722,0.868333,0.9994,-0.136384,2.264257,0.484173,0.9495,-0.295291,2.272822,0.476853,0.9471,-0.160426,2.278994,0.099540,0.9588,-0.281799,2.285674,0.089361,0.9735
243,12.1500,0,-0.245541,2.174658,1.540920,0.9997,-0.215871,2.206114,1.571555,0.9991,-0.273095,2.202195,1.569799,0.9996,-0.190368,2.251384,1.553628,0.9986,-0.305140,2.244767,1.548197,0.9995,-0.094857,2.269190,1.381823,0.9986,-0.415739,2.243114,1.310919,0.9996,-0.008245,2.204301,1.613746,0.9384,-0.444952,2.239984,1.047401,0.8870,-0.026744,2.118087,1.850125,0.9182,-0.411435,2.164387,0.820485,0.8434,-0.118490,2.222423,0.880485,0.9993,-0.301511,2.219132,0.868927,0.9994,-0.135435,2.264320,0.485418,0.9611,-0.294852,2.272471,0.474725,0.9452,-0.158478,2.277800,0.100316,0.9723,-0.279932,2.286330,0.090149,0.9700
244,12.2000,0,-0.246292,2.174415,1.541402,0.9997,-0.216454,2.207159,1.572411,0.9991,-0.274208,2.202626,1.570491,0.9996,-0.190908,2.252820,1.553996,0.9987,-0.306827,2.244879,1.548550,0.9994,-0.096421,2.272787,1.382920,0.9989,-0.416300,2.243285,1.310711,0.9996,-0.024585,2.213077,1.620736,0.9539,-0.444613,2.238448,1.047967,0.8824,-0.064257,2.135318,1.859718,0.9546,-0.408905,2.159589,0.821674,0.8478,-0.116632,2.222250,0.880971,0.9994,-0.300203,2.216628,0.868407,0.9995,-0.134050,2.262991,0.486621,0.9709,-0.295046,2.272684,0.472960,0.9522,-0.156503,2.277004,0.100554,0.9764,-0.280738,2.284193,0.089766,0.9746
245,12.2500,0,-0.247106,2.172403,1.541786,0.9997,-0.217172,2.204319,1.572640,0.9990,-0.274153,2.202703,1.570823,0.9994,-0.191328,2.251309,1.554258,0.9984,-0.305398,2.245506,1.549247,0.9992,-0.097357,2.273656,1.384643,0.9980,-0.414925,2.245952,1.311491,0.9995,-0.033726,2.223268,1.624741,0.8870,-0.441521,2.237437,1.048028,0.8410,-0.077747,2.153082,1.866882,0.8182,-0.405806,2.153377,0.824069,0.8052,-0.116481,2.221575,0.882012,0.9992,-0.299176,2.217200,0.869461,0.9993,-0.134108,2.262013,0.485731,0.9577,-0.294142,2.273346,0.472073,0.9630,-0.156140,2.274473,0.100721,0.9717,-0.279568,2.285530,0.088813,0.9809
246,12.3000,0,-0.249414,2.172173,1.541757,0.9996,-0.219209,2.201991,1.572163,0.9988,-0.275955,2.203398,1.570305,0.9994,-0.193108,2.247405,1.553333,0.9978,-0.305435,2.244773,1.548756,0.9991,-0.099487,2.274424,1.384213,0.9983,-0.413830,2.244841,1.311953,0.9993,-0.037201,2.233377,1.625402,0.8342,-0.438602,2.234625,1.047018,0.7825,-0.071781,2.174988,1.871253,0.6823,-0.404169,2.147349,0.826184,0.7304,-0.116954,2.220884,0.882400,0.9994,-0.298275,2.215708,0.869643,0.9993,-0.133206,2.261752,0.484964,0.9393,-0.293198,2.273287,0.470982,0.9583,-0.154825,2.272278,0.102210,0.9532,-0.278119,2.286222,0.087993,0.9750
247,12.3500,0,-0.250978,2.174384,1.541647,0.9998,-0.220315,2.202711,1.571453,0.9993,-0.277465,2.204615,1.570055,0.9996,-0.193516,2.245965,1.552048,0.9986,-0.306097,2.242892,1.548097,0.9994,-0.101233,2.272140,1.382303,0.9981,-0.414632,2.241810,1.310968,0.9993,-0.032208,2.239905,1.622517,0.7902,-0.437575,2.229879,1.045982,0.8285,-0.050733,2.195616,1.866927,0.5807,-0.402878,2.140462,0.826233,0.7802,-0.117176,2.221142,0.881937,0.9992,-0.298694,2.215133,0.869445,0.9993,-0.133114,2.260463,0.485138,0.9550,-0.292417,2.271086,0.473202,0.9578,-0.154420,2.272975,0.104792,0.9727,-0.277310,2.284303,0.091763,0.9800
248,12.4000,0,-0.250655,2.176633,1.542197,0.9997,-0.221039,2.205776,1.572243,0.9990,-0.278242,2.205926,1.570072,0.9995,-0.195342,2.249418,1.553329,0.9982,-0.308713,2.243982,1.547888,0.9991,-0.101958,2.271233,1.381991,0.9992,-0.416733,2.242184,1.309473,0.9993,-0.020621,2.245847,1.620518,0.9852,-0.438988,2.227610,1.046072,0.8590,-0.019985,2.214810,1.870036,0.9887,-0.403012,2.133317,0.825085,0.8320,-0.117441,2.218451,0.882389,0.9991,-0.299542,2.213463,0.869190,0.9993,-0.132377,2.258160,0.485222,0.9623,-0.293935,2.269851,0.473053,0.9574,-0.154191,2.273190,0.104980,0.9672,-0.278713,2.285098,0.090027,0.9763
249,12.4500,0,-0.251577,2.172106,1.541354,0.9996,-0.222758,2.203732,1.572381,0.9986,-0.279063,2.201271,1.569675,0.9988,-0.197016,2.251675,1.554540,0.9981,-0.309778,2.242767,1.548135,0.9980,-0.101701,2.270850,1.380516,0.9994,-0.417586,2.241640,1.309417,0.9993,-0.000710,2.252884,1.611700,0.9846,-0.440446,2.225114,1.046857,0.7625,0.025907,2.232621,1.861969,0.9914,-0.404987,2.128665,0.824789,0.7782,-0.119228,2.213526,0.882661,0.9990,-0.300845,2.208904,0.868108,0.9993,-0.134343,2.253662,0.488473,0.9410,-0.294139,2.267757,0.473121,0.9039,-0.156047,2.272714,0.108642,0.9553,-0.279126,2.284391,0.088411,0.9682
250,12.5000,0,-0.251943,2.177549,1.543362,1.0000,-0.223811,2.207840,1.573832,0.9998,-0.280905,2.205356,1.571281,0.9999,-0.198361,2.253817,1.556052,0.9991,-0.312143,2.245116,1.548843,0.9999,-0.099709,2.271247,1.378665,0.9994,-0.419807,2.240175,1.310072,0.9997,0.028111,2.259443,1.595867,0.9888,-0.443387,2.220556,1.046425,0.9015,0.098135,2.246975,1.835752,0.9931,-0.408301,2.121521,0.824406,0.9072,-0.120315,2.217175,0.879597,0.9994,-0.302951,2.210467,0.865170,0.9995,-0.134339,2.256355,0.485529,0.9181,-0.294160,2.267767,0.471580,0.9358,-0.157860,2.274201,0.105333,0.9556,-0.279635,2.284155,0.087228,0.9697
251,12.5500,0,-0.253573,2.180050,1.543733,1.0000,-0.226067,2.211803,1.574523,0.9998,-0.283327,2.208285,1.572090,0.9999,-0.200138,2.255921,1.557355,0.9996,-0.314302,2.249556,1.549368,0.9997,-0.097107,2.272890,1.378892,0.9998,-0.420790,2.237126,1.310804,0.9997,0.060364,2.253240,1.568657,0.9955,-0.447096,2.216939,1.046464,0.9447,0.175174,2.235960,1.789940,0.9959,-0.413576,2.113546,0.824296,0.9525,-0.122552,2.220310,0.875311,0.9995,-0.304709,2.210957,0.861574,0.9994,-0.134449,2.256019,0.484839,0.9276,-0.294128,2.265339,0.471109,0.9130,-0.157803,2.276549,0.104331,0.9576,-0.280107,2.285884,0.086889,0.9574
252,12.6000,0,-0.254730,2.183376,1.545452,0.9999,-0.227865,2.215102,1.576329,0.9997,-0.285158,2.211455,1.573905,0.9997,-0.202186,2.257218,1.558765,0.9993,-0.317117,2.252758,1.550547,0.9995,-0.095229,2.273769,1.377893,0.9999,-0.422799,2.237369,1.312616,0.9997,0.089410,2.243030,1.526879,0.9964,-0.450997,2.213913,1.047523,0.9598,0.244131,2.225692,1.708443,0.9947,-0.419954,2.105700,0.826350,0.9597,-0.123704,2.222312,0.873869,0.9991,-0.306878,2.212945,0.860773,0.9989,-0.135157,2.254482,0.484716,0.9393,-0.294907,2.264838,0.470336,0.8980,-0.158854,2.277297,0.103394,0.9585,-0.280304,2.285594,0.087154,0.9508
253,12.6500,0,-0.255821,2.184675,1.545755,0.9999,-0.229760,2.217496,1.576744,0.9993,-0.286198,2.211973,1.574020,0.9994,-0.204398,2.258820,1.559460,0.9987,-0.319161,2.254382,1.550943,0.9983,-0.094138,2.274707,1.375291,0.9999,-0.423641,2.238555,1.314053,0.9997,0.113311,2.232643,1.473749,0.9971,-0.453170,2.211595,1.048369,0.9621,0.306028,2.197886,1.598089,0.9963,-0.425126,2.100134,0.828647,0.9710,-0.123508,2.224153,0.874586,0.9990,-0.307692,2.214659,0.861165,0.9988,-0.134689,2.256434,0.484337,0.8979,-0.295059,2.265961,0.471038,0.9322,-0.158834,2.279371,0.100798,0.9487,-0.280778,2.287848,0.087469,0.9656
254,12.7000,0,-0.257470,2.185700,1.546711,1.0000,-0.231393,2.216897,1.577912,0.9997,-0.287627,2.213281,1.575046,0.9998,-0.204847,2.259532,1.560344,0.9991,-0.319989,2.257645,1.551764,0.9994,-0.091426,2.272559,1.369837,0.9999,-0.424655,2.237588,1.314033,0.9998,0.127178,2.221431,1.406967,0.9942,-0.454857,2.210803,1.049992,0.9532,0.341722,2.175646,1.464622,0.9953,-0.429830,2.097292,0.829880,0.9641,-0.124309,2.223713,0.874271,0.9986,-0.308733,2.216813,0.861204,0.9985,-0.135450,2.256733,0.482231,0.9142,-0.296557,2.264822,0.470780,0.9465,-0.159332,2.280708,0.099481,0.9478,-0.281050,2.289125,0.088016,0.9645
255,12.7500,0,-0.258204,2.185436,1.546740,1.0000,-0.232645,2.216558,1.578222,0.9998,-0.288422,2.214072,1.575022,0.9999,-0.205908,2.259365,1.561330,0.9994,-0.320351,2.259672,1.551807,0.9997,-0.088492,2.271725,1.364207,0.9999,-0.424790,2.236912,1.315248,0.9998,0.132087,2.210749,1.337139,0.9952,-0.455368,2.210054,1.051306,0.9407,0.341722,2.175646,1.464622,0.0000,-0.433360,2.096882,0.828689,0.9627,-0.123949,2.223526,0.872980,0.9989,-0.308508,2.217707,0.860920,0.9988,-0.136594,2.256763,0.480662,0.8964,-0.298103,2.262879,0.471828,0.9420,-0.160686,2.280177,0.099193,0.9404,-0.282591,2.288369,0.087101,0.9611
256,12.8000,0,-0.257126,2.186831,1.547416,1.0000,-0.232066,2.218064,1.579076,0.9998,-0.287577,2.215506,1.576009,0.9998,-0.205091,2.260590,1.562222,0.9993,-0.319636,2.261651,1.552311,0.9997,-0.084636,2.268891,1.358433,0.9999,-0.423645,2.235784,1.316554,0.9998,0.124750,2.207726,1.273802,0.9929,-0.455639,2.210513,1.053727,0.9254,0.327710,2.136131,1.271146,0.9970,-0.437213,2.098579,0.829442,0.9507,-0.122999,2.223408,0.872333,0.9983,-0.309188,2.219019,0.861073,0.9985,-0.136435,2.257293,0.481073,0.9208,-0.299719,2.264024,0.471235,0.9268,-0.160107,2.278142,0.100686,0.9498,-0.282558,2.283430,0.088854,0.9556
257,12.8500,0,-0.254978,2.186127,1.547798,1.0000,-0.230053,2.217612,1.578673,0.9999,-0.285250,2.215279,1.576067,1.0000,-0.203990,2.261339,1.562431,0.9998,-0.317007,2.262259,1.552696,0.9999,-0.081337,2.267196,1.352785,1.0000,-0.421786,2.235086,1.317652,0.9999,0.112665,2.204318,1.220716,0.9936,-0.454125,2.212526,1.054275,0.9215,0.298988,2.114749,1.129850,0.9963,-0.439027,2.103840,0.828900,0.9536,-0.121508,2.225102,0.874125,0.9993,-0.308622,2.221812,0.863233,0.9992,-0.136838,2.258826,0.483088,0.9301,-0.299147,2.263869,0.474002,0.9019,-0.161188,2.280587,0.100333,0.9624,-0.283072,2.282979,0.093055,0.9475
258,12.9000,0,-0.252875,2.184060,1.547612,1.0000,-0.227657,2.215061,1.578215,1.0000,-0.282814,2.213895,1.575815,1.0000,-0.201892,2.259087,1.562264,1.0000,-0.313418,2.261484,1.552845,0.9999,-0.076768,2.267253,1.346756,1.0000,-0.418264,2.238355,1.319169,0.9999,0.099230,2.205430,1.176478,0.9959,-0.450917,2.217754,1.055181,0.8963,0.266569,2.106295,1.027480,0.9968,-0.440039,2.108631,0.829343,0.9353,-0.120865,2.225703,0.876745,0.9994,-0.308569,2.222030,0.865077,0.9994,-0.137525,2.258617,0.484248,0.9539,-0.299166,2.264857,0.475974,0.9240,-0.162639,2.283003,0.100251,0.9698,-0.282591,2.283088,0.095593,0.9564
259,12.9500,0,-0.249492,2.183290,1.548005,1.0000,-0.224797,2.215050,1.578468,1.0000,-0.279311,2.213339,1.575638,1.0000,-0.199462,2.259210,1.562880,0.9999,-0.309893,2.261942,1.552960,0.9999,-0.074220,2.272507,1.343134,1.0000,-0.414679,2.241646,1.319507,0.9999,0.080035,2.221504,1.144816,0.9878,-0.448416,2.221802,1.055291,0.8749,0.231426,2.122849,0.957881,0.9923,-0.439611,2.114115,0.829911,0.9065,-0.120941,2.224474,0.877261,0.9992,-0.308649,2.221565,0.865242,0.9992,-0.138342,2.258429,0.486642,0.9470,-0.298884,2.265293,0.476559,0.9063,-0.161989,2.282481,0.103331,0.9643,-0.281556,2.284987,0.095228,0.9532
260,13.0000,0,-0.247818,2.181018,1.546953,1.0000,-0.223054,2.212020,1.577703,0.9999,-0.277065,2.211996,1.574707,0.9999,-0.196448,2.255752,1.562088,0.9999,-0.305971,2.261327,1.552600,0.9997,-0.070660,2.274322,1.339516,1.0000,-0.411398,2.245993,1.321338,0.9999,0.059858,2.234897,1.120082,0.9812,-0.444907,2.227963,1.056453,0.8840,0.187695,2.143879,0.911925,0.9864,-0.437689,2.121295,0.831256,0.9169,-0.121354,2.222343,0.878104,0.9994,-0.309634,2.221939,0.865839,0.9994,-0.138395,2.258344,0.489496,0.9544,-0.300637,2.265914,0.476981,0.8963,-0.160155,2.280196,0.104426,0.9621,-0.282825,2.285110,0.094325,0.9492
261,13.0500,0,-0.245800,2.179600,1.545535,0.9999,-0.220239,2.208446,1.576320,0.9998,-0.274704,2.210929,1.573060,0.9998,-0.192852,2.252185,1.561248,0.9998,-0.301616,2.259595,1.552025,0.9994,-0.066980,2.275903,1.335493,0.9998,-0.407769,2.248521,1.322864,0.9999,0.041454,2.245955,1.100316,0.9442,-0.441630,2.234337,1.056763,0.8399,0.139623,2.168510,0.878937,0.9474,-0.434995,2.128232,0.831652,0.8788,-0.121441,2.221631,0.877146,0.9991,-0.310581,2.223090,0.865882,0.9992,-0.138471,2.259310,0.491051,0.9665,-0.301913,2.265375,0.477239,0.8793,-0.158785,2.276262,0.106630,0.9763,-0.285408,2.281717,0.093849,0.9419
262,13.1000,0,-0.242884,2.177819,1.544964,0.9999,-0.217026,2.205924,1.576063,0.9998,-0.271678,2.208424,1.572179,0.9999,-0.188964,2.250033,1.561263,0.9994,-0.297204,2.255460,1.551973,0.9996,-0.063205,2.276546,1.332381,0.9996,-0.404279,2.250200,1.324689,0.9999,0.025462,2.254703,1.083246,0.8986,-0.438601,2.239814,1.057532,0.8600,0.096410,2.194174,0.850343,0.8720,-0.432037,2.135574,0.831996,0.8630,-0.122576,2.222874,0.876423,0.9989,-0.311912,2.224386,0.866785,0.9992,-0.137642,2.261484,0.488948,0.9544,-0.303001,2.265166,0.475976,0.9088,-0.157688,2.275274,0.107685,0.9640,-0.286541,2.282447,0.094069,0.9559
263,13.1500,0,-0.240095,2.175313,1.544482,0.9999,-0.213647,2.202990,1.576173,0.9998,-0.269316,2.206378,1.572036,0.9998,-0.184991,2.247273,1.561811,0.9992,-0.293951,2.253100,1.552125,0.9995,-0.059294,2.276346,1.329941,0.9996,-0.401960,2.251499,1.325333,0.9998,0.013655,2.260360,1.073590,0.8980,-0.436669,2.243689,1.057618,0.8636,0.064425,2.208289,0.836311,0.8741,-0.428957,2.142715,0.831898,0.8416,-0.122448,2.223456,0.876341,0.9991,-0.311978,2.224111,0.867563,0.9992,-0.137518,2.261731,0.489332,0.9481,-0.303008,2.264221,0.474869,0.8608,-0.156871,2.274111,0.108841,0.9649,-0.286791,2.282545,0.092810,0.9370
264,13.2000,0,-0.238683,2.173872,1.543553,0.9999,-0.211600,2.200063,1.575828,0.9998,-0.267920,2.204713,1.571630,0.9998,-0.181696,2.244448,1.561496,0.9996,-0.291304,2.251139,1.552009,0.9993,-0.056388,2.276721,1.328958,0.9998,-0.399707,2.253236,1.325846,0.9998,0.005107,2.265160,1.069384,0.9447,-0.433881,2.248132,1.056504,0.8127,0.045420,2.216335,0.832342,0.9511,-0.424166,2.147407,0.832629,0.8292,-0.121800,2.224916,0.876311,0.9991,-0.311533,2.224355,0.868338,0.9992,-0.137177,2.261823,0.488910,0.9546,-0.302982,2.263300,0.474904,0.8633,-0.155739,2.272444,0.109415,0.9672,-0.286336,2.279729,0.092720,0.9420
265,13.2500,0,-0.237744,2.170209,1.541954,0.9999,-0.211046,2.196468,1.574841,0.9999,-0.266648,2.201957,1.570387,0.9998,-0.180474,2.242302,1.561521,0.9996,-0.288390,2.249308,1.551720,0.9994,-0.054666,2.276382,1.329729,0.9999,-0.397130,2.254066,1.328143,0.9999,0.003030,2.271906,1.069639,0.9558,-0.430562,2.250685,1.057213,0.8168,0.039984,2.232424,0.830296,0.9625,-0.419953,2.151942,0.834348,0.8564,-0.121162,2.224795,0.876551,0.9992,-0.311054,2.224553,0.868926,0.9992,-0.136945,2.262484,0.490231,0.9569,-0.303074,2.262110,0.477224,0.8871,-0.154674,2.269962,0.111347,0.9682,-0.286365,2.278103,0.093748,0.9486
266,13.3000,0,-0.237845,2.170403,1.540627,1.0000,-0.210827,2.195466,1.573515,0.9999,-0.266259,2.201555,1.569097,0.9999,-0.179546,2.239743,1.561084,0.9998,-0.286366,2.247813,1.551123,0.9998,-0.052394,2.275984,1.328755,0.9998,-0.394510,2.254865,1.328542,0.9999,0.007259,2.286270,1.069288,0.9299,-0.427742,2.250516,1.057777,0.8659,0.051723,2.259803,0.829710,0.9361,-0.416392,2.155495,0.835286,0.9090,-0.119957,2.225704,0.873965,0.9991,-0.310074,2.227028,0.866283,0.9993,-0.137551,2.260463,0.486899,0.9634,-0.302161,2.264433,0.475822,0.9252,-0.155957,2.269896,0.109240,0.9721,-0.285189,2.279417,0.091921,0.9603
267,13.3500,0,-0.238926,2.168169,1.538713,1.0000,-0.211605,2.192701,1.572008,1.0000,-0.266481,2.199525,1.567557,1.0000,-0.179627,2.238698,1.559611,0.9999,-0.286251,2.246885,1.550260,0.9999,-0.053274,2.277780,1.330221,0.9999,-0.394353,2.254172,1.329469,0.9999,0.019048,2.296786,1.077041,0.9802,-0.427182,2.249975,1.058836,0.8809,0.084032,2.285718,0.840514,0.9861,-0.413487,2.156527,0.835498,0.9250,-0.119522,2.227873,0.874719,0.9993,-0.310014,2.229375,0.867527,0.9994,-0.136738,2.260669,0.488258,0.9484,-0.300868,2.266781,0.477266,0.9293,-0.155633,2.268429,0.108877,0.9679,-0.285111,2.278915,0.092376,0.9636
268,13.4000,0,-0.239218,2.168173,1.538103,1.0000,-0.211809,2.193738,1.571185,1.0000,-0.266328,2.200486,1.566916,1.0000,-0.179659,2.239291,1.558975,1.0000,-0.286489,2.248904,1.549908,0.9999,-0.054172,2.273842,1.333057,1.0000,-0.394518,2.254315,1.328178,0.9999,0.040920,2.297762,1.092540,0.9940,-0.427236,2.249344,1.058599,0.9026,0.131547,2.297527,0.867304,0.9955,-0.410871,2.156420,0.835364,0.9455,-0.119194,2.227627,0.874259,0.9995,-0.309201,2.230421,0.866497,0.9993,-0.137397,2.261449,0.488869,0.9456,-0.299821,2.268451,0.477255,0.9320,-0.157581,2.271653,0.106714,0.9648,-0.285317,2.278195,0.093570,0.9626
269,13.4500,0,-0.238847,2.168337,1.538005,1.0000,-0.212482,2.193682,1.571652,0.9999,-0.266838,2.199608,1.567122,0.9999,-0.180499,2.242021,1.559483,0.9999,-0.287689,2.246938,1.549774,0.9997,-0.055714,2.272863,1.335849,1.0000,-0.396659,2.252958,1.327056,0.9999,0.071850,2.293290,1.120358,0.9957,-0.428148,2.246155,1.057875,0.9226,0.205626,2.289800,0.931278,0.9948,-0.409782,2.154133,0.834907,0.9503,-0.119083,2.228417,0.873102,0.9990,-0.308543,2.231674,0.865222,0.9987,-0.138845,2.261042,0.486967,0.9251,-0.300323,2.268962,0.475901,0.9518,-0.159438,2.270972,0.105083,0.9521,-0.285817,2.277507,0.094189,0.9694
270,13.5000,0,-0.237795,2.169635,1.537301,0.9999,-0.212182,2.195663,1.570954,0.9996,-0.265969,2.199539,1.566689,0.9997,-0.179910,2.245030,1.558735,0.9992,-0.288789,2.248867,1.549442,0.9992,-0.056427,2.269827,1.339614,0.9999,-0.399218,2.252150,1.325731,0.9998,0.108479,2.282847,1.167268,0.9943,-0.430327,2.244492,1.057700,0.9531,0.205626,2.289800,0.931278,0.0000,-0.409001,2.154093,0.835259,0.9588,-0.118785,2.229633,0.872274,0.9986,-0.307583,2.234468,0.864303,0.9983,-0.138822,2.262256,0.484478,0.9323,-0.300955,2.269330,0.473992,0.9305,-0.160106,2.273162,0.103210,0.9598,-0.284969,2.279360,0.093324,0.9605
271,13.5500,0,-0.237061,2.169482,1.536571,1.0000,-0.211334,2.197827,1.570168,0.9997,-0.264550,2.199740,1.566258,0.9998,-0.179752,2.247893,1.558327,0.9994,-0.289029,2.251733,1.549102,0.9996,-0.057495,2.270966,1.345046,0.9999,-0.399782,2.253326,1.325863,0.9997,0.137224,2.270410,1.226468,0.9950,-0.431765,2.243541,1.058212,0.9582,0.205626,2.289800,0.931278,0.0000,-0.407810,2.154623,0.835309,0.9669,-0.119588,2.227790,0.873471,0.9991,-0.307098,2.232836,0.863994,0.9991,-0.138330,2.263073,0.486223,0.8991,-0.300528,2.270000,0.473439,0.9095,-0.160121,2.274216,0.104261,0.9492,-0.282598,2.281286,0.092355,0.9550
272,13.6000,0,-0.236145,2.171334,1.536463,1.0000,-0.210303,2.200942,1.570345,0.9999,-0.264059,2.201362,1.566721,1.0000,-0.179301,2.249363,1.558234,0.9996,-0.289996,2.253590,1.548960,0.9999,-0.059716,2.273406,1.352440,0.9999,-0.400498,2.254494,1.324897,0.9999,0.153236,2.256128,1.296355,0.9965,-0.431726,2.244931,1.057388,0.9481,0.205626,2.289800,0.931278,0.0000,-0.406240,2.158037,0.834467,0.9621,-0.120782,2.229743,0.872416,0.9997,-0.307662,2.234655,0.862755,0.9996,-0.138622,2.264849,0.485470,0.8909,-0.299547,2.271105,0.473240,0.9347,-0.160974,2.276311,0.103276,0.9521,-0.282072,2.283377,0.094589,0.9684
273,13.6500,0,-0.234195,2.172032,1.535666,1.0000,-0.208050,2.201149,1.569715,0.9998,-0.262278,2.201402,1.566035,0.9999,-0.178069,2.248401,1.557768,0.9994,-0.289040,2.252586,1.548483,0.9999,-0.062045,2.274221,1.359705,0.9999,-0.400435,2.253637,1.325526,0.9998,0.159718,2.243015,1.369523,0.9968,-0.433355,2.244500,1.057561,0.9304,0.205626,2.289800,0.931278,0.0000,-0.405513,2.159987,0.833409,0.9348,-0.120132,2.232555,0.872448,0.9995,-0.306888,2.236280,0.862836,0.9995,-0.137391,2.264626,0.484976,0.9242,-0.297912,2.273522,0.472787,0.9437,-0.161507,2.278015,0.100759,0.9435,-0.282697,2.285679,0.091185,0.9656
274,13.7000,0,-0.230457,2.173436,1.535513,0.9999,-0.203621,2.203674,1.569423,0.9996,-0.259314,2.201016,1.565833,0.9998,-0.175550,2.250327,1.557152,0.9993,-0.287995,2.249901,1.547751,0.9996,-0.065733,2.272459,1.363729,0.9997,-0.399953,2.252841,1.324821,0.9995,0.149968,2.224813,1.430192,0.9971,-0.433846,2.244074,1.057451,0.8457,0.239224,2.243184,1.300602,0.9945,-0.403829,2.161322,0.832990,0.8427,-0.119557,2.232525,0.872773,0.9991,-0.305732,2.235244,0.864003,0.9993,-0.136205,2.266531,0.485110,0.9129,-0.295039,2.273700,0.475084,0.9492,-0.163064,2.279870,0.099244,0.9386,-0.280974,2.285398,0.089225,0.9616
275,13.7500,0,-0.228814,2.173540,1.535458,0.9998,-0.201354,2.202890,1.568597,0.9992,-0.257352,2.200934,1.564938,0.9996,-0.174065,2.248533,1.556207,0.9984,-0.286209,2.248260,1.546727,0.9992,-0.069834,2.271575,1.367427,0.9995,-0.399145,2.255971,1.323912,0.9995,0.130157,2.206620,1.481917,0.9935,-0.434339,2.244551,1.058449,0.8461,0.217970,2.184009,1.536290,0.9948,-0.403176,2.162353,0.834463,0.8663,-0.119741,2.231668,0.873344,0.9992,-0.304290,2.233409,0.865325,0.9993,-0.136392,2.267063,0.488133,0.9353,-0.293623,2.274708,0.477899,0.9460,-0.164320,2.279375,0.100267,0.9537,-0.280120,2.287036,0.088091,0.9651
276,13.8000,0,-0.226768,2.173464,1.535671,0.9998,-0.199379,2.201900,1.567964,0.9993,-0.255107,2.200765,1.564910,0.9996,-0.172740,2.246571,1.554907,0.9985,-0.284123,2.246299,1.546408,0.9993,-0.072034,2.269397,1.370386,0.9994,-0.398205,2.256623,1.323772,0.9995,0.110518,2.192681,1.521372,0.9901,-0.432573,2.243497,1.059513,0.8658,0.178782,2.142647,1.667936,0.9897,-0.400909,2.160972,0.835186,0.8497,-0.119014,2.232420,0.874606,0.9994,-0.302529,2.233076,0.867269,0.9993,-0.134844,2.267556,0.488263,0.9653,-0.293297,2.277027,0.479173,0.9551,-0.163444,2.273332,0.102141,0.9695,-0.280010,2.286299,0.089122,0.9707
277,13.8500,0,-0.224508,2.170563,1.533420,0.9996,-0.197108,2.199489,1.565616,0.9987,-0.252680,2.197912,1.562738,0.9994,-0.171124,2.245467,1.552908,0.9976,-0.282251,2.243786,1.544676,0.9990,-0.073541,2.269209,1.372361,0.9988,-0.397908,2.256909,1.322758,0.9993,0.089578,2.189216,1.552021,0.9901,-0.430086,2.244738,1.059809,0.8632,0.141449,2.113718,1.746925,0.9887,-0.397409,2.161083,0.834177,0.8371,-0.117103,2.230746,0.875491,0.9989,-0.299917,2.232015,0.867983,0.9991,-0.133230,2.265388,0.488231,0.9631,-0.292584,2.277895,0.478865,0.9440,-0.162458,2.271031,0.103736,0.9707,-0.281138,2.285846,0.088404,0.9748
278,13.9000,0,-0.223948,2.170125,1.532153,0.9999,-0.196139,2.199217,1.564396,0.9996,-0.251942,2.197219,1.561376,0.9998,-0.170526,2.245147,1.551882,0.9993,-0.281915,2.243072,1.543263,0.9998,-0.075406,2.271284,1.373955,0.9994,-0.397843,2.255500,1.320673,0.9997,0.068146,2.192700,1.575433,0.9885,-0.429370,2.246568,1.060008,0.9128,0.087719,2.093565,1.789724,0.9879,-0.395231,2.163678,0.833701,0.8956,-0.115185,2.232790,0.876208,0.9994,-0.297752,2.232019,0.868112,0.9995,-0.131032,2.266052,0.488375,0.9579,-0.291223,2.276775,0.478345,0.9484,-0.160844,2.269863,0.101803,0.9669,-0.281231,2.285622,0.087885,0.9709
279,13.9500,0,-0.223592,2.172136,1.531272,0.9999,-0.194963,2.199696,1.563315,0.9996,-0.251587,2.198998,1.560412,0.9998,-0.168892,2.243416,1.550336,0.9989,-0.281415,2.242456,1.542233,0.9998,-0.075483,2.274808,1.374713,0.9990,-0.397502,2.254919,1.319106,0.9997,0.047123,2.202285,1.593007,0.9794,-0.427944,2.246691,1.059983,0.9131,0.025646,2.092360,1.807220,0.9798,-0.393167,2.163583,0.833172,0.8899,-0.112830,2.232561,0.877256,0.9992,-0.296113,2.231614,0.869221,0.9994,-0.129600,2.264888,0.488727,0.9719,-0.291347,2.276024,0.479050,0.9201,-0.160483,2.269878,0.101763,0.9749,-0.281880,2.287091,0.088772,0.9570
280,14.0000,0,-0.223190,2.173095,1.530648,1.0000,-0.194212,2.199831,1.562763,0.9997,-0.251677,2.199158,1.560387,0.9999,-0.168495,2.243750,1.549121,0.9987,-0.282261,2.241954,1.542177,0.9999,-0.077143,2.276715,1.375735,0.9991,-0.397268,2.254046,1.317823,0.9998,0.028008,2.214235,1.603412,0.9751,-0.427204,2.247651,1.059715,0.9311,-0.030337,2.105647,1.815220,0.9752,-0.390503,2.163184,0.832875,0.9008,-0.109687,2.231097,0.877522,0.9993,-0.293454,2.229536,0.868806,0.9995,-0.127600,2.263849,0.487575,0.9639,-0.291034,2.275755,0.477829,0.9542,-0.159977,2.269011,0.101568,0.9700,-0.282573,2.285088,0.090518,0.9701
281,14.0500,0,-0.222255,2.173790,1.530915,0.9999,-0.193876,2.201425,1.563010,0.9995,-0.251086,2.198780,1.560744,0.9998,-0.169077,2.246058,1.548612,0.9990,-0.283202,2.242378,1.542639,0.9998,-0.078061,2.280418,1.377936,0.9991,-0.396670,2.255573,1.317099,0.9997,0.011202,2.225836,1.612930,0.9626,-0.427002,2.246932,1.059109,0.8920,-0.075174,2.121464,1.819944,0.9608,-0.389022,2.161022,0.833917,0.8468,-0.108052,2.230484,0.878363,0.9994,-0.290933,2.226891,0.869311,0.9994,-0.127072,2.265131,0.486993,0.9570,-0.290232,2.273897,0.477786,0.9351,-0.158705,2.271888,0.101579,0.9697,-0.284029,2.282079,0.092572,0.9696
282,14.1000,0,-0.221432,2.177451,1.530996,0.9999,-0.192976,2.204173,1.562802,0.9996,-0.250842,2.201756,1.560983,0.9998,-0.168927,2.246297,1.547505,0.9992,-0.284233,2.242999,1.542095,0.9998,-0.079771,2.279960,1.378037,0.9993,-0.396589,2.254752,1.315145,0.9996,-0.000620,2.232766,1.619342,0.9713,-0.426497,2.245674,1.058740,0.9033,-0.100439,2.133922,1.825353,0.9696,-0.387243,2.158766,0.833664,0.8513,-0.106741,2.229036,0.879455,0.9994,-0.289059,2.225970,0.869676,0.9994,-0.126384,2.264606,0.486877,0.9595,-0.289596,2.273244,0.477166,0.9072,-0.158690,2.272964,0.102421,0.9623,-0.283714,2.281484,0.093227,0.9522
283,14.1500,0,-0.221949,2.176140,1.531261,0.9998,-0.193528,2.203535,1.562817,0.9992,-0.250962,2.200948,1.561262,0.9997,-0.170052,2.245973,1.547287,0.9986,-0.285138,2.242902,1.542178,0.9996,-0.080994,2.281242,1.377892,0.9990,-0.397484,2.253334,1.313296,0.9995,-0.005540,2.239483,1.622723,0.9553,-0.426944,2.243922,1.057146,0.8886,-0.100713,2.153265,1.835869,0.9613,-0.385999,2.157697,0.832937,0.8604,-0.107065,2.230526,0.878545,0.9993,-0.288393,2.223547,0.868813,0.9993,-0.126387,2.264969,0.486386,0.9273,-0.288568,2.273531,0.476457,0.9378,-0.158372,2.275347,0.102040,0.9515,-0.284091,2.280077,0.093448,0.9661
284,14.2000,0,-0.223927,2.173745,1.529880,0.9995,-0.195105,2.200579,1.561841,0.9982,-0.252493,2.199483,1.559662,0.9993,-0.170512,2.243521,1.547185,0.9972,-0.285026,2.241837,1.540930,0.9989,-0.082294,2.279897,1.378945,0.9988,-0.396496,2.253306,1.314330,0.9993,-0.002113,2.243979,1.624007,0.9675,-0.425471,2.246321,1.057844,0.8296,-0.082021,2.171277,1.849183,0.9741,-0.385440,2.157884,0.833899,0.7877,-0.107824,2.231245,0.879575,0.9991,-0.288002,2.224062,0.869481,0.9991,-0.126026,2.264335,0.486008,0.9305,-0.288032,2.273817,0.476785,0.9243,-0.158915,2.274688,0.101478,0.9540,-0.282319,2.279932,0.091320,0.9671
285,14.2500,0,-0.224106,2.174223,1.529550,0.9995,-0.195084,2.201385,1.561577,0.9982,-0.252691,2.199431,1.559168,0.9992,-0.170868,2.244588,1.547418,0.9966,-0.285443,2.241548,1.540661,0.9987,-0.083393,2.279810,1.378082,0.9989,-0.397231,2.252308,1.314013,0.9994,0.006795,2.245554,1.619583,0.9779,-0.426940,2.245329,1.057797,0.8745,-0.052990,2.185514,1.854386,0.9829,-0.385098,2.156188,0.834612,0.8670,-0.108230,2.230654,0.878072,0.9990,-0.288652,2.223658,0.868421,0.9992,-0.126327,2.264194,0.485070,0.9465,-0.287633,2.273709,0.476912,0.9624,-0.158975,2.273435,0.100928,0.9614,-0.279853,2.282784,0.089417,0.9741
286,14.3000,0,-0.222557,2.173097,1.528767,0.9995,-0.193816,2.200501,1.560922,0.9982,-0.251580,2.196705,1.558742,0.9992,-0.170286,2.243091,1.546908,0.9966,-0.285183,2.237029,1.540339,0.9986,-0.083625,2.275873,1.377720,0.9991,-0.397948,2.250142,1.314292,0.9994,0.022120,2.243924,1.612023,0.9909,-0.427592,2.241701,1.057270,0.8838,-0.012248,2.192344,1.850038,0.9905,-0.386430,2.154773,0.833704,0.8761,-0.109008,2.230396,0.877978,0.9990,-0.289696,2.223566,0.868988,0.9992,-0.127676,2.264908,0.485313,0.9714,-0.288632,2.274707,0.477037,0.9541,-0.158248,2.270207,0.102347,0.9710,-0.278596,2.282074,0.090032,0.9721
287,14.3500,0,-0.224580,2.168566,1.529860,0.9998,-0.195479,2.197596,1.561918,0.9993,-0.252565,2.192991,1.559592,0.9996,-0.170564,2.244234,1.548169,0.9988,-0.284593,2.236161,1.541330,0.9993,-0.082004,2.276465,1.376409,0.9996,-0.398563,2.250323,1.315217,0.9994,0.048092,2.245718,1.597301,0.9851,-0.428943,2.242737,1.057052,0.8399,0.050429,2.202730,1.833113,0.9911,-0.388803,2.155333,0.833807,0.8439,-0.110567,2.229681,0.875579,0.9993,-0.290498,2.223644,0.866229,0.9992,-0.129167,2.263928,0.485703,0.9382,-0.288874,2.273048,0.475654,0.9047,-0.156765,2.273172,0.101336,0.9600,-0.278448,2.284125,0.088004,0.9622
288,14.4000,0,-0.226404,2.166291,1.531364,1.0000,-0.197649,2.196843,1.563504,0.9999,-0.253586,2.192976,1.560925,1.0000,-0.172540,2.246225,1.549766,0.9998,-0.284277,2.238025,1.542907,1.0000,-0.079739,2.279890,1.375490,0.9998,-0.399836,2.250636,1.316205,0.9999,0.078376,2.249660,1.573973,0.9946,-0.429990,2.240757,1.056777,0.9040,0.133817,2.208485,1.802849,0.9961,-0.392747,2.153588,0.834158,0.9072,-0.111330,2.228686,0.875817,0.9994,-0.291756,2.221824,0.866239,0.9995,-0.128491,2.264575,0.486098,0.9607,-0.290885,2.272104,0.475425,0.9336,-0.154988,2.272509,0.101063,0.9700,-0.278531,2.286828,0.086658,0.9643
289,14.4500,0,-0.228357,2.167373,1.533587,1.0000,-0.200316,2.197733,1.565820,0.9999,-0.255904,2.193803,1.562908,1.0000,-0.175235,2.246668,1.551675,0.9995,-0.286258,2.239174,1.544171,1.0000,-0.077331,2.280969,1.375254,0.9998,-0.400881,2.249644,1.317804,0.9999,0.104952,2.241990,1.541891,0.9971,-0.432087,2.240305,1.057177,0.9623,0.211582,2.199768,1.750162,0.9948,-0.396471,2.152202,0.834814,0.9691,-0.113546,2.228564,0.873166,0.9994,-0.294440,2.223475,0.864102,0.9995,-0.129329,2.267219,0.484255,0.9294,-0.293063,2.270964,0.474338,0.9506,-0.156448,2.274026,0.099150,0.9470,-0.280952,2.285876,0.087815,0.9675
290,14.5000,0,-0.229224,2.168717,1.535705,1.0000,-0.201585,2.198777,1.567892,0.9999,-0.256933,2.194943,1.564790,0.9999,-0.176581,2.247139,1.553636,0.9996,-0.287636,2.240162,1.545570,0.9999,-0.075331,2.281667,1.375142,0.9999,-0.402107,2.249007,1.320866,0.9998,0.129528,2.236485,1.502740,0.9975,-0.434260,2.238630,1.058862,0.9595,0.279210,2.190553,1.675333,0.9949,-0.400117,2.151226,0.836199,0.9684,-0.116362,2.229582,0.874020,0.9995,-0.297806,2.224988,0.864750,0.9993,-0.130792,2.267810,0.484009,0.9033,-0.294585,2.269426,0.474239,0.9281,-0.158272,2.276053,0.097868,0.9380,-0.281058,2.284241,0.089234,0.9581
291,14.5500,0,-0.231701,2.168927,1.537111,1.0000,-0.204437,2.198766,1.569779,0.9998,-0.259539,2.195906,1.566141,0.9998,-0.178914,2.247108,1.555794,0.9997,-0.289622,2.242424,1.546847,0.9997,-0.074023,2.281495,1.373598,0.9999,-0.401613,2.249248,1.323436,0.9998,0.144485,2.227474,1.450845,0.9976,-0.435436,2.238206,1.060349,0.9603,0.328959,2.172614,1.582019,0.9963,-0.402026,2.152049,0.836307,0.9702,-0.117555,2.231009,0.873923,0.9995,-0.299046,2.226047,0.864850,0.9993,-0.132044,2.268010,0.484817,0.8951,-0.294675,2.269285,0.474746,0.9403,-0.158530,2.277235,0.097624,0.9529,-0.280876,2.286814,0.088769,0.9697
292,14.6000,0,-0.233873,2.170266,1.537746,0.9999,-0.207222,2.198915,1.571026,0.9996,-0.262171,2.198223,1.566781,0.9997,-0.180078,2.246845,1.557399,0.9992,-0.291261,2.245356,1.547752,0.9989,-0.072538,2.280324,1.370523,0.9999,-0.401007,2.248385,1.324522,0.9998,0.151696,2.217046,1.392380,0.9957,-0.435561,2.237931,1.061198,0.9530,0.358822,2.159040,1.475701,0.9957,-0.404213,2.149289,0.836234,0.9655,-0.118536,2.231611,0.874018,0.9990,-0.299970,2.227393,0.864535,0.9989,-0.133139,2.268444,0.487252,0.8942,-0.295513,2.268825,0.477223,0.9136,-0.159887,2.278516,0.098881,0.9493,-0.282687,2.283928,0.089504,0.9589
293,14.6500,0,-0.235920,2.165837,1.539092,1.0000,-0.210591,2.194314,1.572535,0.9997,-0.264711,2.194197,1.567529,0.9997,-0.182191,2.245429,1.559376,0.9994,-0.293403,2.244458,1.548518,0.9992,-0.070057,2.278292,1.365346,0.9999,-0.400774,2.249756,1.325847,0.9999,0.150333,2.205308,1.329190,0.9946,-0.435009,2.240386,1.061707,0.9370,0.366602,2.130065,1.358453,0.9937,-0.406116,2.148920,0.836096,0.9639,-0.118717,2.230608,0.873184,0.9987,-0.300991,2.228791,0.863522,0.9989,-0.133647,2.265717,0.489283,0.9204,-0.296106,2.267829,0.476981,0.9520,-0.157598,2.275905,0.102451,0.9550,-0.283468,2.279247,0.089844,0.9752
294,14.7000,0,-0.238388,2.163708,1.539900,1.0000,-0.213764,2.190995,1.573384,0.9998,-0.267607,2.192796,1.567611,0.9999,-0.184327,2.243387,1.560486,0.9992,-0.294942,2.244283,1.548668,0.9997,-0.067903,2.274983,1.360455,0.9999,-0.400163,2.251517,1.326311,0.9999,0.141622,2.199283,1.273389,0.9897,-0.433201,2.243859,1.062382,0.8971,0.351732,2.111478,1.247174,0.9948,-0.407416,2.151031,0.836364,0.9443,-0.118720,2.231046,0.871790,0.9983,-0.301487,2.230507,0.862909,0.9986,-0.134983,2.262595,0.489465,0.8979,-0.296285,2.266089,0.476345,0.9372,-0.157609,2.273302,0.104347,0.9464,-0.282735,2.278722,0.090374,0.9609
295,14.7500,0,-0.241021,2.161398,1.540526,1.0000,-0.217145,2.188218,1.574039,0.9999,-0.270252,2.190767,1.567524,0.9999,-0.186098,2.241145,1.561427,0.9995,-0.295907,2.244041,1.548799,0.9998,-0.064448,2.271162,1.355520,0.9999,-0.399545,2.251681,1.325484,0.9999,0.129714,2.198347,1.225550,0.9904,-0.431717,2.246439,1.061559,0.8760,0.327642,2.091316,1.145822,0.9949,-0.408183,2.151944,0.836473,0.9218,-0.117152,2.233136,0.870667,0.9985,-0.301371,2.231739,0.862630,0.9986,-0.135330,2.260610,0.487612,0.9071,-0.296250,2.265779,0.474813,0.9346,-0.157707,2.275284,0.105052,0.9535,-0.282621,2.279424,0.089508,0.9529
296,14.8000,0,-0.243668,2.158848,1.540000,1.0000,-0.219823,2.184854,1.573734,0.9999,-0.272376,2.189510,1.567226,0.9999,-0.186886,2.238849,1.561502,0.9998,-0.295937,2.244181,1.548787,0.9998,-0.060678,2.271652,1.350691,1.0000,-0.397374,2.252635,1.325748,0.9999,0.112725,2.205472,1.184797,0.9868,-0.430360,2.247744,1.061947,0.8516,0.296536,2.083583,1.063924,0.9925,-0.408457,2.153525,0.836781,0.9120,-0.115514,2.232539,0.869891,0.9990,-0.300976,2.231097,0.861215,0.9991,-0.135155,2.261200,0.487029,0.9422,-0.296263,2.267578,0.474076,0.9403,-0.159151,2.275501,0.105526,0.9619,-0.282474,2.283137,0.088585,0.9595
297,14.8500,0,-0.244398,2.157908,1.539847,1.0000,-0.220167,2.183145,1.573667,0.9999,-0.272767,2.189236,1.566995,0.9999,-0.186435,2.237057,1.561548,0.9996,-0.294952,2.243804,1.548897,0.9998,-0.057886,2.272537,1.347058,0.9999,-0.394801,2.256245,1.326506,0.9999,0.092838,2.220494,1.152247,0.9867,-0.427429,2.252315,1.061652,0.7769,0.255810,2.092492,0.994726,0.9878,-0.407970,2.156525,0.835943,0.8297,-0.115062,2.231125,0.868996,0.9991,-0.300643,2.232023,0.860449,0.9989,-0.135229,2.261673,0.485046,0.9224,-0.295372,2.266896,0.473775,0.8890,-0.158991,2.276890,0.104888,0.9533,-0.281547,2.282595,0.089946,0.9399
298,14.9000,0,-0.245571,2.157662,1.539674,1.0000,-0.220431,2.182036,1.573526,0.9999,-0.272918,2.189631,1.566581,0.9999,-0.185659,2.234803,1.561619,0.9993,-0.292953,2.244214,1.549318,0.9997,-0.056221,2.273645,1.345148,0.9998,-0.391980,2.258701,1.327422,0.9999,0.070148,2.235754,1.127796,0.9579,-0.425092,2.257913,1.060616,0.8052,0.205398,2.113338,0.944810,0.9723,-0.407529,2.157167,0.836346,0.8641,-0.116238,2.232787,0.868725,0.9990,-0.302146,2.233720,0.861052,0.9990,-0.136117,2.259395,0.486359,0.8937,-0.296388,2.264550,0.475188,0.8990,-0.160169,2.276046,0.104482,0.9452,-0.283573,2.279966,0.091307,0.9510
299,14.9500,0,-0.245753,2.156493,1.539399,0.9999,-0.220034,2.180623,1.573570,0.9997,-0.272838,2.189266,1.566788,0.9998,-0.184548,2.232957,1.561983,0.9990,-0.291225,2.244344,1.549771,0.9996,-0.053398,2.272957,1.343271,0.9997,-0.389993,2.260151,1.327394,0.9998,0.050967,2.243456,1.110455,0.9482,-0.423095,2.261816,1.058872,0.7715,0.156073,2.139129,0.906423,0.9574,-0.408130,2.159496,0.835053,0.8201,-0.116459,2.231871,0.869078,0.9986,-0.302735,2.232586,0.861754,0.9991,-0.136507,2.258149,0.485904,0.9219,-0.296478,2.264262,0.474037,0.9102,-0.157551,2.272311,0.105157,0.9535,-0.283971,2.278383,0.089418,0.9581
300,15.0000,0,-0.245400,2.156181,1.538112,0.9999,-0.219001,2.178889,1.572989,0.9996,-0.272355,2.188675,1.566644,0.9997,-0.182628,2.229917,1.561710,0.9985,-0.289165,2.242121,1.549880,0.9993,-0.050722,2.270842,1.341534,0.9996,-0.388539,2.259507,1.328905,0.9998,0.036627,2.249893,1.097904,0.9276,-0.421329,2.264662,1.059300,0.7632,0.119509,2.168579,0.882942,0.9267,-0.411982,2.161247,0.836077,0.8447,-0.115159,2.227474,0.870059,0.9983,-0.302069,2.229587,0.863105,0.9990,-0.136539,2.257330,0.484117,0.9444,-0.297114,2.264181,0.473310,0.9279,-0.157363,2.269676,0.106926,0.9571,-0.284341,2.278486,0.088715,0.9642
301,15.0500,0,-0.244634,2.153531,1.536812,0.9999,-0.218227,2.175738,1.571580,0.9998,-0.271109,2.186714,1.565450,0.9998,-0.181167,2.228016,1.560757,0.9997,-0.286807,2.240659,1.549464,0.9994,-0.048222,2.265628,1.339652,0.9999,-0.386907,2.257971,1.327202,0.9999,0.028868,2.254062,1.089206,0.9624,-0.419164,2.265839,1.056534,0.7558,0.098865,2.194560,0.863322,0.9615,-0.417080,2.162814,0.833167,0.8442,-0.114511,2.223943,0.870299,0.9990,-0.301928,2.228404,0.862934,0.9990,-0.137032,2.254199,0.484057,0.9623,-0.296902,2.263435,0.473894,0.8559,-0.156042,2.268485,0.107522,0.9723,-0.283351,2.279249,0.089309,0.9309
302,15.1000,0,-0.243641,2.152635,1.536296,1.0000,-0.217345,2.174152,1.570907,0.9999,-0.269761,2.185820,1.565087,0.9999,-0.179385,2.226511,1.560066,0.9999,-0.284208,2.239499,1.549119,0.9997,-0.045910,2.262299,1.337687,0.9999,-0.384847,2.257497,1.325614,0.9999,0.027032,2.261212,1.085084,0.9781,-0.417351,2.267186,1.055239,0.7957,0.098864,2.217362,0.854148,0.9777,-0.426885,2.163990,0.831548,0.8860,-0.114009,2.221816,0.870930,0.9993,-0.302128,2.229773,0.862532,0.9992,-0.136230,2.255261,0.483046,0.9751,-0.296509,2.263488,0.474503,0.9359,-0.154949,2.271687,0.106121,0.9788,-0.281778,2.278570,0.089273,0.9642
303,15.1500,0,-0.242048,2.154288,1.536265,1.0000,-0.215430,2.174420,1.570429,1.0000,-0.268254,2.186789,1.564870,1.0000,-0.177354,2.225611,1.559326,1.0000,-0.283021,2.238915,1.549080,0.9998,-0.044966,2.259020,1.335560,1.0000,-0.383949,2.257316,1.324835,0.9999,0.031027,2.268705,1.083315,0.9838,-0.418385,2.264096,1.056455,0.8276,0.113669,2.237767,0.851293,0.9866,-0.444971,2.164138,0.832696,0.8933,-0.112470,2.220677,0.870794,0.9996,-0.301438,2.230593,0.861489,0.9995,-0.136967,2.255772,0.483149,0.9603,-0.295734,2.262242,0.475855,0.8959,-0.154942,2.274534,0.104316,0.9754,-0.281558,2.280474,0.090260,0.9456
304,15.2000,0,-0.240814,2.152978,1.535533,1.0000,-0.213803,2.173116,1.569454,0.9999,-0.266523,2.186450,1.564649,0.9999,-0.176125,2.224772,1.558947,0.9999,-0.280783,2.238331,1.549065,0.9997,-0.043697,2.257157,1.334736,1.0000,-0.384071,2.257568,1.325861,0.9999,0.041112,2.271919,1.085350,0.9945,-0.423660,2.257290,1.060666,0.8790,0.136715,2.250628,0.857383,0.9939,-0.472315,2.170062,0.835487,0.9352,-0.111193,2.220185,0.870741,0.9993,-0.301706,2.229356,0.862686,0.9992,-0.139317,2.254806,0.481369,0.9666,-0.295694,2.262033,0.476749,0.9367,-0.156342,2.271363,0.104171,0.9796,-0.282270,2.280044,0.092432,0.9632
305,15.2500,0,-0.238640,2.155952,1.535997,1.0000,-0.211016,2.176535,1.569558,1.0000,-0.264193,2.188082,1.565054,1.0000,-0.174437,2.225239,1.559081,1.0000,-0.279203,2.236471,1.549222,0.9999,-0.042483,2.253637,1.336073,1.0000,-0.385707,2.254475,1.326661,0.9999,0.055438,2.271379,1.092548,0.9986,-0.436356,2.247920,1.064961,0.9329,0.165154,2.253654,0.871118,0.9967,-0.512859,2.178191,0.842724,0.9603,-0.110647,2.221143,0.868964,0.9995,-0.303186,2.229501,0.861613,0.9992,-0.139813,2.256291,0.479920,0.9763,-0.295145,2.262666,0.475357,0.9254,-0.156535,2.267303,0.104152,0.9804,-0.281176,2.278905,0.093791,0.9581
306,15.3000,0,-0.236233,2.155763,1.535765,1.0000,-0.209472,2.176006,1.569541,1.0000,-0.262251,2.186916,1.565127,1.0000,-0.173031,2.224591,1.559480,1.0000,-0.278908,2.236806,1.549817,0.9999,-0.039742,2.247940,1.337107,1.0000,-0.385895,2.253239,1.328610,0.9999,0.075171,2.267061,1.104578,0.9980,-0.452866,2.242992,1.073554,0.9389,0.208223,2.252932,0.896079,0.9981,-0.561864,2.190789,0.857462,0.9674,-0.111906,2.220654,0.868719,0.9994,-0.305746,2.230808,0.862241,0.9993,-0.140479,2.257775,0.480740,0.9795,-0.295417,2.261911,0.476275,0.9453,-0.156961,2.268964,0.103947,0.9888,-0.281892,2.278178,0.094626,0.9716
307,15.3500,0,-0.233707,2.154562,1.535073,1.0000,-0.207537,2.175246,1.568865,1.0000,-0.259542,2.185314,1.565045,1.0000,-0.171494,2.224545,1.559157,0.9999,-0.277144,2.237473,1.550115,0.9999,-0.038073,2.243883,1.338609,1.0000,-0.386618,2.252130,1.330580,0.9999,0.095937,2.260134,1.121287,0.9963,-0.474808,2.235790,1.089199,0.9644,0.256911,2.250338,0.934440,0.9971,-0.613039,2.201607,0.884882,0.9827,-0.112763,2.217941,0.869793,0.9991,-0.305485,2.231120,0.863005,0.9991,-0.141699,2.258732,0.481730,0.9721,-0.295099,2.262343,0.477372,0.9380,-0.157507,2.268502,0.103009,0.9842,-0.281949,2.280866,0.093869,0.9639
308,15.4000,0,-0.233734,2.154845,1.535192,1.0000,-0.206693,2.174575,1.568922,0.9999,-0.259124,2.187367,1.565661,0.9999,-0.169836,2.224244,1.559097,0.9996,-0.275941,2.241605,1.551388,0.9996,-0.038177,2.245893,1.342739,1.0000,-0.386695,2.250767,1.332746,0.9999,0.116191,2.261486,1.144234,0.9956,-0.500389,2.228442,1.110104,0.9751,0.304994,2.244278,0.985436,0.9975,-0.664412,2.203603,0.925926,0.9890,-0.112608,2.217566,0.871932,0.9982,-0.304460,2.229532,0.866210,0.9985,-0.143038,2.261245,0.481784,0.9408,-0.296040,2.261091,0.479951,0.9586,-0.159228,2.270693,0.103493,0.9634,-0.282443,2.278764,0.094958,0.9763
309,15.4500,0,-0.233582,2.149962,1.534064,0.9999,-0.207024,2.170703,1.568032,0.9997,-0.257935,2.184222,1.564888,0.9995,-0.169584,2.222418,1.558184,0.9996,-0.274155,2.243359,1.551357,0.9989,-0.038224,2.245309,1.345242,1.0000,-0.387028,2.251551,1.333457,0.9998,0.139971,2.249852,1.167377,0.9963,-0.529144,2.225325,1.131988,0.9831,0.346478,2.237299,1.041514,0.9967,-0.722365,2.204435,0.974883,0.9937,-0.111657,2.214084,0.873449,0.9970,-0.303302,2.229362,0.867043,0.9976,-0.140571,2.262324,0.480900,0.9549,-0.296068,2.260231,0.480387,0.9530,-0.158456,2.270426,0.102970,0.9729,-0.282052,2.278044,0.095475,0.9779
310,15.5000,0,-0.230959,2.147433,1.533205,1.0000,-0.204256,2.168312,1.567428,0.9999,-0.254953,2.182319,1.564615,0.9998,-0.167267,2.222593,1.557855,0.9996,-0.271853,2.243659,1.551732,0.9996,-0.037716,2.244426,1.347664,0.9999,-0.387268,2.253540,1.335748,0.9997,0.158429,2.241888,1.191579,0.9948,-0.554543,2.229396,1.157494,0.9857,0.379143,2.228802,1.094262,0.9971,-0.767427,2.210524,1.042944,0.9971,-0.110461,2.213399,0.874172,0.9974,-0.302525,2.229603,0.867433,0.9981,-0.139159,2.263205,0.479833,0.9532,-0.295946,2.260939,0.479617,0.9383,-0.156336,2.269633,0.102205,0.9740,-0.281973,2.278219,0.093921,0.9795
311,15.5500,0,-0.228941,2.150425,1.532583,0.9999,-0.202299,2.171874,1.567148,0.9997,-0.253247,2.185844,1.563964,0.9997,-0.165280,2.223917,1.557355,0.9993,-0.270797,2.246311,1.551258,0.9994,-0.037648,2.243838,1.349602,0.9999,-0.387364,2.254852,1.339201,0.9993,0.171949,2.239950,1.215963,0.9966,-0.572773,2.231079,1.181837,0.9893,0.401186,2.218264,1.141504,0.9982,-0.799176,2.221039,1.130027,0.9977,-0.110609,2.212197,0.877438,0.9976,-0.302300,2.227461,0.869614,0.9979,-0.139054,2.264771,0.481931,0.9328,-0.296134,2.261624,0.479660,0.9239,-0.155271,2.270110,0.103103,0.9606,-0.280208,2.282176,0.091902,0.9796
312,15.6000,0,-0.227329,2.151404,1.531622,0.9999,-0.201178,2.173867,1.566235,0.9996,-0.251802,2.186743,1.563331,0.9997,-0.163930,2.225813,1.556304,0.9992,-0.270662,2.246842,1.550098,0.9995,-0.037862,2.243625,1.351559,0.9999,-0.388191,2.253824,1.342252,0.9993,0.181167,2.236912,1.237527,0.9964,-0.586923,2.226651,1.205420,0.9942,0.416564,2.205601,1.180150,0.9975,-0.806494,2.233037,1.228028,0.9980,-0.109712,2.213612,0.878330,0.9975,-0.301637,2.226895,0.869508,0.9976,-0.137041,2.267040,0.480832,0.9679,-0.295542,2.261560,0.477233,0.9431,-0.153862,2.270579,0.102789,0.9691,-0.278990,2.282857,0.091648,0.9726
313,15.6500,0,-0.225063,2.153062,1.532940,0.9999,-0.198515,2.175353,1.566703,0.9997,-0.250046,2.188457,1.564276,0.9998,-0.161329,2.227542,1.556163,0.9995,-0.269140,2.246911,1.550901,0.9996,-0.038937,2.246160,1.353779,0.9998,-0.387306,2.253560,1.346498,0.9992,0.186068,2.234490,1.253987,0.9962,-0.596846,2.223658,1.227227,0.9954,0.425546,2.196741,1.210921,0.9976,-0.791522,2.250114,1.325196,0.9986,-0.110611,2.215539,0.881183,0.9979,-0.302094,2.226879,0.872457,0.9975,-0.136489,2.266918,0.482695,0.9610,-0.296447,2.262334,0.478813,0.9466,-0.153655,2.269781,0.102517,0.9660,-0.279462,2.284150,0.092012,0.9648
314,15.7000,0,-0.224182,2.155651,1.534432,1.0000,-0.197474,2.176500,1.567820,0.9998,-0.249604,2.189848,1.565976,0.9998,-0.160210,2.229094,1.556135,0.9995,-0.269404,2.246323,1.551618,0.9994,-0.040371,2.248398,1.356102,0.9998,-0.386537,2.254847,1.350092,0.9990,0.190150,2.235073,1.268189,0.9944,-0.601893,2.225975,1.246820,0.9935,0.433171,2.190841,1.234668,0.9969,-0.768100,2.262694,1.405009,0.9979,-0.111934,2.216675,0.882033,0.9986,-0.302689,2.225564,0.873663,0.9987,-0.136202,2.266488,0.485164,0.9593,-0.296981,2.263338,0.479986,0.9401,-0.153555,2.268672,0.104536,0.9632,-0.280533,2.284224,0.093270,0.9694
315,15.7500,0,-0.223895,2.156672,1.534171,0.9999,-0.197778,2.176915,1.567707,0.9998,-0.249914,2.190653,1.565938,0.9998,-0.160104,2.230848,1.556457,0.9996,-0.270430,2.246889,1.552368,0.9993,-0.041943,2.250843,1.358093,0.9998,-0.385259,2.256550,1.353150,0.9991,0.192022,2.229816,1.277279,0.9938,-0.607357,2.227196,1.259646,0.9933,0.437543,2.182957,1.249913,0.9973,-0.737199,2.269068,1.454948,0.9965,-0.113022,2.217079,0.882204,0.9985,-0.303177,2.224829,0.873648,0.9987,-0.135447,2.265578,0.487178,0.9293,-0.295977,2.261713,0.481126,0.9114,-0.153101,2.270018,0.105670,0.9549,-0.279394,2.282730,0.094413,0.9733
316,15.8000,0,-0.223354,2.160131,1.534658,0.9999,-0.197013,2.181590,1.568192,0.9995,-0.249373,2.193671,1.566610,0.9996,-0.159364,2.233877,1.556863,0.9994,-0.270682,2.249529,1.553471,0.9988,-0.042801,2.252436,1.359216,0.9996,-0.384353,2.258891,1.355946,0.9985,0.192948,2.226263,1.281937,0.9953,-0.611871,2.230469,1.271430,0.9925,0.441005,2.174544,1.259301,0.9975,-0.686747,2.272608,1.489252,0.9967,-0.114462,2.218099,0.883148,0.9972,-0.304147,2.226582,0.874336,0.9982,-0.135842,2.265271,0.489509,0.9235,-0.295144,2.262160,0.482333,0.9279,-0.153411,2.269727,0.105488,0.9546,-0.277954,2.285032,0.090739,0.9771
317,15.8500,0,-0.222056,2.161180,1.533241,0.9999,-0.195816,2.181272,1.567436,0.9998,-0.248236,2.192869,1.565563,0.9998,-0.159081,2.235061,1.555943,0.9997,-0.271047,2.249269,1.552612,0.9994,-0.043579,2.252957,1.360170,0.9998,-0.382395,2.257811,1.356204,0.9990,0.193364,2.225067,1.285512,0.9949,-0.614879,2.230839,1.281005,0.9896,0.441255,2.168590,1.262671,0.9968,-0.632651,2.264898,1.494359,0.9926,-0.116355,2.218866,0.882648,0.9978,-0.304845,2.226585,0.873876,0.9983,-0.135419,2.265247,0.488760,0.9388,-0.294796,2.261396,0.481988,0.8964,-0.152408,2.269029,0.104949,0.9559,-0.276437,2.286059,0.089775,0.9762
318,15.9000,0,-0.221120,2.163395,1.531925,1.0000,-0.194394,2.184347,1.566077,0.9998,-0.247004,2.194648,1.564097,0.9998,-0.157622,2.237221,1.555086,0.9997,-0.270099,2.251900,1.551129,0.9996,-0.043652,2.254100,1.359998,0.9998,-0.379862,2.257788,1.355112,0.9993,0.194477,2.226378,1.287473,0.9958,-0.616312,2.232002,1.286579,0.9904,0.441397,2.165951,1.263303,0.9972,-0.578291,2.261477,1.485683,0.9937,-0.117274,2.219942,0.881281,0.9984,-0.305867,2.227340,0.872069,0.9985,-0.135010,2.265365,0.488211,0.9562,-0.294344,2.260972,0.480098,0.9162,-0.152029,2.269114,0.105520,0.9627,-0.275057,2.286471,0.087973,0.9779
319,15.9500,0,-0.221280,2.163135,1.531763,1.0000,-0.194666,2.184692,1.565985,0.9998,-0.247432,2.195213,1.563654,0.9999,-0.157636,2.237320,1.554591,0.9994,-0.270534,2.252159,1.549577,0.9997,-0.044018,2.257380,1.359189,0.9997,-0.378635,2.258367,1.354351,0.9993,0.194698,2.227482,1.287365,0.9949,-0.617988,2.232100,1.291303,0.9896,0.440431,2.164519,1.261885,0.9956,-0.539761,2.255136,1.473961,0.9893,-0.117891,2.219913,0.881667,0.9978,-0.306365,2.226837,0.872397,0.9983,-0.135059,2.264411,0.488520,0.9411,-0.293726,2.260517,0.480275,0.9263,-0.151843,2.267684,0.105394,0.9510,-0.274206,2.288193,0.086851,0.9724
320,16.0000,0,-0.220353,2.165186,1.532659,0.9999,-0.193540,2.186221,1.566377,0.9998,-0.247030,2.197358,1.563712,0.9998,-0.156233,2.237536,1.554062,0.9996,-0.269933,2.253442,1.549297,0.9994,-0.044617,2.258733,1.358868,0.9997,-0.377433,2.258219,1.354158,0.9989,0.193223,2.225534,1.286854,0.9934,-0.617698,2.231485,1.292746,0.9912,0.440044,2.163437,1.260043,0.9955,-0.518342,2.245481,1.468410,0.9943,-0.118996,2.219471,0.882551,0.9978,-0.306295,2.226236,0.873532,0.9979,-0.135377,2.264323,0.488407,0.9412,-0.294379,2.259838,0.481006,0.9304,-0.151407,2.268984,0.104341,0.9595,-0.275643,2.288640,0.086574,0.9760
321,16.0500,0,-0.219835,2.165393,1.532331,0.9999,-0.192140,2.187161,1.565499,0.9996,-0.246034,2.198194,1.563314,0.9997,-0.155570,2.238967,1.553475,0.9996,-0.269368,2.255764,1.549568,0.9989,-0.044404,2.259115,1.358668,0.9997,-0.375723,2.258327,1.353218,0.9983,0.193996,2.223212,1.286662,0.9957,-0.618973,2.234896,1.293130,0.9880,0.441957,2.160911,1.259675,0.9966,-0.509937,2.236546,1.471603,0.9950,-0.120159,2.220747,0.883382,0.9980,-0.306620,2.227370,0.874139,0.9983,-0.135174,2.264916,0.489918,0.9417,-0.295108,2.259536,0.482726,0.9407,-0.151324,2.271200,0.105241,0.9549,-0.276148,2.286653,0.087805,0.9769
322,16.1000,0,-0.219439,2.165685,1.531133,0.9999,-0.191978,2.187020,1.564427,0.9997,-0.245170,2.197733,1.562644,0.9997,-0.155154,2.240323,1.553506,0.9996,-0.268664,2.256186,1.550042,0.9992,-0.044327,2.258313,1.359520,0.9997,-0.375374,2.257137,1.354048,0.9989,0.193928,2.224070,1.287948,0.9959,-0.619133,2.231670,1.292541,0.9920,0.441252,2.161976,1.260123,0.9972,-0.519033,2.222378,1.477635,0.9963,-0.120920,2.220004,0.883614,0.9975,-0.306982,2.227257,0.874484,0.9980,-0.134489,2.264811,0.489499,0.9449,-0.295174,2.258337,0.483466,0.8986,-0.150623,2.270768,0.105110,0.9558,-0.276186,2.285739,0.087750,0.9651
323,16.1500,0,-0.219231,2.165945,1.530944,1.0000,-0.192169,2.187227,1.564899,0.9999,-0.244899,2.197586,1.563091,0.9998,-0.155011,2.240741,1.553412,0.9997,-0.268732,2.256352,1.550099,0.9996,-0.043899,2.257227,1.358706,0.9998,-0.375952,2.258480,1.354776,0.9992,0.194479,2.220731,1.286950,0.9962,-0.617985,2.234046,1.294073,0.9938,0.441910,2.161108,1.260127,0.9977,-0.540949,2.201893,1.489037,0.9976,-0.120610,2.220568,0.882665,0.9983,-0.307270,2.229410,0.873623,0.9984,-0.134566,2.264667,0.488855,0.9510,-0.296047,2.258391,0.482455,0.9414,-0.152138,2.270747,0.104018,0.9609,-0.275563,2.285089,0.087735,0.9770
324,16.2000,0,-0.219157,2.165536,1.531392,1.0000,-0.192068,2.187533,1.565561,0.9999,-0.244752,2.199007,1.564257,0.9998,-0.154739,2.240975,1.553825,0.9998,-0.267857,2.257391,1.551254,0.9995,-0.044132,2.257279,1.358545,0.9998,-0.376750,2.260038,1.356804,0.9992,0.194517,2.219677,1.286645,0.9937,-0.617410,2.234997,1.299599,0.9920,0.442148,2.159935,1.260271,0.9974,-0.570164,2.180582,1.501393,0.9979,-0.120047,2.220489,0.881817,0.9987,-0.306817,2.229407,0.872982,0.9988,-0.134903,2.265496,0.488091,0.9315,-0.297011,2.259890,0.482075,0.9320,-0.152713,2.270672,0.104495,0.9634,-0.277602,2.285352,0.088781,0.9805
325,16.2500,0,-0.221209,2.166055,1.532787,0.9999,-0.192952,2.187882,1.567213,0.9997,-0.246016,2.202757,1.566275,0.9998,-0.154610,2.240081,1.555800,0.9993,-0.266440,2.260577,1.553434,0.9995,-0.043371,2.258998,1.359540,0.9998,-0.377227,2.260077,1.358723,0.9992,0.196377,2.224793,1.287160,0.9928,-0.618164,2.233542,1.302633,0.9949,0.441391,2.161883,1.259738,0.9976,-0.612359,2.173867,1.504261,0.9985,-0.117961,2.220689,0.882584,0.9977,-0.305032,2.228878,0.873785,0.9985,-0.134910,2.265758,0.484866,0.9424,-0.296310,2.260680,0.480073,0.9361,-0.152696,2.270313,0.104235,0.9566,-0.277930,2.287957,0.086536,0.9710
326,16.3000,0,-0.220475,2.164133,1.533986,1.0000,-0.191902,2.187056,1.567504,0.9998,-0.245202,2.202148,1.566843,0.9999,-0.154451,2.240205,1.556386,0.9996,-0.264788,2.260062,1.554186,0.9998,-0.042421,2.259314,1.358498,0.9998,-0.378013,2.258052,1.359005,0.9994,0.199841,2.227423,1.287735,0.9943,-0.618120,2.231316,1.305739,0.9918,0.442083,2.161651,1.258356,0.9967,-0.664464,2.178751,1.499972,0.9982,-0.117201,2.222693,0.881848,0.9976,-0.304488,2.228902,0.873331,0.9983,-0.134618,2.266841,0.484540,0.9352,-0.295886,2.262586,0.479162,0.9301,-0.151932,2.269231,0.104912,0.9579,-0.276586,2.290395,0.086396,0.9711
327,16.3500,0,-0.220008,2.164733,1.534617,0.9999,-0.191671,2.187074,1.567738,0.9996,-0.244264,2.202508,1.566734,0.9997,-0.154172,2.239802,1.555906,0.9992,-0.262667,2.259542,1.553747,0.9993,-0.041098,2.259206,1.357429,0.9998,-0.378099,2.257401,1.359326,0.9988,0.202291,2.228698,1.288797,0.9971,-0.616706,2.232208,1.308266,0.9857,0.442370,2.162568,1.257324,0.9971,-0.715347,2.189018,1.479164,0.9974,-0.116210,2.223441,0.881710,0.9972,-0.304181,2.229186,0.873728,0.9966,-0.133571,2.267660,0.484485,0.9490,-0.295893,2.263347,0.479252,0.9494,-0.152301,2.269208,0.103950,0.9547,-0.276917,2.291340,0.086264,0.9559
328,16.4000,0,-0.220188,2.165878,1.534684,0.9999,-0.191728,2.186185,1.568464,0.9994,-0.245220,2.202878,1.567094,0.9995,-0.153352,2.236618,1.556587,0.9987,-0.262611,2.256075,1.553618,0.9989,-0.039285,2.257430,1.357418,0.9997,-0.378224,2.256499,1.361460,0.9990,0.204175,2.226126,1.288197,0.9968,-0.614728,2.234151,1.306670,0.9814,0.443118,2.161525,1.255742,0.9978,-0.763145,2.202973,1.441604,0.9964,-0.115260,2.223346,0.879823,0.9973,-0.303090,2.228358,0.872807,0.9978,-0.134569,2.268319,0.483328,0.9473,-0.296016,2.265362,0.478883,0.9333,-0.154386,2.270159,0.103718,0.9596,-0.278570,2.288993,0.087296,0.9742
329,16.4500,0,-0.220639,2.164259,1.534565,0.9999,-0.191903,2.184105,1.568321,0.9994,-0.245467,2.201651,1.566811,0.9995,-0.153295,2.235379,1.556511,0.9987,-0.262592,2.256007,1.553483,0.9990,-0.038777,2.256184,1.357130,0.9998,-0.379065,2.256505,1.362558,0.9994,0.204649,2.225319,1.287921,0.9977,-0.614988,2.240635,1.304054,0.9837,0.443915,2.162145,1.254190,0.9985,-0.804510,2.224532,1.393279,0.9974,-0.114363,2.222515,0.879349,0.9973,-0.302205,2.227407,0.873838,0.9975,-0.135198,2.268231,0.483428,0.9321,-0.295743,2.264335,0.480588,0.9592,-0.154529,2.269608,0.105666,0.9502,-0.281476,2.287052,0.089849,0.9716
330,16.5000,0,-0.220788,2.164685,1.534754,0.9999,-0.191384,2.184093,1.568705,0.9997,-0.245846,2.201851,1.566469,0.9998,-0.152816,2.235006,1.556848,0.9993,-0.263539,2.255516,1.553194,0.9996,-0.039000,2.254740,1.357623,0.9999,-0.380018,2.257707,1.361485,0.9997,0.203480,2.222731,1.287574,0.9966,-0.615667,2.242103,1.298110,0.9826,0.443141,2.162879,1.252186,0.9985,-0.825143,2.237004,1.337585,0.9951,-0.113544,2.222183,0.878271,0.9981,-0.301661,2.228285,0.873266,0.9981,-0.135610,2.267802,0.481482,0.9251,-0.295461,2.262712,0.479901,0.9508,-0.155696,2.268825,0.105855,0.9576,-0.280820,2.285297,0.090064,0.9778
331,16.5500,0,-0.219753,2.162922,1.535155,1.0000,-0.191432,2.183678,1.569732,0.9998,-0.245317,2.198425,1.566856,0.9998,-0.153515,2.234706,1.558082,0.9996,-0.264667,2.253747,1.553394,0.9995,-0.039240,2.254082,1.358341,0.9999,-0.381541,2.258149,1.360413,0.9997,0.203118,2.224108,1.287778,0.9961,-0.615231,2.241002,1.288473,0.9806,0.443389,2.165164,1.251703,0.9987,-0.835410,2.237488,1.281699,0.9942,-0.113358,2.220952,0.878718,0.9989,-0.301540,2.227280,0.874053,0.9990,-0.135602,2.265225,0.484272,0.9110,-0.295007,2.261482,0.483696,0.9336,-0.157397,2.267736,0.107719,0.9614,-0.280672,2.285106,0.091779,0.9836
332,16.6000,0,-0.219499,2.161479,1.534136,0.9999,-0.191792,2.183549,1.569043,0.9998,-0.245409,2.196249,1.565573,0.9996,-0.154454,2.235156,1.558202,0.9994,-0.265966,2.252651,1.552682,0.9992,-0.039744,2.254258,1.358503,0.9999,-0.383138,2.258202,1.360132,0.9997,0.202952,2.225025,1.287271,0.9969,-0.614344,2.240805,1.278885,0.9822,0.443032,2.167666,1.250847,0.9987,-0.837915,2.238038,1.234637,0.9939,-0.113728,2.221210,0.879234,0.9986,-0.302066,2.228333,0.874998,0.9987,-0.135241,2.266304,0.486826,0.9180,-0.294854,2.261975,0.485335,0.9385,-0.157454,2.267435,0.109229,0.9545,-0.281763,2.282769,0.092846,0.9812
333,16.6500,0,-0.220201,2.161125,1.534876,1.0000,-0.192960,2.183474,1.570117,0.9998,-0.246468,2.195008,1.566262,0.9997,-0.155853,2.234637,1.559284,0.9996,-0.267599,2.251886,1.552910,0.9994,-0.039524,2.252702,1.358799,1.0000,-0.384514,2.259118,1.358682,0.9997,0.202806,2.224424,1.287323,0.9973,-0.614533,2.243531,1.270782,0.9811,0.443521,2.168192,1.250684,0.9986,-0.840520,2.241583,1.203668,0.9949,-0.113731,2.220467,0.879182,0.9988,-0.302228,2.229063,0.875364,0.9991,-0.135090,2.264729,0.487359,0.9281,-0.294884,2.261802,0.486551,0.9371,-0.158086,2.266237,0.110839,0.9627,-0.282111,2.282858,0.094541,0.9834
334,16.7000,0,-0.220705,2.159674,1.533734,1.0000,-0.193770,2.183277,1.568731,0.9998,-0.246696,2.193575,1.564737,0.9997,-0.157011,2.234657,1.558340,0.9995,-0.268322,2.251687,1.552141,0.9993,-0.040557,2.251852,1.359009,0.9999,-0.385813,2.258779,1.357436,0.9997,0.201023,2.223423,1.287710,0.9969,-0.615062,2.241092,1.265207,0.9873,0.441756,2.168764,1.251671,0.9980,-0.843438,2.239221,1.189592,0.9960,-0.113074,2.221667,0.878950,0.9984,-0.301945,2.230793,0.875631,0.9987,-0.135646,2.263030,0.488710,0.9228,-0.294841,2.261021,0.487447,0.9437,-0.157536,2.263139,0.111823,0.9538,-0.281503,2.280740,0.093985,0.9811
335,16.7500,0,-0.221200,2.158673,1.534336,0.9999,-0.195023,2.182366,1.569367,0.9997,-0.247742,2.191527,1.564773,0.9998,-0.158497,2.234207,1.558879,0.9993,-0.269950,2.250506,1.552115,0.9996,-0.041196,2.251771,1.359913,0.9999,-0.386714,2.258467,1.356477,0.9998,0.199667,2.223515,1.288602,0.9972,-0.615344,2.238206,1.263172,0.9861,0.440834,2.167745,1.252247,0.9986,-0.845551,2.241479,1.191227,0.9970,-0.112970,2.221617,0.878792,0.9984,-0.302238,2.230996,0.875291,0.9984,-0.134612,2.263205,0.487851,0.9301,-0.294859,2.260624,0.487506,0.9420,-0.156639,2.262572,0.110730,0.9570,-0.280954,2.279160,0.094629,0.9781
336,16.8000,0,-0.222469,2.157903,1.533973,0.9999,-0.196676,2.182128,1.569391,0.9997,-0.249177,2.190534,1.564611,0.9996,-0.159991,2.235107,1.559140,0.9994,-0.271588,2.250659,1.552206,0.9992,-0.041342,2.253066,1.360110,0.9999,-0.388541,2.258334,1.356452,0.9995,0.200624,2.224021,1.289429,0.9976,-0.616547,2.238380,1.263713,0.9886,0.441512,2.167032,1.253140,0.9988,-0.850809,2.243476,1.204906,0.9970,-0.112606,2.222123,0.879467,0.9980,-0.302620,2.231174,0.875300,0.9983,-0.135324,2.265285,0.487468,0.9297,-0.295272,2.261533,0.486680,0.9533,-0.156561,2.266259,0.111123,0.9549,-0.281085,2.280365,0.094204,0.9764
337,16.8500,0,-0.223909,2.157411,1.533761,0.9999,-0.198801,2.181701,1.569216,0.9996,-0.250567,2.188790,1.563870,0.9997,-0.162317,2.234359,1.559052,0.9991,-0.273362,2.248952,1.551463,0.9995,-0.042198,2.252062,1.360558,0.9999,-0.389968,2.260215,1.356008,0.9994,0.199450,2.224546,1.290023,0.9975,-0.617732,2.242282,1.266931,0.9856,0.439694,2.166603,1.253808,0.9986,-0.853438,2.239752,1.227556,0.9972,-0.113062,2.222493,0.880696,0.9980,-0.303149,2.230968,0.875189,0.9979,-0.135841,2.267052,0.485459,0.9492,-0.295376,2.262417,0.484065,0.9378,-0.155505,2.269027,0.109547,0.9585,-0.280574,2.284146,0.092501,0.9745
338,16.9000,0,-0.225125,2.157928,1.532273,0.9998,-0.200022,2.182041,1.567424,0.9993,-0.251230,2.189818,1.562530,0.9995,-0.163461,2.233673,1.557569,0.9986,-0.273920,2.249762,1.550572,0.9989,-0.043364,2.250242,1.361065,0.9998,-0.391294,2.260022,1.355235,0.9991,0.198225,2.223959,1.290169,0.9974,-0.620408,2.240851,1.269800,0.9905,0.437601,2.165370,1.253792,0.9983,-0.854921,2.242306,1.263999,0.9982,-0.112398,2.220907,0.881402,0.9971,-0.302702,2.229542,0.874085,0.9976,-0.136748,2.268829,0.484646,0.9474,-0.296446,2.264210,0.480798,0.9381,-0.155986,2.268247,0.109661,0.9541,-0.280041,2.287122,0.089203,0.9701
339,16.9500,0,-0.226808,2.160075,1.532528,0.9999,-0.200572,2.182775,1.566914,0.9994,-0.252827,2.192115,1.562433,0.9995,-0.163718,2.233208,1.556635,0.9986,-0.274768,2.248673,1.550139,0.9990,-0.044133,2.251536,1.360277,0.9997,-0.392203,2.257669,1.356030,0.9991,0.200423,2.227250,1.291011,0.9972,-0.622726,2.234098,1.273928,0.9947,0.437555,2.165203,1.252925,0.9978,-0.846300,2.251361,1.314196,0.9976,-0.112732,2.222053,0.881396,0.9969,-0.302784,2.229669,0.873912,0.9975,-0.136522,2.269992,0.483036,0.9470,-0.296467,2.265576,0.477793,0.9519,-0.155861,2.268481,0.109391,0.9550,-0.280843,2.288484,0.087283,0.9695
340,17.0000,0,-0.227708,2.160012,1.533314,0.9999,-0.201061,2.182069,1.567007,0.9996,-0.253672,2.192932,1.563356,0.9998,-0.164066,2.233288,1.556105,0.9992,-0.274863,2.247852,1.550512,0.9995,-0.045431,2.252560,1.359963,0.9998,-0.392668,2.258289,1.356094,0.9992,0.200140,2.225665,1.292018,0.9967,-0.623967,2.232610,1.280125,0.9933,0.436256,2.164147,1.252822,0.9968,-0.826311,2.256114,1.369407,0.9978,-0.113761,2.223180,0.881599,0.9981,-0.303759,2.230869,0.873376,0.9980,-0.137093,2.270432,0.481894,0.9655,-0.297190,2.265401,0.476774,0.9345,-0.155148,2.267593,0.107295,0.9652,-0.279860,2.292206,0.085911,0.9649
341,17.0500,0,-0.227045,2.159933,1.534310,0.9999,-0.200735,2.183702,1.567394,0.9998,-0.253289,2.193130,1.564376,0.9999,-0.165069,2.235714,1.557068,0.9996,-0.275648,2.249182,1.551814,0.9996,-0.047192,2.252750,1.359764,0.9998,-0.392310,2.256255,1.356172,0.9992,0.197193,2.224488,1.291787,0.9951,-0.624898,2.230163,1.285943,0.9913,0.434898,2.164599,1.253490,0.9979,-0.800055,2.259659,1.424563,0.9977,-0.115266,2.222963,0.881382,0.9985,-0.304858,2.230174,0.872965,0.9985,-0.136206,2.269968,0.482321,0.9455,-0.297897,2.264480,0.478019,0.9342,-0.154523,2.266522,0.110012,0.9584,-0.280367,2.288799,0.089114,0.9684
342,17.1000,0,-0.227682,2.161222,1.534933,0.9999,-0.200505,2.185624,1.567706,0.9997,-0.255131,2.193700,1.565170,0.9999,-0.165319,2.238373,1.557532,0.9995,-0.277937,2.247984,1.552492,0.9996,-0.049989,2.253017,1.359564,0.9998,-0.393424,2.256647,1.356360,0.9992,0.194412,2.224157,1.291700,0.9953,-0.626039,2.232205,1.288594,0.9941,0.433746,2.164413,1.253017,0.9977,-0.763351,2.262874,1.461159,0.9980,-0.116983,2.221612,0.881877,0.9983,-0.306391,2.229391,0.873456,0.9984,-0.135538,2.269623,0.482201,0.9346,-0.297845,2.264072,0.478136,0.9256,-0.153936,2.266381,0.110698,0.9469,-0.278803,2.288727,0.087913,0.9620
343,17.1500,0,-0.229798,2.162122,1.533453,1.0000,-0.202451,2.186908,1.567435,0.9999,-0.257078,2.193668,1.564657,0.9998,-0.165922,2.237996,1.557384,0.9997,-0.280369,2.248118,1.552307,0.9996,-0.052082,2.250096,1.359625,0.9998,-0.393904,2.256753,1.358083,0.9994,0.191731,2.219559,1.290235,0.9953,-0.627602,2.231725,1.292334,0.9964,0.432619,2.163486,1.252404,0.9977,-0.715530,2.256750,1.485188,0.9979,-0.118839,2.222102,0.880984,0.9980,-0.308294,2.230935,0.872448,0.9980,-0.135938,2.268715,0.482236,0.9296,-0.297655,2.262832,0.477540,0.8946,-0.154078,2.265568,0.109200,0.9508,-0.278056,2.284442,0.090100,0.9543
344,17.2000,0,-0.230520,2.160627,1.533052,0.9999,-0.203011,2.185583,1.567354,0.9996,-0.258238,2.191832,1.564629,0.9997,-0.166603,2.238661,1.557824,0.9991,-0.282600,2.245928,1.552170,0.9992,-0.054894,2.250545,1.359882,0.9997,-0.394811,2.257524,1.358064,0.9989,0.189734,2.219370,1.289562,0.9965,-0.629229,2.232068,1.294080,0.9947,0.431884,2.164824,1.251424,0.9964,-0.664488,2.250283,1.494681,0.9965,-0.120606,2.220860,0.880416,0.9970,-0.310103,2.230385,0.871807,0.9971,-0.136495,2.268316,0.481066,0.9480,-0.297647,2.262764,0.475606,0.9118,-0.153564,2.266914,0.109232,0.9467,-0.276786,2.286247,0.087755,0.9615
345,17.2500,0,-0.232415,2.159470,1.532527,0.9998,-0.205343,2.183200,1.567049,0.9992,-0.260035,2.191305,1.564275,0.9992,-0.167911,2.237521,1.556393,0.9991,-0.284120,2.246633,1.551551,0.9978,-0.055396,2.252089,1.359069,0.9997,-0.393111,2.259005,1.358081,0.9984,0.189343,2.219265,1.287801,0.9963,-0.628905,2.234399,1.296085,0.9886,0.432384,2.165447,1.250197,0.9964,-0.618350,2.250622,1.497033,0.9942,-0.122944,2.220700,0.879848,0.9970,-0.311959,2.231289,0.871259,0.9973,-0.138054,2.268052,0.482539,0.9426,-0.298770,2.262423,0.475889,0.8988,-0.153091,2.268031,0.111198,0.9481,-0.277012,2.285951,0.087816,0.9616
346,17.3000,0,-0.232336,2.161336,1.532650,0.9999,-0.205496,2.184934,1.567472,0.9997,-0.259858,2.192257,1.564030,0.9998,-0.167686,2.238542,1.555752,0.9993,-0.284954,2.246456,1.550393,0.9994,-0.056188,2.251544,1.358260,0.9997,-0.390876,2.260745,1.357270,0.9988,0.188046,2.218741,1.286269,0.9967,-0.629186,2.235746,1.296633,0.9893,0.432308,2.164343,1.248874,0.9974,-0.576585,2.251695,1.488307,0.9935,-0.124549,2.219296,0.879885,0.9979,-0.312729,2.231739,0.871066,0.9977,-0.138622,2.267216,0.483412,0.9472,-0.299145,2.261387,0.476654,0.9175,-0.151871,2.269526,0.110436,0.9521,-0.277591,2.285419,0.087600,0.9674
347,17.3500,0,-0.233151,2.162834,1.532371,0.9999,-0.206450,2.185621,1.567155,0.9997,-0.260654,2.192560,1.563501,0.9997,-0.168339,2.238369,1.555108,0.9994,-0.286828,2.245417,1.549172,0.9992,-0.056906,2.252783,1.358927,0.9997,-0.390227,2.261378,1.357091,0.9990,0.186410,2.221590,1.285590,0.9951,-0.629728,2.236764,1.297418,0.9876,0.431153,2.167331,1.248033,0.9960,-0.543560,2.246270,1.477397,0.9911,-0.125714,2.220435,0.880744,0.9980,-0.313649,2.232200,0.871595,0.9978,-0.139638,2.267644,0.484580,0.9512,-0.299137,2.261653,0.476532,0.8760,-0.153178,2.267895,0.111451,0.9489,-0.276478,2.285353,0.087330,0.9561
348,17.4000,0,-0.234486,2.163614,1.532666,0.9999,-0.207307,2.183561,1.566841,0.9996,-0.261801,2.193691,1.563600,0.9997,-0.168904,2.236210,1.554298,0.9988,-0.286128,2.246171,1.549435,0.9991,-0.058477,2.254148,1.358376,0.9997,-0.390083,2.263337,1.356224,0.9991,0.185577,2.221924,1.284224,0.9958,-0.630818,2.237592,1.297647,0.9875,0.430310,2.167230,1.246967,0.9963,-0.521574,2.244669,1.469007,0.9929,-0.127255,2.219449,0.881348,0.9978,-0.314618,2.232369,0.872251,0.9981,-0.139631,2.265528,0.486252,0.9413,-0.298735,2.260958,0.478302,0.8841,-0.152877,2.267832,0.112540,0.9477,-0.275458,2.286887,0.088294,0.9633
349,17.4500,0,-0.235497,2.163493,1.532143,0.9999,-0.207710,2.181681,1.566525,0.9996,-0.262624,2.194448,1.563402,0.9996,-0.168483,2.235355,1.553692,0.9994,-0.285626,2.246820,1.549294,0.9989,-0.058684,2.255911,1.357797,0.9998,-0.389824,2.265026,1.356299,0.9990,0.186251,2.221610,1.282824,0.9962,-0.631807,2.239520,1.297601,0.9880,0.430749,2.168200,1.245390,0.9963,-0.509978,2.248244,1.465734,0.9912,-0.127707,2.219317,0.880876,0.9975,-0.315642,2.232230,0.871526,0.9975,-0.139720,2.265468,0.485363,0.9668,-0.298972,2.262092,0.476985,0.8955,-0.152967,2.266105,0.112397,0.9645,-0.276601,2.288182,0.089828,0.9607
350,17.5000,0,-0.235719,2.164402,1.531371,0.9999,-0.208663,2.182837,1.565939,0.9997,-0.263272,2.193733,1.562120,0.9997,-0.169133,2.236112,1.553018,0.9993,-0.287674,2.245326,1.548172,0.9991,-0.058897,2.254241,1.356867,0.9997,-0.389213,2.264133,1.355405,0.9984,0.186051,2.219540,1.282381,0.9957,-0.631336,2.241500,1.296289,0.9874,0.430115,2.166963,1.244483,0.9959,-0.507266,2.234331,1.463662,0.9935,-0.128492,2.219853,0.880646,0.9976,-0.316536,2.232685,0.871607,0.9972,-0.140055,2.266420,0.485197,0.9481,-0.299462,2.260533,0.477407,0.9000,-0.153605,2.265721,0.111366,0.9516,-0.277392,2.286160,0.089955,0.9538
351,17.5500,0,-0.235901,2.163332,1.530873,0.9999,-0.209393,2.182621,1.565614,0.9997,-0.262844,2.193078,1.562098,0.9997,-0.170068,2.236818,1.553341,0.9994,-0.287535,2.246631,1.548016,0.9991,-0.058855,2.254348,1.357731,0.9997,-0.389291,2.261917,1.354598,0.9988,0.184562,2.219362,1.282572,0.9961,-0.631831,2.239853,1.294813,0.9935,0.429016,2.167673,1.243289,0.9974,-0.518587,2.223784,1.465926,0.9974,-0.127703,2.220602,0.879985,0.9970,-0.315995,2.232852,0.871211,0.9973,-0.139852,2.267432,0.484165,0.9492,-0.300328,2.259958,0.476698,0.9216,-0.153571,2.266054,0.111506,0.9479,-0.277668,2.283580,0.089709,0.9634
352,17.6000,0,-0.236424,2.163165,1.530948,0.9999,-0.209155,2.183990,1.565443,0.9996,-0.263090,2.193681,1.562427,0.9998,-0.169869,2.239358,1.553521,0.9990,-0.286821,2.248895,1.548675,0.9994,-0.058849,2.255848,1.356857,0.9997,-0.390546,2.260564,1.355025,0.9993,0.185579,2.220761,1.282615,0.9956,-0.632433,2.238546,1.295688,0.9949,0.429408,2.168885,1.243093,0.9966,-0.538883,2.203525,1.475093,0.9970,-0.127280,2.220240,0.878658,0.9978,-0.315862,2.232176,0.870116,0.9980,-0.139721,2.267761,0.483038,0.9382,-0.299879,2.261127,0.475645,0.9098,-0.154978,2.264902,0.110945,0.9478,-0.276616,2.284742,0.088106,0.9606
353,17.6500,0,-0.236647,2.162853,1.530673,1.0000,-0.208820,2.186226,1.565328,0.9998,-0.262853,2.194220,1.562721,0.9999,-0.169360,2.242410,1.554156,0.9996,-0.285865,2.251882,1.549850,0.9996,-0.058303,2.257009,1.356592,0.9998,-0.392090,2.262213,1.357381,0.9993,0.186365,2.221146,1.282086,0.9969,-0.632761,2.240928,1.297522,0.9944,0.430111,2.168121,1.242340,0.9970,-0.566747,2.185962,1.488045,0.9978,-0.126629,2.221877,0.878281,0.9975,-0.315629,2.233534,0.869975,0.9982,-0.138875,2.269056,0.483570,0.9468,-0.299670,2.258900,0.475760,0.9343,-0.154860,2.269275,0.109363,0.9561,-0.275180,2.283321,0.088986,0.9736
354,17.7000,0,-0.235698,2.162905,1.532522,0.9999,-0.207870,2.186597,1.566978,0.9998,-0.262303,2.194934,1.564578,0.9999,-0.168928,2.243680,1.555456,0.9996,-0.284985,2.253986,1.551071,0.9997,-0.057041,2.259794,1.356874,0.9998,-0.393047,2.261313,1.358421,0.9992,0.187727,2.225626,1.282674,0.9942,-0.633813,2.236221,1.302626,0.9952,0.429881,2.170448,1.242243,0.9978,-0.609170,2.172555,1.498564,0.9981,-0.125551,2.221848,0.877678,0.9974,-0.314598,2.232872,0.869672,0.9980,-0.139206,2.269394,0.483338,0.9265,-0.299377,2.259405,0.475418,0.9216,-0.155006,2.270907,0.110065,0.9447,-0.275542,2.283186,0.090170,0.9643
355,17.7500,0,-0.234312,2.165162,1.534853,0.9999,-0.205917,2.189938,1.568498,0.9996,-0.260634,2.198464,1.566566,0.9998,-0.168510,2.246022,1.556404,0.9992,-0.282527,2.256726,1.552685,0.9995,-0.055645,2.261046,1.355498,0.9998,-0.393135,2.260129,1.358599,0.9990,0.190166,2.229091,1.282616,0.9956,-0.632707,2.228570,1.306796,0.9949,0.428896,2.170748,1.241141,0.9979,-0.659093,2.170548,1.499630,0.9984,-0.123636,2.221466,0.878351,0.9983,-0.312711,2.233211,0.870010,0.9983,-0.138489,2.268495,0.483672,0.9212,-0.299574,2.258688,0.476526,0.9506,-0.153402,2.272354,0.110070,0.9337,-0.276644,2.280838,0.092350,0.9519
356,17.8000,0,-0.232611,2.165296,1.535835,0.9999,-0.204036,2.189622,1.569341,0.9996,-0.258766,2.198604,1.567200,0.9997,-0.166972,2.246158,1.556695,0.9993,-0.280470,2.256408,1.552833,0.9994,-0.053736,2.262373,1.354616,0.9998,-0.393543,2.258128,1.359702,0.9989,0.191735,2.232399,1.282410,0.9963,-0.632023,2.221113,1.312360,0.9931,0.428863,2.169994,1.240425,0.9976,-0.713087,2.169183,1.493124,0.9975,-0.122895,2.222575,0.878294,0.9975,-0.312160,2.231952,0.870529,0.9978,-0.138064,2.268695,0.483614,0.9300,-0.299884,2.258744,0.477567,0.9413,-0.153435,2.271964,0.109028,0.9387,-0.276828,2.281471,0.093302,0.9556
357,17.8500,0,-0.231562,2.165100,1.535064,0.9999,-0.202795,2.189579,1.568202,0.9995,-0.257711,2.198098,1.566017,0.9996,-0.166057,2.246443,1.555915,0.9990,-0.278654,2.256322,1.552150,0.9991,-0.052511,2.261752,1.354095,0.9998,-0.393199,2.259212,1.360403,0.9992,0.191358,2.230466,1.281928,0.9976,-0.630884,2.223053,1.318008,0.9917,0.429063,2.169852,1.240270,0.9985,-0.762979,2.186758,1.470282,0.9983,-0.122376,2.221607,0.878243,0.9975,-0.311693,2.230113,0.870674,0.9974,-0.138068,2.268909,0.483498,0.9453,-0.299704,2.258810,0.478300,0.9543,-0.154517,2.271917,0.109107,0.9470,-0.278001,2.279140,0.095016,0.9626
358,17.9000,0,-0.229797,2.163240,1.535159,0.9998,-0.201326,2.188942,1.567907,0.9993,-0.256519,2.196753,1.565697,0.9993,-0.165807,2.245814,1.556278,0.9986,-0.278003,2.254930,1.552294,0.9985,-0.052463,2.258528,1.354756,0.9998,-0.392926,2.260545,1.360680,0.9990,0.190963,2.228218,1.281765,0.9972,-0.629737,2.225868,1.320439,0.9882,0.430060,2.170207,1.239716,0.9986,-0.800616,2.201322,1.434329,0.9977,-0.121702,2.220378,0.878234,0.9978,-0.311366,2.229147,0.870905,0.9974,-0.137495,2.269446,0.481691,0.9548,-0.299287,2.259267,0.478694,0.9476,-0.154543,2.271969,0.107889,0.9604,-0.280500,2.279370,0.095693,0.9757
359,17.9500,0,-0.226896,2.162972,1.535481,0.9998,-0.198567,2.190088,1.568408,0.9992,-0.253671,2.197595,1.566327,0.9993,-0.163859,2.245970,1.556771,0.9986,-0.276381,2.256200,1.553060,0.9986,-0.051486,2.256836,1.355258,0.9998,-0.392996,2.262101,1.361517,0.9993,0.190815,2.225150,1.281423,0.9969,-0.629872,2.229861,1.319919,0.9915,0.428846,2.170027,1.239531,0.9974,-0.829987,2.216036,1.391884,0.9976,-0.120997,2.219709,0.877123,0.9975,-0.311297,2.229057,0.870860,0.9975,-0.137421,2.270554,0.480470,0.9349,-0.300239,2.258268,0.478735,0.9286,-0.155788,2.271187,0.108147,0.9461,-0.281275,2.278286,0.095520,0.9682
360,18.0000,0,-0.224836,2.162589,1.535483,0.9999,-0.196817,2.190583,1.568196,0.9995,-0.252120,2.196033,1.566212,0.9995,-0.163406,2.245266,1.556942,0.9990,-0.276808,2.253364,1.553081,0.9990,-0.051905,2.253140,1.355886,0.9999,-0.393973,2.261971,1.360472,0.9995,0.190343,2.222398,1.281098,0.9977,-0.631161,2.232596,1.314801,0.9864,0.428158,2.168985,1.238623,0.9975,-0.847988,2.224915,1.347438,0.9959,-0.120408,2.219450,0.876706,0.9967,-0.311157,2.229435,0.871357,0.9971,-0.138227,2.270556,0.480790,0.9191,-0.300281,2.258541,0.479588,0.9428,-0.156356,2.268024,0.109095,0.9303,-0.281031,2.276502,0.093855,0.9643
361,18.0500,0,-0.223587,2.162550,1.535527,0.9999,-0.196945,2.190311,1.568306,0.9997,-0.251388,2.193759,1.566133,0.9997,-0.163720,2.245300,1.557032,0.9993,-0.277905,2.251364,1.552756,0.9995,-0.051929,2.251839,1.356665,0.9999,-0.394661,2.261915,1.359853,0.9997,0.190046,2.221037,1.280982,0.9977,-0.631714,2.234015,1.306751,0.9882,0.427563,2.168384,1.236505,0.9975,-0.859615,2.225117,1.304365,0.9953,-0.120305,2.220785,0.877091,0.9979,-0.310707,2.231556,0.871919,0.9979,-0.139107,2.269300,0.480283,0.9330,-0.300849,2.258833,0.480386,0.9304,-0.156613,2.268109,0.108251,0.9463,-0.281399,2.276594,0.091246,0.9732
362,18.1000,0,-0.224398,2.161348,1.534736,0.9999,-0.198337,2.188965,1.567689,0.9996,-0.252199,2.191309,1.565522,0.9996,-0.165480,2.243523,1.556604,0.9992,-0.280061,2.248035,1.552097,0.9994,-0.053165,2.248623,1.358501,0.9999,-0.396249,2.261164,1.358442,0.9996,0.187099,2.219321,1.280660,0.9966,-0.631960,2.235488,1.297716,0.9876,0.424509,2.171244,1.232093,0.9978,-0.867053,2.224939,1.271616,0.9959,-0.119634,2.221290,0.878148,0.9977,-0.310188,2.233158,0.872608,0.9978,-0.137775,2.270303,0.479982,0.9320,-0.300772,2.258660,0.481197,0.9549,-0.155276,2.267622,0.108225,0.9517,-0.281527,2.274427,0.093555,0.9737
363,18.1500,0,-0.225897,2.158900,1.534159,0.9999,-0.200675,2.186867,1.567032,0.9996,-0.253465,2.188150,1.564515,0.9997,-0.168237,2.242265,1.556364,0.9992,-0.281884,2.245657,1.551414,0.9994,-0.054730,2.246564,1.359813,0.9999,-0.398050,2.260484,1.356355,0.9997,0.184104,2.217792,1.279341,0.9971,-0.634164,2.232656,1.288386,0.9909,0.421655,2.173817,1.226730,0.9974,-0.873606,2.226900,1.247017,0.9963,-0.118196,2.222389,0.879020,0.9980,-0.308855,2.234528,0.872607,0.9982,-0.137144,2.270752,0.480115,0.9285,-0.299343,2.259690,0.482126,0.9455,-0.154246,2.269739,0.107007,0.9533,-0.280812,2.275146,0.093851,0.9785
364,18.2000,0,-0.227218,2.159562,1.534517,0.9999,-0.202392,2.187442,1.567656,0.9997,-0.255021,2.188611,1.564774,0.9996,-0.169698,2.242227,1.556744,0.9993,-0.283683,2.246904,1.551489,0.9991,-0.056034,2.246198,1.360798,0.9999,-0.399486,2.259791,1.355236,0.9996,0.181820,2.219072,1.280716,0.9976,-0.635299,2.232873,1.283740,0.9851,0.418750,2.176580,1.226524,0.9976,-0.873633,2.232820,1.232749,0.9943,-0.117409,2.222378,0.880631,0.9982,-0.308465,2.234608,0.874841,0.9983,-0.137338,2.269541,0.482246,0.9143,-0.298757,2.259304,0.484807,0.9285,-0.156687,2.267255,0.107365,0.9440,-0.281913,2.274976,0.094193,0.9747
365,18.2500,0,-0.227859,2.159827,1.536808,0.9999,-0.203788,2.188350,1.570285,0.9998,-0.256215,2.187837,1.566149,0.9996,-0.171890,2.243995,1.558971,0.9996,-0.285625,2.246193,1.552124,0.9991,-0.056232,2.248832,1.361579,0.9999,-0.401385,2.258724,1.355044,0.9996,0.181142,2.222203,1.282566,0.9966,-0.636076,2.234951,1.280883,0.9877,0.420170,2.179746,1.236673,0.9986,-0.875394,2.235272,1.226296,0.9960,-0.117884,2.222463,0.880822,0.9986,-0.309239,2.232633,0.875248,0.9986,-0.136875,2.270120,0.484883,0.9087,-0.298225,2.256787,0.486341,0.9523,-0.156361,2.268487,0.108988,0.9482,-0.283082,2.273050,0.095245,0.9780
366,18.3000,0,-0.229182,2.160809,1.537381,0.9999,-0.205210,2.189070,1.571058,0.9997,-0.257542,2.189703,1.566544,0.9997,-0.172495,2.244377,1.559532,0.9995,-0.286422,2.249020,1.552311,0.9995,-0.055522,2.250998,1.361838,0.9999,-0.401916,2.258575,1.355482,0.9997,0.181716,2.222006,1.285233,0.9962,-0.636800,2.234745,1.280162,0.9908,0.420528,2.178578,1.260127,0.9984,-0.877750,2.235954,1.225873,0.9971,-0.118617,2.222214,0.881711,0.9981,-0.310580,2.231100,0.875851,0.9984,-0.138476,2.268447,0.488140,0.9405,-0.298688,2.257771,0.486032,0.9451,-0.156491,2.268056,0.110025,0.9551,-0.283099,2.272524,0.092736,0.9772
367,18.3500,0,-0.228872,2.163459,1.538564,0.9999,-0.205029,2.191950,1.572693,0.9998,-0.257472,2.191578,1.567962,0.9998,-0.173082,2.246317,1.560683,0.9995,-0.287445,2.249423,1.552694,0.9998,-0.055504,2.252645,1.362484,0.9999,-0.400992,2.258956,1.356067,0.9996,0.182065,2.219909,1.289672,0.9965,-0.636694,2.233457,1.280550,0.9885,0.413253,2.169822,1.300810,0.9989,-0.878283,2.234150,1.228171,0.9966,-0.120021,2.223130,0.879970,0.9988,-0.311870,2.230916,0.874570,0.9985,-0.138242,2.267548,0.487251,0.9379,-0.299355,2.256331,0.485182,0.9490,-0.158902,2.270718,0.107227,0.9543,-0.283918,2.273543,0.093256,0.9753
368,18.4000,0,-0.229797,2.161176,1.538592,0.9999,-0.205868,2.190181,1.572665,0.9998,-0.257669,2.191494,1.567664,0.9998,-0.173725,2.245013,1.560328,0.9996,-0.286322,2.249500,1.552052,0.9998,-0.055498,2.250043,1.361836,0.9999,-0.399508,2.257952,1.355420,0.9997,0.185072,2.217435,1.295850,0.9976,-0.636967,2.231220,1.281151,0.9856,0.396873,2.150671,1.353002,0.9991,-0.876745,2.230834,1.233088,0.9958,-0.121635,2.223225,0.878368,0.9992,-0.312977,2.231414,0.873053,0.9988,-0.137985,2.267487,0.485764,0.9214,-0.299002,2.255940,0.483970,0.9435,-0.159084,2.271447,0.104039,0.9495,-0.284380,2.273663,0.094408,0.9717
369,18.4500,0,-0.229762,2.161760,1.539528,1.0000,-0.206059,2.190277,1.573537,0.9998,-0.257458,2.191683,1.568378,0.9999,-0.173338,2.245006,1.561049,0.9996,-0.286422,2.248252,1.552285,0.9999,-0.054998,2.246872,1.362659,0.9999,-0.398865,2.257344,1.355835,0.9997,0.188163,2.217190,1.301982,0.9971,-0.637195,2.228258,1.281750,0.9861,0.368856,2.130993,1.401631,0.9991,-0.875661,2.228993,1.235913,0.9957,-0.122344,2.222395,0.878220,0.9993,-0.313446,2.231072,0.872567,0.9990,-0.139034,2.268965,0.486192,0.9343,-0.298844,2.255181,0.483472,0.9518,-0.160535,2.275566,0.103344,0.9585,-0.283595,2.274287,0.094083,0.9752
370,18.5000,0,-0.230343,2.159912,1.538988,1.0000,-0.206586,2.189102,1.572970,0.9999,-0.257239,2.190229,1.568392,0.9999,-0.173375,2.244391,1.560870,0.9999,-0.286027,2.247371,1.552212,0.9998,-0.056472,2.245997,1.363585,0.9999,-0.399060,2.258003,1.356394,0.9998,0.189789,2.218884,1.306157,0.9961,-0.637698,2.226733,1.281629,0.9900,0.332511,2.119051,1.439355,0.9989,-0.877039,2.229685,1.239380,0.9970,-0.122341,2.220597,0.878781,0.9994,-0.313835,2.230683,0.872661,0.9993,-0.139266,2.267234,0.489444,0.9517,-0.298782,2.253579,0.485090,0.9432,-0.159656,2.275260,0.103671,0.9710,-0.283604,2.269987,0.094235,0.9827
371,18.5500,0,-0.230106,2.158528,1.538208,0.9999,-0.206120,2.187846,1.572487,0.9998,-0.256703,2.189218,1.568323,0.9998,-0.172674,2.243310,1.560835,0.9998,-0.285431,2.246219,1.552527,0.9997,-0.057386,2.246185,1.364557,0.9998,-0.398235,2.257775,1.357148,0.9996,0.192764,2.225009,1.309285,0.9953,-0.636368,2.226392,1.280949,0.9846,0.283776,2.106138,1.465897,0.9984,-0.877628,2.230617,1.240745,0.9951,-0.120981,2.219730,0.878195,0.9991,-0.312524,2.228613,0.872020,0.9991,-0.139048,2.267186,0.489090,0.9702,-0.299579,2.254664,0.485188,0.9162,-0.157056,2.273031,0.105333,0.9806,-0.285277,2.271750,0.095491,0.9780
372,18.6000,0,-0.229376,2.159772,1.537199,0.9998,-0.205450,2.188771,1.571857,0.9996,-0.256423,2.189847,1.567590,0.9995,-0.171577,2.243931,1.560384,0.9995,-0.285529,2.246427,1.551742,0.9992,-0.057833,2.248211,1.364791,0.9997,-0.397877,2.257721,1.357047,0.9995,0.194201,2.229727,1.310729,0.9925,-0.636072,2.225721,1.279295,0.9850,0.239166,2.113667,1.478225,0.9966,-0.878040,2.233944,1.240428,0.9928,-0.119397,2.219403,0.876690,0.9990,-0.311562,2.227988,0.870797,0.9989,-0.138490,2.267342,0.489253,0.9563,-0.299917,2.254479,0.484722,0.9175,-0.156276,2.273545,0.104147,0.9766,-0.285565,2.270849,0.095263,0.9777
373,18.6500,0,-0.229188,2.159440,1.537980,0.9997,-0.204900,2.188043,1.572530,0.9993,-0.256597,2.189458,1.568445,0.9992,-0.170849,2.243097,1.560629,0.9991,-0.285965,2.243941,1.551809,0.9985,-0.058695,2.249799,1.367342,0.9996,-0.397078,2.256760,1.356589,0.9994,0.194031,2.235511,1.313273,0.9790,-0.635548,2.226069,1.277865,0.9851,0.196237,2.116736,1.482675,0.9884,-0.877853,2.236149,1.237870,0.9937,-0.118357,2.217154,0.876304,0.9986,-0.310737,2.225121,0.870156,0.9986,-0.138365,2.266168,0.489990,0.9559,-0.298903,2.255500,0.484263,0.9184,-0.156023,2.273104,0.106224,0.9763,-0.285481,2.272690,0.093660,0.9785
374,18.7000,0,-0.229308,2.157894,1.537800,0.9999,-0.205383,2.185302,1.572325,0.9997,-0.257008,2.186949,1.568183,0.9996,-0.170725,2.240445,1.559654,0.9992,-0.285985,2.240312,1.550882,0.9994,-0.058837,2.249770,1.367189,0.9995,-0.397201,2.253694,1.356208,0.9995,0.194978,2.235583,1.315317,0.9925,-0.636487,2.225153,1.276368,0.9829,0.154925,2.124782,1.479113,0.9885,-0.877917,2.234817,1.234443,0.9908,-0.117092,2.216124,0.876532,0.9974,-0.310187,2.224362,0.870086,0.9980,-0.138467,2.265545,0.488998,0.9585,-0.299008,2.255561,0.483564,0.9187,-0.155955,2.271066,0.104662,0.9705,-0.286122,2.273096,0.092240,0.9713
375,18.7500,0,-0.229945,2.157778,1.537517,0.9998,-0.206266,2.184937,1.571704,0.9994,-0.257532,2.186741,1.567438,0.9991,-0.171380,2.239879,1.558869,0.9991,-0.285587,2.239705,1.550184,0.9983,-0.059203,2.248321,1.366878,0.9996,-0.396812,2.250336,1.355600,0.9993,0.196253,2.235085,1.316480,0.9953,-0.635991,2.222166,1.274401,0.9831,0.115153,2.146986,1.469098,0.9918,-0.876495,2.232918,1.230270,0.9913,-0.116144,2.215309,0.875897,0.9977,-0.309379,2.224361,0.870414,0.9982,-0.138376,2.265000,0.488628,0.9384,-0.298408,2.254988,0.484073,0.9087,-0.156160,2.269117,0.105009,0.9609,-0.286385,2.273661,0.092212,0.9698
376,18.8000,0,-0.230440,2.158914,1.538064,0.9998,-0.206809,2.185239,1.571208,0.9994,-0.258541,2.187411,1.567295,0.9993,-0.171323,2.237912,1.557994,0.9986,-0.285482,2.237373,1.549545,0.9985,-0.058422,2.246813,1.365107,0.9996,-0.397456,2.249147,1.354296,0.9993,0.197260,2.230229,1.317785,0.9980,-0.636760,2.221509,1.272792,0.9814,0.081637,2.169847,1.461693,0.9943,-0.876713,2.231072,1.226895,0.9899,-0.115361,2.215111,0.875888,0.9977,-0.309379,2.225356,0.870098,0.9983,-0.138287,2.265260,0.487441,0.9428,-0.298575,2.255040,0.483170,0.9003,-0.156588,2.270564,0.104432,0.9529,-0.286446,2.273263,0.092172,0.9646
377,18.8500,0,-0.231922,2.159203,1.536876,0.9998,-0.208027,2.184190,1.570374,0.9995,-0.260008,2.187520,1.566263,0.9993,-0.171810,2.235832,1.557293,0.9987,-0.285620,2.236779,1.548461,0.9988,-0.059291,2.245436,1.364953,0.9996,-0.397780,2.248929,1.353332,0.9994,0.197288,2.229280,1.317454,0.9961,-0.635913,2.220863,1.271572,0.9816,0.067657,2.186284,1.456955,0.9926,-0.874988,2.232413,1.224231,0.9901,-0.114980,2.214754,0.875650,0.9982,-0.309308,2.224329,0.869198,0.9982,-0.138251,2.264562,0.488292,0.9458,-0.298157,2.254947,0.483105,0.9114,-0.156315,2.269256,0.106365,0.9587,-0.285633,2.272829,0.092980,0.9714
378,18.9000,0,-0.233312,2.157548,1.536692,0.9998,-0.209598,2.182767,1.570091,0.9996,-0.261042,2.185976,1.565971,0.9995,-0.172748,2.235241,1.557007,0.9989,-0.286082,2.235134,1.548259,0.9991,-0.059362,2.243889,1.365836,0.9997,-0.398685,2.248107,1.353137,0.9995,0.197205,2.229648,1.317379,0.9976,-0.635544,2.221626,1.270767,0.9816,0.061943,2.200128,1.457556,0.9953,-0.874456,2.235202,1.221981,0.9905,-0.114154,2.214603,0.875182,0.9977,-0.308911,2.224648,0.868825,0.9984,-0.138018,2.263517,0.488819,0.9474,-0.298464,2.254666,0.483158,0.8990,-0.156847,2.268236,0.107659,0.9583,-0.286459,2.272844,0.092223,0.9660
379,18.9500,0,-0.234232,2.155904,1.536104,0.9998,-0.210647,2.181359,1.569868,0.9996,-0.261696,2.184178,1.565074,0.9995,-0.173465,2.234881,1.557169,0.9993,-0.286629,2.234453,1.547962,0.9992,-0.060859,2.245498,1.367093,0.9996,-0.398082,2.247653,1.353429,0.9996,0.196362,2.231149,1.317540,0.9924,-0.635687,2.221645,1.269891,0.9842,0.075067,2.197872,1.465911,0.9885,-0.873917,2.231767,1.220074,0.9915,-0.114419,2.213411,0.874893,0.9978,-0.308825,2.223614,0.869076,0.9984,-0.137668,2.265150,0.487817,0.9533,-0.299005,2.253838,0.482526,0.9108,-0.156524,2.267909,0.106511,0.9678,-0.286683,2.272679,0.093089,0.9733
380,19.0000,0,-0.234284,2.156917,1.537562,0.9999,-0.210318,2.182242,1.571398,0.9998,-0.262192,2.184295,1.566419,0.9998,-0.174100,2.234609,1.558179,0.9994,-0.288501,2.232239,1.548739,0.9996,-0.063083,2.246930,1.368134,0.9996,-0.399926,2.246040,1.353973,0.9996,0.194944,2.232608,1.316694,0.9889,-0.637385,2.219908,1.268096,0.9831,0.093904,2.192255,1.479234,0.9898,-0.874094,2.230119,1.219405,0.9916,-0.114829,2.213412,0.875766,0.9979,-0.309052,2.222535,0.870194,0.9985,-0.137674,2.265840,0.489467,0.9603,-0.299580,2.255138,0.483763,0.9283,-0.156940,2.268464,0.106560,0.9700,-0.287658,2.273947,0.094156,0.9769
381,19.0500,0,-0.234894,2.154922,1.537696,1.0000,-0.211339,2.179892,1.571619,0.9999,-0.263616,2.182415,1.566793,0.9999,-0.175400,2.234103,1.558938,0.9998,-0.290264,2.229783,1.548817,0.9999,-0.063937,2.246936,1.369048,0.9998,-0.401027,2.245666,1.353067,0.9999,0.191329,2.231304,1.315211,0.9919,-0.639071,2.217390,1.266459,0.9861,0.125240,2.201129,1.491371,0.9964,-0.876325,2.227153,1.217769,0.9953,-0.115850,2.211597,0.876134,0.9993,-0.309489,2.221368,0.869605,0.9993,-0.137218,2.265953,0.487583,0.9630,-0.300396,2.254321,0.483370,0.9295,-0.156119,2.268465,0.105876,0.9760,-0.287088,2.273029,0.095350,0.9719
382,19.1000,0,-0.235726,2.154394,1.537168,1.0000,-0.211802,2.179693,1.571216,1.0000,-0.263958,2.182893,1.567092,0.9999,-0.176546,2.234204,1.559016,0.9999,-0.290723,2.231848,1.549395,0.9999,-0.064767,2.246553,1.368897,0.9999,-0.402385,2.247282,1.353095,0.9999,0.188693,2.227253,1.315728,0.9960,-0.640447,2.218522,1.265983,0.9867,0.171782,2.196445,1.501296,0.9988,-0.877175,2.229612,1.217578,0.9965,-0.117143,2.209977,0.877171,0.9996,-0.309557,2.219643,0.870326,0.9996,-0.137496,2.266722,0.486512,0.9629,-0.300916,2.254623,0.483877,0.9434,-0.156425,2.266513,0.105741,0.9801,-0.287269,2.274110,0.096057,0.9785
383,19.1500,0,-0.238164,2.153248,1.535409,1.0000,-0.213613,2.178469,1.569848,0.9999,-0.265125,2.183237,1.565935,0.9999,-0.178736,2.232764,1.558274,0.9998,-0.291226,2.235923,1.549227,0.9999,-0.065124,2.243720,1.368036,0.9999,-0.403417,2.247751,1.352634,0.9998,0.186631,2.222067,1.318438,0.9978,-0.641533,2.221215,1.265600,0.9864,0.227424,2.189022,1.499368,0.9993,-0.878554,2.232216,1.216092,0.9964,-0.118600,2.210280,0.877393,0.9993,-0.310624,2.219422,0.870700,0.9992,-0.137718,2.265529,0.485844,0.9562,-0.301084,2.253505,0.484284,0.9401,-0.156543,2.265656,0.105689,0.9749,-0.286021,2.272158,0.097838,0.9812
384,19.2000,0,-0.238456,2.152881,1.534643,1.0000,-0.213784,2.179523,1.569219,0.9999,-0.265112,2.183987,1.565382,0.9998,-0.180778,2.233693,1.558474,0.9998,-0.291715,2.239061,1.549941,0.9997,-0.064717,2.243649,1.367842,0.9999,-0.404167,2.248379,1.353002,0.9997,0.182190,2.215842,1.321150,0.9984,-0.642622,2.223068,1.266153,0.9911,0.281831,2.177945,1.485996,0.9993,-0.878254,2.229912,1.213763,0.9974,-0.121129,2.212258,0.877245,0.9993,-0.312358,2.219653,0.871297,0.9993,-0.138847,2.264696,0.486773,0.9408,-0.301133,2.252475,0.485111,0.9639,-0.159231,2.270512,0.103363,0.9636,-0.286654,2.273739,0.096910,0.9785
385,19.2500,0,-0.239200,2.151450,1.534384,0.9999,-0.214784,2.178840,1.569649,0.9997,-0.266334,2.182380,1.564983,0.9996,-0.183103,2.232695,1.558638,0.9996,-0.293051,2.238516,1.549958,0.9992,-0.063995,2.243821,1.368150,0.9999,-0.405964,2.248402,1.352166,0.9996,0.180925,2.209337,1.322328,0.9981,-0.643846,2.224642,1.264811,0.9911,0.325787,2.171600,1.461561,0.9979,-0.879677,2.230503,1.211817,0.9970,-0.122986,2.214824,0.877584,0.9991,-0.315049,2.221600,0.871728,0.9989,-0.140175,2.265479,0.488207,0.9110,-0.301619,2.252846,0.485209,0.9553,-0.159893,2.272783,0.102293,0.9462,-0.286355,2.272531,0.098627,0.9650
386,19.3000,0,-0.240852,2.151517,1.535527,1.0000,-0.216563,2.178648,1.570601,0.9998,-0.267820,2.181867,1.565776,0.9998,-0.185215,2.232902,1.559506,0.9997,-0.295152,2.238548,1.550596,0.9995,-0.064846,2.244293,1.368775,0.9999,-0.408239,2.247395,1.352524,0.9996,0.179683,2.210217,1.322349,0.9964,-0.644243,2.224125,1.264490,0.9843,0.357371,2.174871,1.426985,0.9988,-0.880047,2.229177,1.210061,0.9956,-0.123922,2.215966,0.877796,0.9989,-0.315855,2.222056,0.871806,0.9988,-0.140886,2.265081,0.488921,0.9168,-0.301330,2.252627,0.485458,0.9275,-0.161185,2.274117,0.100828,0.9464,-0.285668,2.273468,0.099326,0.9719
387,19.3500,0,-0.241810,2.151241,1.535983,0.9999,-0.217255,2.177975,1.571352,0.9998,-0.268940,2.181791,1.566208,0.9998,-0.186393,2.231691,1.560019,0.9995,-0.296440,2.238637,1.550694,0.9995,-0.065516,2.244169,1.369627,0.9999,-0.409392,2.247115,1.352333,0.9996,0.179159,2.212780,1.319677,0.9958,-0.644280,2.225457,1.263570,0.9869,0.375541,2.178574,1.385918,0.9981,-0.880950,2.231519,1.208290,0.9956,-0.125344,2.216815,0.879426,0.9987,-0.316902,2.223135,0.872590,0.9984,-0.141177,2.265160,0.489294,0.9260,-0.301551,2.253129,0.486303,0.9475,-0.162133,2.273902,0.101584,0.9504,-0.285779,2.272942,0.098596,0.9692
388,19.4000,0,-0.243707,2.151436,1.536076,0.9999,-0.219458,2.177976,1.571312,0.9996,-0.271044,2.181473,1.566106,0.9996,-0.187916,2.232299,1.560243,0.9991,-0.298610,2.238817,1.550522,0.9994,-0.066299,2.242168,1.370148,0.9999,-0.410863,2.246594,1.350705,0.9996,0.178428,2.214821,1.314837,0.9970,-0.645283,2.226251,1.262794,0.9881,0.388397,2.177529,1.340532,0.9978,-0.881191,2.235391,1.206188,0.9959,-0.124958,2.216995,0.879111,0.9978,-0.316474,2.225253,0.872018,0.9979,-0.140551,2.263963,0.486657,0.9403,-0.301640,2.254032,0.484461,0.9380,-0.160305,2.271526,0.102803,0.9543,-0.284179,2.270901,0.096614,0.9726
389,19.4500,0,-0.246115,2.150786,1.535518,0.9999,-0.221895,2.176998,1.570522,0.9996,-0.273146,2.180681,1.565447,0.9996,-0.189746,2.231260,1.559711,0.9992,-0.300153,2.239104,1.550409,0.9994,-0.067718,2.239740,1.370252,0.9999,-0.411671,2.246288,1.349654,0.9996,0.175536,2.214560,1.307663,0.9964,-0.646209,2.224985,1.261791,0.9895,0.392021,2.181467,1.299996,0.9980,-0.882634,2.234203,1.203708,0.9966,-0.125269,2.216669,0.879402,0.9977,-0.315944,2.226825,0.871795,0.9977,-0.140071,2.262006,0.484123,0.9325,-0.301484,2.254476,0.483357,0.9200,-0.158155,2.269125,0.103450,0.9501,-0.283186,2.270797,0.094043,0.9697
390,19.5000,0,-0.246321,2.150199,1.536033,0.9999,-0.222388,2.175947,1.570920,0.9997,-0.274418,2.180122,1.566014,0.9998,-0.190848,2.230563,1.560349,0.9994,-0.301898,2.238278,1.551027,0.9996,-0.068480,2.240203,1.369640,0.9999,-0.411851,2.245370,1.349349,0.9998,0.172634,2.218221,1.299364,0.9948,-0.647769,2.223712,1.261204,0.9886,0.393543,2.191419,1.266767,0.9970,-0.884670,2.228915,1.201101,0.9953,-0.125106,2.216973,0.879271,0.9984,-0.315570,2.226563,0.871007,0.9982,-0.140046,2.261422,0.482681,0.9147,-0.300481,2.253294,0.482782,0.9290,-0.157702,2.274233,0.101486,0.9524,-0.283121,2.271667,0.093801,0.9699
391,19.5500,0,-0.247378,2.149908,1.536867,0.9999,-0.223479,2.175259,1.571502,0.9996,-0.276444,2.178973,1.566249,0.9997,-0.191727,2.230308,1.560886,0.9993,-0.304189,2.236617,1.551159,0.9995,-0.069101,2.240251,1.368834,0.9999,-0.412176,2.245278,1.348965,0.9997,0.170939,2.221490,1.291744,0.9947,-0.647436,2.228125,1.260930,0.9816,0.394826,2.199788,1.242955,0.9967,-0.884567,2.228504,1.199844,0.9937,-0.125366,2.216498,0.879378,0.9980,-0.315881,2.227037,0.870948,0.9978,-0.139893,2.263764,0.479954,0.9291,-0.299653,2.252921,0.482194,0.9442,-0.158072,2.276191,0.100317,0.9538,-0.282990,2.271271,0.093523,0.9738
392,19.6000,0,-0.248668,2.148890,1.536926,0.9999,-0.224469,2.174724,1.570874,0.9996,-0.277881,2.177817,1.565521,0.9996,-0.192838,2.229175,1.561073,0.9992,-0.305242,2.235985,1.551297,0.9993,-0.069567,2.239426,1.368060,0.9999,-0.412486,2.245000,1.348866,0.9996,0.170281,2.225366,1.286920,0.9956,-0.647386,2.229678,1.260885,0.9865,0.396954,2.208780,1.230395,0.9966,-0.884571,2.227285,1.199290,0.9959,-0.125804,2.215854,0.879490,0.9978,-0.316199,2.227839,0.870520,0.9975,-0.140030,2.264571,0.479578,0.9184,-0.298794,2.251958,0.481680,0.9352,-0.157173,2.278911,0.099530,0.9409,-0.282187,2.268798,0.094548,0.9637
393,19.6500,0,-0.248660,2.148893,1.537545,0.9999,-0.224738,2.174474,1.571580,0.9995,-0.278236,2.176846,1.566280,0.9996,-0.193287,2.229650,1.561527,0.9990,-0.305782,2.233999,1.551655,0.9993,-0.069479,2.239169,1.368401,0.9999,-0.413511,2.243698,1.348493,0.9996,0.170979,2.229029,1.284889,0.9950,-0.648645,2.225753,1.260291,0.9853,0.401150,2.218534,1.229403,0.9975,-0.886195,2.222283,1.199194,0.9938,-0.124974,2.215767,0.879245,0.9979,-0.316248,2.227709,0.870601,0.9980,-0.140206,2.263100,0.478923,0.9257,-0.298937,2.249656,0.481469,0.9477,-0.158244,2.278805,0.100207,0.9494,-0.281749,2.271107,0.092804,0.9709
394,19.7000,0,-0.249135,2.148258,1.537210,0.9999,-0.225095,2.174074,1.571496,0.9997,-0.278142,2.177138,1.565980,0.9997,-0.193631,2.229717,1.561910,0.9993,-0.305236,2.235380,1.551891,0.9995,-0.069726,2.238723,1.368503,0.9999,-0.413920,2.243447,1.349391,0.9996,0.170475,2.227028,1.285425,0.9955,-0.647729,2.227999,1.261898,0.9857,0.403979,2.216105,1.237041,0.9983,-0.884353,2.226095,1.200606,0.9959,-0.126153,2.214670,0.880385,0.9978,-0.317048,2.225797,0.872271,0.9978,-0.140713,2.262433,0.482269,0.9353,-0.300203,2.249242,0.483753,0.9392,-0.158584,2.276209,0.102396,0.9532,-0.281605,2.269941,0.094342,0.9747
395,19.7500,0,-0.249935,2.147401,1.536846,0.9999,-0.225649,2.172568,1.571449,0.9997,-0.278767,2.176871,1.565880,0.9997,-0.194068,2.228321,1.561892,0.9995,-0.305602,2.235640,1.551825,0.9993,-0.069193,2.239494,1.368039,0.9999,-0.415262,2.242246,1.350814,0.9996,0.170316,2.225095,1.287163,0.9956,-0.648803,2.227295,1.261988,0.9845,0.403397,2.210473,1.252797,0.9982,-0.884227,2.226789,1.201342,0.9952,-0.127099,2.215098,0.880079,0.9986,-0.318741,2.225685,0.872787,0.9984,-0.141734,2.261684,0.483319,0.9475,-0.301074,2.249479,0.484593,0.9385,-0.160301,2.274621,0.102890,0.9561,-0.282845,2.269658,0.095893,0.9730
396,19.8000,0,-0.251331,2.145670,1.535478,1.0000,-0.226177,2.170491,1.570518,0.9998,-0.278493,2.177368,1.565599,0.9999,-0.193949,2.225533,1.560883,0.9996,-0.303798,2.238479,1.551738,0.9998,-0.069113,2.238465,1.366851,0.9999,-0.414538,2.243315,1.350440,0.9997,0.169896,2.218775,1.288840,0.9962,-0.648533,2.227061,1.262792,0.9908,0.400399,2.200938,1.278694,0.9986,-0.883150,2.229371,1.202127,0.9976,-0.127484,2.216088,0.879247,0.9989,-0.319392,2.225804,0.871859,0.9987,-0.141951,2.261737,0.483361,0.9463,-0.301184,2.249331,0.483684,0.9642,-0.161389,2.276269,0.101747,0.9578,-0.282987,2.270865,0.094771,0.9755
397,19.8500,0,-0.250989,2.143540,1.533959,1.0000,-0.225886,2.169030,1.569198,0.9998,-0.277465,2.176416,1.564214,0.9999,-0.193908,2.223469,1.559421,0.9996,-0.302402,2.238414,1.550599,0.9998,-0.068988,2.236174,1.364851,0.9999,-0.414154,2.244292,1.349650,0.9997,0.170997,2.212783,1.290530,0.9977,-0.648851,2.227189,1.262260,0.9827,0.388264,2.180668,1.316283,0.9988,-0.883648,2.231990,1.202226,0.9938,-0.128188,2.217601,0.878343,0.9992,-0.319964,2.227725,0.870753,0.9989,-0.141695,2.262373,0.482936,0.9133,-0.302162,2.248658,0.483145,0.9383,-0.161521,2.277963,0.099855,0.9447,-0.283523,2.270770,0.095787,0.9616
398,19.9000,0,-0.250846,2.143430,1.533807,1.0000,-0.226255,2.168702,1.569238,0.9998,-0.277719,2.176926,1.563510,0.9999,-0.193146,2.222897,1.559250,0.9997,-0.302495,2.237893,1.549536,0.9999,-0.068044,2.232066,1.363308,0.9999,-0.413059,2.244263,1.349699,0.9998,0.172680,2.206391,1.292792,0.9977,-0.648840,2.226554,1.262787,0.9863,0.365939,2.155221,1.361835,0.9989,-0.883296,2.234178,1.203896,0.9963,-0.128826,2.217513,0.877469,0.9991,-0.320799,2.229163,0.870450,0.9989,-0.142087,2.263280,0.481898,0.9369,-0.302456,2.247756,0.484007,0.9399,-0.164189,2.278829,0.098774,0.9551,-0.284021,2.271323,0.094655,0.9701
399,19.9500,0,-0.250878,2.142468,1.534595,1.0000,-0.226621,2.168242,1.569939,0.9999,-0.277400,2.175288,1.563938,0.9999,-0.192247,2.223125,1.560104,0.9998,-0.302169,2.236395,1.549686,0.9999,-0.067713,2.229681,1.363992,0.9999,-0.412036,2.243716,1.350657,0.9999,0.175282,2.206300,1.294073,0.9975,-0.649435,2.226838,1.263452,0.9846,0.331223,2.131223,1.406623,0.9992,-0.884432,2.236610,1.204932,0.9959,-0.129037,2.216020,0.876491,0.9993,-0.320552,2.228425,0.870247,0.9993,-0.142789,2.260588,0.482924,0.9531,-0.303216,2.247118,0.484229,0.9273,-0.164515,2.276758,0.100400,0.9728,-0.285105,2.270154,0.095131,0.9744
400,20.0000,0,-0.249835,2.141781,1.535065,1.0000,-0.225427,2.168638,1.570698,0.9999,-0.276447,2.175455,1.565076,0.9998,-0.191089,2.224327,1.561195,0.9999,-0.301545,2.235865,1.550505,0.9998,-0.068319,2.231292,1.365185,0.9999,-0.410925,2.245249,1.352179,0.9998,0.177700,2.212347,1.296170,0.9958,-0.648278,2.224929,1.264133,0.9844,0.284407,2.112809,1.438488,0.9983,-0.883476,2.232208,1.206931,0.9948,-0.128659,2.213408,0.876202,0.9993,-0.319974,2.227117,0.869872,0.9993,-0.142110,2.261533,0.484445,0.9667,-0.303445,2.247736,0.483878,0.9036,-0.161553,2.273146,0.102411,0.9772,-0.284965,2.268553,0.096234,0.9720
401,20.0500,0,-0.247703,2.143597,1.535834,0.9999,-0.222961,2.170562,1.571549,0.9998,-0.275248,2.176523,1.566295,0.9997,-0.189394,2.224280,1.561680,0.9998,-0.300917,2.235525,1.551291,0.9995,-0.068396,2.233963,1.366805,0.9998,-0.409559,2.245019,1.353903,0.9996,0.180646,2.216075,1.300127,0.9920,-0.646914,2.223440,1.264338,0.9851,0.234657,2.110930,1.460135,0.9963,-0.883200,2.230551,1.208749,0.9944,-0.127612,2.211554,0.875385,0.9992,-0.319327,2.224483,0.869163,0.9991,-0.142237,2.260049,0.486091,0.9623,-0.304341,2.247698,0.483804,0.9064,-0.159293,2.271276,0.105197,0.9761,-0.286174,2.266458,0.097759,0.9732
402,20.1000,0,-0.245901,2.143245,1.536023,0.9998,-0.220920,2.170475,1.571079,0.9995,-0.273634,2.177109,1.566609,0.9997,-0.186929,2.222787,1.561044,0.9987,-0.298692,2.233898,1.551152,0.9995,-0.068091,2.234895,1.366766,0.9994,-0.407175,2.244977,1.353482,0.9996,0.181875,2.216003,1.303056,0.9883,-0.645337,2.222833,1.263952,0.9813,0.187992,2.113955,1.469188,0.9869,-0.882848,2.234090,1.210567,0.9930,-0.126933,2.209657,0.875179,0.9978,-0.318317,2.222174,0.868809,0.9987,-0.142117,2.260586,0.484380,0.9589,-0.304474,2.248946,0.483273,0.8967,-0.158345,2.269299,0.106241,0.9693,-0.287205,2.268892,0.097449,0.9640
403,20.1500,0,-0.244711,2.142667,1.536659,0.9999,-0.220638,2.170209,1.571635,0.9996,-0.272389,2.174839,1.566681,0.9997,-0.186557,2.223414,1.561024,0.9989,-0.298027,2.231115,1.550749,0.9994,-0.068353,2.237397,1.368284,0.9994,-0.406936,2.244744,1.354708,0.9996,0.182297,2.216674,1.307186,0.9914,-0.645388,2.224424,1.264693,0.9827,0.146751,2.122859,1.469897,0.9869,-0.882891,2.235976,1.211833,0.9928,-0.125821,2.209175,0.875519,0.9979,-0.317943,2.222347,0.868611,0.9986,-0.141189,2.260869,0.483806,0.9605,-0.304250,2.248632,0.482782,0.8858,-0.157647,2.267649,0.106240,0.9691,-0.286356,2.269787,0.097531,0.9595
404,20.2000,0,-0.244605,2.144435,1.537667,0.9998,-0.220287,2.171489,1.571514,0.9996,-0.272253,2.175831,1.566591,0.9994,-0.185456,2.223350,1.560505,0.9989,-0.297618,2.229781,1.550555,0.9987,-0.067375,2.236559,1.367888,0.9995,-0.405471,2.243752,1.355580,0.9994,0.183245,2.216611,1.310040,0.9950,-0.644562,2.223323,1.264570,0.9761,0.105904,2.142094,1.465178,0.9902,-0.882911,2.234299,1.211351,0.9892,-0.124770,2.208429,0.875811,0.9983,-0.316832,2.221454,0.869526,0.9976,-0.140691,2.259308,0.483932,0.9446,-0.303620,2.246491,0.483348,0.8483,-0.157200,2.267228,0.106597,0.9637,-0.286367,2.268727,0.098701,0.9369
405,20.2500,0,-0.244710,2.147191,1.537401,0.9998,-0.220123,2.173378,1.570836,0.9995,-0.272788,2.177429,1.566059,0.9992,-0.184340,2.223486,1.559415,0.9994,-0.297411,2.228796,1.549646,0.9984,-0.066025,2.235255,1.366898,0.9998,-0.405411,2.243092,1.355366,0.9994,0.185437,2.213322,1.311267,0.9982,-0.643061,2.222696,1.264210,0.9784,0.074691,2.162015,1.459188,0.9962,-0.882406,2.233672,1.210747,0.9906,-0.123735,2.208371,0.874966,0.9986,-0.316265,2.221594,0.868756,0.9980,-0.139893,2.258992,0.483000,0.9508,-0.302733,2.246836,0.482298,0.8691,-0.155978,2.266000,0.107131,0.9640,-0.286395,2.268339,0.099721,0.9478
406,20.3000,0,-0.244997,2.148664,1.536538,0.9998,-0.220289,2.173684,1.569685,0.9994,-0.273354,2.178999,1.565192,0.9992,-0.182916,2.222099,1.558129,0.9992,-0.296493,2.227423,1.548675,0.9983,-0.064814,2.233781,1.366152,0.9998,-0.404344,2.241777,1.354739,0.9994,0.187992,2.208881,1.311594,0.9989,-0.641093,2.220318,1.263452,0.9759,0.058733,2.177747,1.453417,0.9971,-0.881260,2.231122,1.209694,0.9896,-0.122693,2.209507,0.872955,0.9988,-0.316101,2.221789,0.867505,0.9981,-0.140309,2.258322,0.482114,0.9410,-0.302529,2.246212,0.482367,0.8611,-0.156432,2.263911,0.107606,0.9567,-0.287130,2.268082,0.100297,0.9479
407,20.3500,0,-0.245788,2.150592,1.536307,0.9999,-0.221059,2.174607,1.569236,0.9997,-0.274263,2.181018,1.564777,0.9996,-0.182625,2.221084,1.557440,0.9994,-0.296233,2.227223,1.547747,0.9994,-0.064006,2.232317,1.365588,0.9998,-0.403298,2.242220,1.353959,0.9995,0.189011,2.204894,1.311863,0.9989,-0.640198,2.221564,1.262741,0.9765,0.053433,2.188784,1.452598,0.9971,-0.880963,2.231803,1.208133,0.9899,-0.123024,2.209405,0.872363,0.9987,-0.316187,2.222518,0.867323,0.9981,-0.139820,2.258101,0.482741,0.9405,-0.302813,2.245148,0.482861,0.8539,-0.156467,2.264241,0.108360,0.9567,-0.286348,2.267507,0.098791,0.9445
408,20.4000,0,-0.245771,2.150739,1.537011,0.9999,-0.220885,2.175563,1.569529,0.9996,-0.273306,2.181443,1.565106,0.9997,-0.182865,2.221875,1.557886,0.9989,-0.295360,2.228761,1.548722,0.9994,-0.063967,2.232013,1.366539,0.9995,-0.402466,2.242479,1.355467,0.9996,0.187557,2.207423,1.311824,0.9944,-0.639260,2.220843,1.262784,0.9804,0.056810,2.192713,1.456696,0.9896,-0.879255,2.229290,1.207162,0.9914,-0.123553,2.208249,0.873609,0.9982,-0.316241,2.221298,0.868479,0.9985,-0.139017,2.257948,0.482748,0.9426,-0.302732,2.244910,0.483571,0.9035,-0.156405,2.265259,0.107358,0.9631,-0.286482,2.267591,0.099504,0.9648
409,20.4500,0,-0.245593,2.148668,1.536176,0.9998,-0.220560,2.174476,1.569306,0.9995,-0.272904,2.180279,1.564851,0.9996,-0.183195,2.221453,1.557779,0.9984,-0.295823,2.230298,1.548622,0.9995,-0.065446,2.232953,1.368141,0.9992,-0.402524,2.244035,1.355808,0.9997,0.185163,2.207149,1.310107,0.9869,-0.640516,2.221771,1.262529,0.9849,0.070831,2.189273,1.465147,0.9796,-0.879059,2.229037,1.206191,0.9940,-0.123701,2.208182,0.874161,0.9982,-0.316337,2.220989,0.868967,0.9988,-0.139213,2.258299,0.483568,0.9464,-0.302832,2.246702,0.483033,0.9179,-0.155392,2.265016,0.108584,0.9635,-0.286179,2.267030,0.099838,0.9741
410,20.5000,0,-0.245671,2.146687,1.535583,0.9999,-0.220046,2.171832,1.569695,0.9997,-0.272899,2.178816,1.565387,0.9998,-0.183095,2.219366,1.558110,0.9990,-0.295638,2.229712,1.549140,0.9997,-0.066192,2.233768,1.368736,0.9995,-0.403264,2.245034,1.356954,0.9997,0.186384,2.210796,1.307396,0.9889,-0.641525,2.223618,1.261649,0.9800,0.090987,2.183861,1.475102,0.9889,-0.880802,2.231018,1.206690,0.9942,-0.123780,2.206696,0.873621,0.9981,-0.316319,2.220310,0.868278,0.9988,-0.140144,2.258048,0.484432,0.9636,-0.303092,2.247231,0.483514,0.8815,-0.153972,2.264659,0.109327,0.9725,-0.286664,2.267866,0.099318,0.9690
411,20.5500,0,-0.246091,2.144207,1.534556,0.9999,-0.220635,2.169238,1.569588,0.9998,-0.273323,2.177782,1.565015,0.9998,-0.183592,2.219583,1.559023,0.9997,-0.295869,2.230976,1.549562,0.9997,-0.066684,2.234033,1.368991,0.9998,-0.403563,2.246490,1.356817,0.9998,0.184394,2.208689,1.304916,0.9959,-0.641725,2.224937,1.261572,0.9850,0.122566,2.184023,1.484092,0.9965,-0.882020,2.233476,1.207232,0.9960,-0.123971,2.205568,0.873422,0.9987,-0.315777,2.221636,0.868194,0.9988,-0.141315,2.257671,0.485492,0.9737,-0.302910,2.248388,0.483788,0.9120,-0.154824,2.263579,0.110425,0.9775,-0.286597,2.268542,0.098144,0.9741
412,20.6000,0,-0.247123,2.142414,1.532994,1.0000,-0.221767,2.167014,1.568219,0.9999,-0.273898,2.177364,1.563981,0.9999,-0.184659,2.219044,1.558784,0.9999,-0.295433,2.232152,1.549075,0.9999,-0.067428,2.232644,1.368261,0.9999,-0.404711,2.246145,1.356630,0.9999,0.181591,2.207121,1.303314,0.9971,-0.642240,2.224622,1.261758,0.9848,0.164441,2.178475,1.488014,0.9987,-0.882113,2.235380,1.207566,0.9959,-0.125080,2.205393,0.874154,0.9994,-0.316510,2.221390,0.868573,0.9994,-0.142063,2.257171,0.484655,0.9711,-0.303939,2.249906,0.482731,0.9321,-0.155104,2.261639,0.110737,0.9784,-0.285832,2.268351,0.098117,0.9752
413,20.6500,0,-0.247683,2.141971,1.531167,1.0000,-0.222625,2.167890,1.566771,0.9999,-0.273587,2.177170,1.562536,0.9999,-0.185416,2.219958,1.557818,0.9999,-0.294703,2.234654,1.548091,0.9999,-0.067693,2.230761,1.366830,0.9999,-0.405408,2.247265,1.356169,0.9999,0.179453,2.202833,1.302241,0.9972,-0.643355,2.226271,1.262306,0.9851,0.213504,2.172806,1.490226,0.9991,-0.882517,2.237338,1.207840,0.9965,-0.125979,2.205362,0.873901,0.9994,-0.317508,2.221660,0.868078,0.9994,-0.142301,2.257635,0.484234,0.9508,-0.303641,2.248495,0.483212,0.9452,-0.155577,2.261369,0.109346,0.9726,-0.285489,2.266758,0.097804,0.9825
414,20.7000,0,-0.247604,2.141680,1.530393,1.0000,-0.221990,2.166746,1.566727,0.9999,-0.273237,2.175848,1.562451,0.9999,-0.186045,2.217770,1.557525,0.9998,-0.294712,2.233991,1.548682,0.9999,-0.066000,2.230370,1.365622,0.9999,-0.406113,2.247140,1.356903,0.9998,0.180671,2.200021,1.303309,0.9984,-0.644349,2.229299,1.262434,0.9827,0.263397,2.169547,1.482749,0.9992,-0.883601,2.238516,1.208074,0.9946,-0.126683,2.205766,0.874834,0.9990,-0.318746,2.220964,0.869586,0.9991,-0.142760,2.258995,0.484231,0.9620,-0.304441,2.249471,0.483344,0.9630,-0.155860,2.261609,0.109038,0.9728,-0.285612,2.267893,0.095161,0.9830
415,20.7500,0,-0.246793,2.142317,1.530322,0.9999,-0.221081,2.167357,1.566864,0.9997,-0.272568,2.176299,1.561827,0.9996,-0.185804,2.217255,1.556907,0.9996,-0.294451,2.234597,1.548483,0.9994,-0.064562,2.229548,1.363302,0.9999,-0.406695,2.245540,1.356523,0.9996,0.181158,2.194792,1.303763,0.9976,-0.644323,2.229976,1.262403,0.9830,0.308151,2.165542,1.465183,0.9988,-0.884258,2.236536,1.207919,0.9952,-0.127472,2.207541,0.874810,0.9990,-0.319951,2.221853,0.869905,0.9989,-0.143733,2.259287,0.485637,0.9213,-0.304400,2.248233,0.483660,0.9241,-0.157377,2.266441,0.106849,0.9568,-0.286473,2.266807,0.096270,0.9735
416,20.8000,0,-0.245880,2.141990,1.529358,0.9999,-0.220191,2.166600,1.566362,0.9997,-0.271423,2.175699,1.561350,0.9995,-0.185306,2.217896,1.556592,0.9996,-0.293699,2.235022,1.548571,0.9991,-0.062860,2.230686,1.363230,0.9999,-0.408105,2.244787,1.356613,0.9995,0.181065,2.193031,1.304090,0.9981,-0.644989,2.230616,1.262015,0.9851,0.344551,2.163428,1.436741,0.9988,-0.884207,2.234654,1.207435,0.9955,-0.127528,2.208919,0.875387,0.9986,-0.320117,2.222111,0.870337,0.9987,-0.143974,2.259670,0.487199,0.9395,-0.304247,2.249458,0.483870,0.9327,-0.158271,2.270204,0.106335,0.9601,-0.286258,2.266065,0.096239,0.9763
417,20.8500,0,-0.244923,2.144116,1.530317,0.9999,-0.218894,2.168072,1.567568,0.9997,-0.270989,2.176036,1.562636,0.9997,-0.183743,2.219186,1.557507,0.9994,-0.294281,2.234996,1.549507,0.9994,-0.061555,2.232494,1.363549,0.9999,-0.408106,2.244576,1.357269,0.9996,0.182611,2.195082,1.302504,0.9969,-0.644045,2.231917,1.261717,0.9793,0.374952,2.164810,1.396056,0.9985,-0.882909,2.237383,1.206678,0.9944,-0.127711,2.210994,0.874434,0.9985,-0.320212,2.223660,0.869166,0.9984,-0.143583,2.258289,0.486700,0.9429,-0.303058,2.249739,0.482639,0.9327,-0.157890,2.269861,0.107224,0.9606,-0.285656,2.265125,0.095839,0.9776
418,20.9000,0,-0.243923,2.144299,1.529311,0.9999,-0.218717,2.168741,1.566206,0.9996,-0.270199,2.176221,1.561342,0.9996,-0.183436,2.219920,1.556749,0.9992,-0.293427,2.236553,1.548758,0.9990,-0.060730,2.233616,1.362929,0.9999,-0.407722,2.244918,1.355869,0.9996,0.182274,2.197892,1.296934,0.9967,-0.642734,2.230498,1.258901,0.9883,0.388822,2.168346,1.346922,0.9972,-0.881951,2.234923,1.202372,0.9954,-0.127369,2.211454,0.875728,0.9980,-0.319195,2.224684,0.870356,0.9982,-0.144595,2.256530,0.486556,0.9490,-0.303326,2.249319,0.483541,0.9410,-0.158407,2.265968,0.107930,0.9582,-0.285017,2.266037,0.093885,0.9748
419,20.9500,0,-0.242680,2.143916,1.529040,0.9999,-0.217586,2.169219,1.565837,0.9996,-0.269018,2.176156,1.560639,0.9994,-0.181961,2.220585,1.556644,0.9991,-0.292345,2.237165,1.548367,0.9986,-0.059121,2.234306,1.361770,0.9999,-0.406863,2.246567,1.354529,0.9997,0.180990,2.199657,1.284231,0.9966,-0.639458,2.231634,1.252722,0.9839,0.395872,2.165406,1.290071,0.9970,-0.879365,2.232486,1.193281,0.9934,-0.126914,2.211533,0.876650,0.9975,-0.318526,2.225249,0.871037,0.9976,-0.144284,2.258105,0.484664,0.9330,-0.303215,2.251476,0.483701,0.9350,-0.158762,2.265736,0.106885,0.9575,-0.285248,2.267075,0.093815,0.9751
420,21.0000,0,-0.240085,2.142162,1.527513,0.9999,-0.214674,2.166926,1.564168,0.9996,-0.266387,2.174950,1.559274,0.9996,-0.179738,2.219988,1.555655,0.9991,-0.289508,2.236655,1.547869,0.9988,-0.056829,2.235473,1.359959,0.9999,-0.404580,2.246308,1.352674,0.9997,0.176938,2.198620,1.265435,0.9947,-0.633382,2.235021,1.242584,0.9803,0.391730,2.164814,1.229219,0.9971,-0.872797,2.231277,1.175794,0.9922,-0.125264,2.213824,0.876258,0.9977,-0.316890,2.227426,0.871600,0.9979,-0.145152,2.258411,0.485177,0.9281,-0.302566,2.253897,0.484029,0.9255,-0.159674,2.265957,0.108438,0.9557,-0.285964,2.267095,0.094914,0.9752
421,21.0500,0,-0.236468,2.140699,1.527501,0.9999,-0.210825,2.165735,1.563649,0.9998,-0.262756,2.174486,1.559502,0.9998,-0.176866,2.219408,1.555002,0.9995,-0.286091,2.236852,1.547677,0.9996,-0.053662,2.235349,1.355386,0.9999,-0.402343,2.246364,1.349222,0.9998,0.171093,2.189608,1.238432,0.9956,-0.626755,2.236867,1.226159,0.9724,0.378719,2.147594,1.158727,0.9967,-0.862882,2.228760,1.144161,0.9841,-0.122691,2.214369,0.874813,0.9985,-0.315440,2.228125,0.870194,0.9989,-0.145752,2.261545,0.483421,0.9508,-0.302039,2.254402,0.482012,0.9410,-0.161196,2.266492,0.108678,0.9676,-0.286361,2.269620,0.094268,0.9728
422,21.1000,0,-0.232549,2.139626,1.527451,1.0000,-0.207444,2.164527,1.563203,0.9999,-0.259068,2.173105,1.559240,0.9999,-0.173774,2.220037,1.554665,0.9997,-0.282479,2.235499,1.546846,0.9997,-0.050175,2.237705,1.350203,1.0000,-0.397183,2.246620,1.347173,0.9999,0.154831,2.187675,1.208183,0.9949,-0.606128,2.245730,1.207533,0.9477,0.352494,2.126585,1.090642,0.9952,-0.835192,2.237901,1.101552,0.9712,-0.119741,2.215248,0.875258,0.9987,-0.312716,2.227779,0.871129,0.9989,-0.146612,2.260430,0.484528,0.9145,-0.301798,2.254475,0.482296,0.9331,-0.160979,2.267126,0.109486,0.9565,-0.287190,2.269261,0.093736,0.9668
423,21.1500,0,-0.229967,2.139087,1.525877,1.0000,-0.205178,2.163495,1.561929,0.9999,-0.256550,2.172836,1.557785,0.9999,-0.170325,2.219164,1.553710,0.9999,-0.278976,2.236245,1.545977,0.9998,-0.046379,2.244013,1.344753,1.0000,-0.391911,2.248879,1.345932,0.9999,0.130459,2.198392,1.176194,0.9915,-0.577411,2.257877,1.183861,0.9241,0.314961,2.113463,1.026458,0.9908,-0.793310,2.250628,1.047956,0.9541,-0.117912,2.214653,0.875242,0.9988,-0.310350,2.225545,0.871292,0.9989,-0.145335,2.260190,0.483645,0.9487,-0.300907,2.254422,0.482053,0.9105,-0.160990,2.266959,0.109046,0.9703,-0.287159,2.269529,0.095630,0.9499
424,21.2000,0,-0.226738,2.137847,1.525236,1.0000,-0.201821,2.162504,1.561222,0.9999,-0.252843,2.171691,1.557171,0.9999,-0.165944,2.218671,1.553291,0.9999,-0.274605,2.235977,1.545559,0.9996,-0.042376,2.247416,1.339103,1.0000,-0.385230,2.250124,1.343475,0.9999,0.106600,2.205752,1.144902,0.9913,-0.545059,2.270053,1.159083,0.8960,0.268350,2.104693,0.964118,0.9868,-0.731658,2.259576,0.991514,0.9351,-0.115524,2.215071,0.872263,0.9990,-0.308399,2.224649,0.868411,0.9991,-0.145374,2.256582,0.481661,0.9529,-0.299667,2.253388,0.480589,0.9284,-0.161489,2.267919,0.108104,0.9716,-0.286976,2.268936,0.095377,0.9599
425,21.2500,0,-0.222326,2.138331,1.524936,1.0000,-0.196315,2.162845,1.560401,0.9999,-0.247903,2.173086,1.557107,0.9999,-0.160505,2.217745,1.552207,0.9999,-0.268491,2.236303,1.545583,0.9998,-0.037952,2.251161,1.334703,1.0000,-0.378252,2.252757,1.339545,0.9999,0.080102,2.218752,1.119436,0.9860,-0.507966,2.275499,1.134529,0.8803,0.211631,2.116136,0.917386,0.9637,-0.663293,2.270763,0.935858,0.9076,-0.112846,2.215869,0.870495,0.9993,-0.304628,2.225714,0.865495,0.9994,-0.143744,2.256661,0.480124,0.9715,-0.296413,2.254015,0.479353,0.8558,-0.159693,2.268179,0.106403,0.9779,-0.283043,2.271137,0.094657,0.9363
426,21.3000,0,-0.218421,2.139050,1.523580,0.9999,-0.191346,2.162389,1.558881,0.9998,-0.243436,2.172601,1.555708,0.9998,-0.155208,2.216377,1.551219,0.9996,-0.263206,2.234607,1.545042,0.9992,-0.032564,2.254661,1.330227,0.9999,-0.371530,2.253682,1.336522,0.9999,0.059406,2.226455,1.096651,0.9556,-0.470298,2.277366,1.109712,0.7992,0.153919,2.135896,0.875571,0.9495,-0.590112,2.271706,0.890399,0.8666,-0.108853,2.216355,0.869181,0.9989,-0.299210,2.225425,0.864523,0.9990,-0.141870,2.253131,0.480400,0.9580,-0.294128,2.252094,0.480385,0.8599,-0.160367,2.266925,0.105920,0.9701,-0.282984,2.270354,0.095032,0.9341
427,21.3500,0,-0.212557,2.134744,1.520940,0.9998,-0.185141,2.158987,1.557261,0.9995,-0.237032,2.168295,1.554320,0.9995,-0.148609,2.213851,1.549882,0.9994,-0.256504,2.232450,1.544747,0.9979,-0.026672,2.257823,1.325391,0.9998,-0.365379,2.254469,1.333118,0.9998,0.043877,2.234709,1.078591,0.9071,-0.435560,2.273544,1.087766,0.7048,0.108873,2.159344,0.849210,0.9033,-0.525528,2.263884,0.857304,0.7806,-0.104544,2.215329,0.867626,0.9988,-0.293853,2.223879,0.863485,0.9988,-0.137502,2.252511,0.480787,0.9679,-0.291766,2.251235,0.480004,0.8351,-0.158564,2.268579,0.105675,0.9775,-0.282820,2.270831,0.093274,0.9383
428,21.4000,0,-0.207124,2.132076,1.518243,0.9998,-0.179208,2.156524,1.555073,0.9996,-0.230896,2.165205,1.552273,0.9996,-0.142311,2.211723,1.548142,0.9995,-0.249940,2.230229,1.543801,0.9983,-0.021624,2.262773,1.321972,0.9998,-0.359107,2.253007,1.331151,0.9998,0.032072,2.244398,1.068015,0.7854,-0.408265,2.264572,1.075024,0.6963,0.074713,2.184841,0.837548,0.7921,-0.478414,2.248054,0.838240,0.7407,-0.101549,2.217138,0.866122,0.9991,-0.289711,2.222528,0.863276,0.9989,-0.133723,2.253941,0.481977,0.9650,-0.291242,2.250433,0.481001,0.8974,-0.158247,2.271278,0.105076,0.9765,-0.283985,2.271763,0.093426,0.9545
429,21.4500,0,-0.201157,2.129484,1.516436,0.9999,-0.173028,2.152710,1.553398,0.9998,-0.224516,2.161922,1.550806,0.9998,-0.136072,2.208050,1.546674,0.9997,-0.244016,2.228413,1.542518,0.9992,-0.015855,2.263502,1.318827,0.9996,-0.353740,2.254124,1.327515,0.9998,0.025517,2.249861,1.061417,0.6752,-0.390780,2.262045,1.063840,0.7200,0.055646,2.204794,0.830996,0.6008,-0.447825,2.236465,0.825699,0.7412,-0.096580,2.218184,0.864236,0.9991,-0.284907,2.223017,0.862034,0.9991,-0.131341,2.252005,0.482190,0.9601,-0.289737,2.250462,0.481312,0.8153,-0.158268,2.272426,0.103137,0.9765,-0.283784,2.273234,0.093556,0.9092
430,21.5000,0,-0.195684,2.127754,1.515122,0.9999,-0.167373,2.150630,1.552277,0.9998,-0.218988,2.159526,1.549220,0.9998,-0.131226,2.205799,1.545866,0.9997,-0.238809,2.225814,1.541285,0.9995,-0.010416,2.264864,1.316899,0.9995,-0.348133,2.252174,1.325151,0.9999,0.022844,2.257486,1.056668,0.6086,-0.381266,2.258029,1.058724,0.8017,0.047592,2.221020,0.828765,0.5517,-0.432469,2.222122,0.819371,0.8195,-0.090784,2.216252,0.863345,0.9988,-0.279051,2.220419,0.861350,0.9992,-0.128345,2.250079,0.477456,0.9628,-0.286674,2.247935,0.478853,0.8966,-0.156477,2.272847,0.100446,0.9756,-0.283130,2.272750,0.093066,0.9481
431,21.5500,0,-0.190225,2.127202,1.514244,0.9999,-0.161925,2.149213,1.551069,0.9998,-0.213656,2.158800,1.548318,0.9998,-0.125029,2.204462,1.544860,0.9998,-0.232294,2.223955,1.540876,0.9995,-0.003691,2.265501,1.314363,0.9999,-0.341817,2.254207,1.324261,0.9999,0.025098,2.259667,1.051335,0.8798,-0.371950,2.251981,1.056400,0.7678,0.051594,2.225108,0.820046,0.8737,-0.426851,2.211804,0.816072,0.8360,-0.085229,2.216450,0.861457,0.9992,-0.272429,2.220644,0.860331,0.9991,-0.125270,2.246991,0.477043,0.9569,-0.282879,2.239105,0.481753,0.8795,-0.156323,2.270369,0.100184,0.9702,-0.282101,2.269528,0.096513,0.9403
432,21.6000,0,-0.185494,2.127611,1.513135,1.0000,-0.157780,2.147208,1.549654,0.9999,-0.209418,2.158855,1.546929,0.9999,-0.119779,2.202619,1.544170,0.9999,-0.226410,2.221529,1.539370,0.9998,0.002391,2.263999,1.311791,1.0000,-0.335796,2.255499,1.322806,1.0000,0.028646,2.258580,1.044888,0.9192,-0.366837,2.250297,1.055834,0.8459,0.059663,2.225637,0.811524,0.8980,-0.426295,2.206005,0.817314,0.8796,-0.082104,2.217938,0.857727,0.9995,-0.269041,2.219199,0.857269,0.9994,-0.122764,2.243660,0.476686,0.9479,-0.279337,2.227890,0.483349,0.9300,-0.154634,2.273439,0.099980,0.9683,-0.279756,2.266955,0.100911,0.9537
433,21.6500,0,-0.180888,2.127055,1.512615,1.0000,-0.153135,2.145726,1.548586,0.9999,-0.204757,2.157943,1.546614,0.9999,-0.114132,2.201248,1.542895,0.9999,-0.221068,2.219497,1.539289,0.9998,0.008740,2.261574,1.310964,0.9999,-0.330902,2.255825,1.323358,0.9999,0.035007,2.256697,1.043123,0.9273,-0.365312,2.250872,1.056452,0.8456,0.070955,2.223952,0.807582,0.9164,-0.427234,2.202234,0.820198,0.8923,-0.078219,2.215827,0.854244,0.9994,-0.265601,2.214933,0.854973,0.9995,-0.118858,2.239103,0.475099,0.9377,-0.276620,2.210313,0.486765,0.9694,-0.152237,2.274547,0.101920,0.9601,-0.278419,2.261791,0.108003,0.9767
434,21.7000,0,-0.176777,2.127235,1.512368,1.0000,-0.148947,2.145098,1.548189,1.0000,-0.200685,2.158711,1.546370,0.9999,-0.109581,2.201413,1.542115,0.9999,-0.216582,2.221116,1.538958,0.9998,0.013997,2.259317,1.310748,1.0000,-0.324838,2.256376,1.323426,0.9999,0.040581,2.256060,1.042463,0.9499,-0.362852,2.250705,1.056697,0.8512,0.081664,2.219530,0.804267,0.9649,-0.426990,2.198354,0.823546,0.8986,-0.074230,2.211347,0.855204,0.9998,-0.261259,2.209108,0.856057,0.9998,-0.117540,2.238225,0.474102,0.8963,-0.274865,2.175819,0.498453,0.9889,-0.154301,2.282574,0.101290,0.9649,-0.276828,2.253191,0.121629,0.9877
435,21.7500,0,-0.173396,2.125674,1.512042,1.0000,-0.146151,2.142802,1.547969,1.0000,-0.196932,2.156667,1.546004,0.9999,-0.106726,2.200231,1.542105,0.9999,-0.212792,2.220891,1.538717,0.9999,0.017467,2.256606,1.311927,1.0000,-0.320479,2.256644,1.324546,0.9999,0.047482,2.254612,1.043643,0.9618,-0.361157,2.251645,1.059397,0.8338,0.091239,2.214201,0.803802,0.9795,-0.428946,2.198199,0.825389,0.8803,-0.071972,2.206776,0.857745,0.9998,-0.258161,2.203121,0.859245,0.9998,-0.116145,2.237801,0.476303,0.8736,-0.276567,2.131321,0.516770,0.9879,-0.153745,2.287515,0.102214,0.9557,-0.274229,2.239639,0.148612,0.9836
436,21.8000,0,-0.169966,2.125677,1.511580,1.0000,-0.142539,2.142226,1.547639,1.0000,-0.193697,2.157048,1.546202,1.0000,-0.102411,2.198382,1.542017,0.9999,-0.209259,2.219273,1.538853,0.9999,0.020898,2.253659,1.313074,1.0000,-0.316678,2.256754,1.325479,1.0000,0.052331,2.250422,1.045932,0.9731,-0.359704,2.255452,1.062260,0.8756,0.099811,2.209858,0.805675,0.9726,-0.430824,2.201480,0.829462,0.9087,-0.070650,2.205417,0.861250,0.9998,-0.256547,2.199705,0.865133,0.9999,-0.115731,2.242983,0.478657,0.8059,-0.275377,2.051384,0.552938,0.9827,-0.156797,2.301580,0.104973,0.9159,-0.264658,2.199469,0.199677,0.9604
437,21.8500,0,-0.166626,2.124854,1.512227,1.0000,-0.139120,2.141076,1.548316,1.0000,-0.190076,2.155297,1.546710,1.0000,-0.099185,2.197085,1.542660,1.0000,-0.205629,2.218415,1.539662,1.0000,0.024909,2.250895,1.313495,1.0000,-0.313481,2.256017,1.325969,1.0000,0.057118,2.246705,1.047774,0.9778,-0.358891,2.260048,1.065207,0.8547,0.106326,2.206658,0.806534,0.9751,-0.430929,2.205689,0.832758,0.8698,-0.071087,2.206174,0.864284,0.9999,-0.256888,2.199192,0.871833,1.0000,-0.114581,2.243935,0.479784,0.9310,-0.284159,1.999026,0.617428,0.9962,-0.156019,2.301843,0.106180,0.9769,-0.262941,2.178351,0.274526,0.9815
438,21.9000,0,-0.165105,2.122131,1.512609,1.0000,-0.137414,2.137801,1.548825,1.0000,-0.188322,2.152207,1.547163,1.0000,-0.097164,2.194306,1.543383,0.9999,-0.203549,2.217005,1.540538,0.9999,0.028648,2.246354,1.314853,1.0000,-0.310884,2.255724,1.327711,1.0000,0.063477,2.241201,1.048788,0.9689,-0.357687,2.265905,1.068421,0.6874,0.113567,2.200104,0.805451,0.9675,-0.428864,2.211701,0.836453,0.6470,-0.071398,2.206594,0.868041,0.9999,-0.258928,2.201110,0.879776,1.0000,-0.110876,2.238650,0.483820,0.8893,-0.292843,1.954764,0.666865,0.9942,-0.151855,2.290621,0.104937,0.9733,-0.266930,2.163899,0.341465,0.9820
439,21.9500,0,-0.163087,2.120638,1.514957,1.0000,-0.134616,2.136419,1.550165,1.0000,-0.186396,2.150085,1.548698,1.0000,-0.094675,2.192950,1.544596,1.0000,-0.201631,2.212762,1.542189,1.0000,0.030339,2.243829,1.314906,1.0000,-0.309846,2.255226,1.329725,1.0000,0.066030,2.238722,1.049502,0.9618,-0.357899,2.272076,1.072625,0.7190,0.119082,2.193882,0.805885,0.9187,-0.428578,2.222879,0.842723,0.6052,-0.072999,2.213961,0.874500,0.9999,-0.259929,2.208324,0.889123,1.0000,-0.109707,2.235510,0.488583,0.7394,-0.296057,1.924074,0.727470,0.9815,-0.148170,2.283569,0.116220,0.9107,-0.272308,2.128519,0.411635,0.9680
440,22.0000,0,-0.161388,2.118415,1.516599,1.0000,-0.133146,2.134453,1.551886,0.9999,-0.185268,2.147835,1.550265,1.0000,-0.092903,2.189072,1.545654,0.9998,-0.201616,2.211195,1.543054,1.0000,0.032449,2.239252,1.315619,1.0000,-0.308201,2.252655,1.330149,0.9999,0.067840,2.236985,1.049806,0.9490,-0.356125,2.272207,1.074150,0.5539,0.119945,2.194537,0.805478,0.9278,-0.429988,2.222010,0.849056,0.5224,-0.073012,2.219006,0.875361,0.9998,-0.260319,2.217466,0.893901,1.0000,-0.112110,2.237585,0.488229,0.9394,-0.301707,1.929938,0.806013,0.9953,-0.146708,2.277444,0.113209,0.9825,-0.276402,2.109056,0.467883,0.9875
441,22.0500,0,-0.160718,2.117145,1.516153,1.0000,-0.132418,2.133916,1.551917,1.0000,-0.185250,2.146495,1.550209,1.0000,-0.093055,2.187217,1.546695,0.9998,-0.202138,2.208459,1.542703,0.9999,0.034014,2.235823,1.317794,1.0000,-0.307016,2.251062,1.331486,0.9999,0.070089,2.235029,1.050873,0.9711,-0.354791,2.272792,1.075467,0.5708,0.121348,2.189394,0.805264,0.9686,-0.428608,2.226050,0.858046,0.5426,-0.074231,2.219244,0.877064,0.9998,-0.262293,2.219731,0.898239,0.9999,-0.115904,2.237545,0.487160,0.9555,-0.310120,1.934808,0.846240,0.9919,-0.146665,2.273370,0.110239,0.9818,-0.279329,2.083802,0.522867,0.9566
442,22.1000,0,-0.161444,2.115962,1.516280,1.0000,-0.132746,2.132961,1.552059,0.9999,-0.185941,2.145146,1.549707,0.9999,-0.093441,2.185046,1.547497,0.9996,-0.202392,2.205961,1.541817,0.9999,0.035401,2.230850,1.319612,0.9999,-0.306717,2.249441,1.332831,0.9999,0.070540,2.233162,1.051064,0.9616,-0.355162,2.274202,1.076630,0.5146,0.119771,2.189655,0.804606,0.9506,-0.427995,2.228239,0.863140,0.4852,-0.076367,2.220474,0.879546,0.9997,-0.263711,2.223492,0.902928,0.9999,-0.119351,2.231031,0.491254,0.9303,-0.314274,1.936232,0.886220,0.9900,-0.146758,2.270631,0.109404,0.9781,-0.283052,2.065805,0.559414,0.9741
443,22.1500,0,-0.160326,2.113562,1.515155,1.0000,-0.131365,2.131387,1.551188,0.9999,-0.185218,2.142188,1.548756,0.9999,-0.093278,2.183403,1.547084,0.9996,-0.202216,2.202489,1.541160,0.9999,0.034983,2.229020,1.320195,0.9999,-0.307724,2.249693,1.331764,0.9999,0.069256,2.233567,1.050558,0.9505,-0.355342,2.275715,1.075554,0.5851,0.118167,2.191943,0.802530,0.9111,-0.427315,2.228766,0.865443,0.5488,-0.077141,2.220407,0.882256,0.9995,-0.265693,2.226128,0.905168,0.9998,-0.121809,2.223651,0.496476,0.9403,-0.320725,1.945132,0.909887,0.9854,-0.147364,2.269270,0.109834,0.9696,-0.283607,2.048284,0.586100,0.9429
444,22.2000,0,-0.160752,2.114218,1.514622,1.0000,-0.131753,2.132760,1.550632,0.9999,-0.185774,2.142313,1.547805,0.9999,-0.093514,2.183198,1.546288,0.9997,-0.202528,2.201473,1.539778,0.9999,0.035285,2.227288,1.319355,0.9999,-0.307663,2.248767,1.331260,0.9999,0.068823,2.234417,1.050074,0.9483,-0.353889,2.275907,1.075374,0.6885,0.116132,2.193913,0.800183,0.9256,-0.427949,2.224724,0.866614,0.6726,-0.077416,2.218403,0.882735,0.9995,-0.266322,2.226380,0.905434,0.9998,-0.124734,2.223504,0.495163,0.9533,-0.328486,1.948615,0.906473,0.9859,-0.148741,2.267819,0.108964,0.9763,-0.284039,2.039880,0.591458,0.9417
445,22.2500,0,-0.160801,2.114546,1.512500,1.0000,-0.131494,2.132501,1.548647,0.9999,-0.185702,2.142843,1.546046,1.0000,-0.093253,2.182621,1.545064,0.9997,-0.202222,2.202080,1.538323,0.9999,0.035777,2.227057,1.318288,0.9999,-0.306776,2.251417,1.331442,0.9999,0.068508,2.231851,1.047632,0.9566,-0.352198,2.278101,1.074593,0.5593,0.115960,2.194443,0.795985,0.9406,-0.426054,2.226448,0.863483,0.5514,-0.077435,2.218185,0.881155,0.9998,-0.265890,2.226794,0.904471,0.9999,-0.124921,2.226529,0.492728,0.9426,-0.333023,1.944974,0.897789,0.9892,-0.148783,2.268722,0.106947,0.9766,-0.282159,2.037148,0.583798,0.9494
446,22.3000,0,-0.160046,2.113562,1.509788,0.9999,-0.130791,2.130466,1.545756,0.9997,-0.184340,2.141461,1.543385,0.9998,-0.091931,2.181538,1.542186,0.9986,-0.200786,2.203971,1.536973,0.9997,0.036313,2.227821,1.316456,0.9998,-0.306025,2.254033,1.332204,0.9999,0.068604,2.231213,1.046341,0.9340,-0.352679,2.281225,1.076705,0.6373,0.114876,2.192153,0.795357,0.9143,-0.424904,2.229896,0.861568,0.6205,-0.079980,2.217139,0.880908,0.9994,-0.267993,2.224979,0.905522,0.9998,-0.122631,2.227658,0.493350,0.9273,-0.336082,1.944045,0.882109,0.9864,-0.149163,2.268034,0.105072,0.9676,-0.282054,2.044582,0.566763,0.9633
447,22.3500,0,-0.160177,2.115450,1.508836,1.0000,-0.131264,2.130581,1.545043,0.9999,-0.183977,2.143334,1.542757,0.9999,-0.091375,2.181202,1.541229,0.9996,-0.200021,2.207541,1.536814,0.9999,0.036223,2.228269,1.315302,1.0000,-0.305634,2.257202,1.332621,1.0000,0.068356,2.230522,1.045835,0.9344,-0.353284,2.285180,1.078973,0.7753,0.113057,2.188595,0.795636,0.9058,-0.423181,2.234039,0.861212,0.7673,-0.083340,2.216455,0.880382,0.9999,-0.271294,2.221776,0.906127,1.0000,-0.119603,2.224710,0.493282,0.8957,-0.336082,1.944045,0.882109,0.0000,-0.148172,2.265444,0.103265,0.9778,-0.283404,2.059590,0.541593,0.9844
448,22.4000,0,-0.160109,2.117999,1.508547,1.0000,-0.130994,2.132830,1.544389,1.0000,-0.183070,2.146530,1.542802,0.9999,-0.089961,2.183173,1.540020,0.9999,-0.198059,2.211430,1.536960,0.9998,0.035849,2.230577,1.312612,1.0000,-0.304450,2.259603,1.332649,0.9999,0.066362,2.231448,1.044609,0.9738,-0.354105,2.288626,1.079573,0.8113,0.109396,2.187464,0.795199,0.9635,-0.424699,2.237530,0.862305,0.8794,-0.085180,2.214126,0.879910,0.9999,-0.273622,2.217339,0.904732,0.9999,-0.118895,2.226538,0.492452,0.9471,-0.336082,1.944045,0.882109,0.0000,-0.148697,2.267676,0.101355,0.9861,-0.285225,2.081124,0.494907,0.9689
449,22.4500,0,-0.159457,2.120762,1.509396,1.0000,-0.130096,2.136518,1.545188,1.0000,-0.182325,2.149778,1.543378,0.9999,-0.089213,2.187490,1.540043,0.9999,-0.197101,2.213053,1.537129,0.9998,0.034848,2.231702,1.310862,1.0000,-0.304823,2.260904,1.332649,0.9999,0.062378,2.234216,1.042437,0.9668,-0.356328,2.287436,1.078974,0.8075,0.104364,2.189588,0.792898,0.9594,-0.428756,2.234319,0.860333,0.9042,-0.085344,2.210126,0.876848,0.9999,-0.273701,2.210953,0.899815,0.9999,-0.120792,2.231434,0.492074,0.8891,-0.336082,1.944045,0.882109,0.0000,-0.153585,2.282113,0.106699,0.9614,-0.286902,2.102434,0.428238,0.9877
450,22.5000,0,-0.159750,2.121271,1.509566,1.0000,-0.130903,2.138515,1.545199,0.9999,-0.181704,2.152250,1.543753,0.9999,-0.090204,2.190831,1.539832,0.9999,-0.195610,2.217007,1.537343,0.9998,0.032589,2.233433,1.309279,1.0000,-0.305354,2.262514,1.333186,0.9999,0.057221,2.234979,1.040076,0.9558,-0.359148,2.286323,1.078561,0.7955,0.098949,2.189236,0.791059,0.9601,-0.434063,2.229220,0.858516,0.8997,-0.086039,2.206269,0.873422,0.9999,-0.272954,2.205287,0.892886,0.9999,-0.125461,2.237321,0.490486,0.9090,-0.319917,1.955746,0.778536,0.9902,-0.161166,2.298059,0.106632,0.9697,-0.289429,2.127678,0.353302,0.9844
451,22.5500,0,-0.159922,2.121698,1.510401,1.0000,-0.131303,2.139290,1.545616,0.9999,-0.180964,2.153501,1.544810,0.9999,-0.090986,2.192807,1.539627,0.9999,-0.194870,2.219025,1.538085,0.9998,0.029968,2.233473,1.307513,1.0000,-0.307234,2.263489,1.333169,0.9999,0.051374,2.234848,1.037658,0.9462,-0.362828,2.282445,1.077876,0.8115,0.090977,2.186670,0.789530,0.9491,-0.440083,2.223119,0.856616,0.8929,-0.086617,2.202447,0.869756,0.9998,-0.272472,2.202178,0.885199,0.9998,-0.128515,2.241885,0.485499,0.9190,-0.305674,1.998128,0.684521,0.9853,-0.162458,2.303227,0.104305,0.9712,-0.292532,2.148566,0.286249,0.9826
452,22.6000,0,-0.160051,2.120611,1.512445,0.9999,-0.131477,2.139471,1.547158,0.9999,-0.180881,2.153618,1.546986,0.9998,-0.092050,2.194742,1.540892,0.9998,-0.194982,2.218518,1.539536,0.9995,0.027040,2.233344,1.306656,0.9999,-0.309732,2.263682,1.332384,0.9999,0.044422,2.233038,1.035573,0.9526,-0.367000,2.278049,1.076791,0.7436,0.082197,2.182294,0.787758,0.9489,-0.446680,2.215363,0.855327,0.8676,-0.087972,2.198709,0.864531,0.9993,-0.273651,2.201715,0.876561,0.9995,-0.127971,2.245878,0.478436,0.9387,-0.295234,2.055690,0.609754,0.9693,-0.160433,2.301575,0.100331,0.9659,-0.297764,2.179194,0.228189,0.9766
453,22.6500,0,-0.161962,2.119863,1.515428,0.9999,-0.132505,2.138605,1.550081,0.9998,-0.183026,2.154256,1.550424,0.9997,-0.093769,2.192828,1.542577,0.9997,-0.196245,2.218298,1.542366,0.9992,0.024204,2.232640,1.306038,0.9999,-0.312256,2.262258,1.333219,0.9998,0.037758,2.228796,1.034770,0.9729,-0.370335,2.274906,1.076699,0.7579,0.072606,2.175849,0.788907,0.9539,-0.452840,2.208642,0.856786,0.8693,-0.090169,2.197650,0.863644,0.9993,-0.275453,2.205590,0.873663,0.9994,-0.127466,2.245986,0.477432,0.9671,-0.290522,2.105143,0.566859,0.9644,-0.160030,2.296306,0.101277,0.9786,-0.303317,2.203747,0.186933,0.9835
454,22.7000,0,-0.164513,2.120282,1.518446,0.9999,-0.134531,2.138560,1.552259,0.9998,-0.185671,2.154247,1.552847,0.9997,-0.096686,2.191759,1.543809,0.9998,-0.198982,2.216779,1.544072,0.9992,0.019612,2.230291,1.305136,0.9999,-0.314316,2.262251,1.333747,0.9998,0.030480,2.223161,1.033480,0.9771,-0.373951,2.271423,1.078151,0.7543,0.063207,2.167712,0.789485,0.9503,-0.459354,2.203120,0.859769,0.8621,-0.093489,2.196177,0.862885,0.9991,-0.278731,2.209417,0.871014,0.9991,-0.128878,2.242970,0.476228,0.9814,-0.290231,2.147171,0.537271,0.9288,-0.157231,2.290895,0.102733,0.9864,-0.305960,2.221606,0.158213,0.9634
455,22.7500,0,-0.169058,2.118473,1.520337,0.9999,-0.139188,2.137541,1.554381,0.9998,-0.190829,2.152945,1.554442,0.9997,-0.102196,2.189654,1.545153,0.9998,-0.204560,2.215579,1.544636,0.9992,0.014432,2.226965,1.305214,0.9999,-0.319468,2.260104,1.334149,0.9998,0.022307,2.217502,1.034000,0.9752,-0.378595,2.267399,1.079502,0.7268,0.052140,2.160513,0.791258,0.9473,-0.465619,2.200038,0.859901,0.8359,-0.097663,2.194353,0.861539,0.9993,-0.282846,2.212172,0.867874,0.9991,-0.130127,2.245046,0.474141,0.9800,-0.292461,2.181684,0.513291,0.9134,-0.155879,2.285483,0.102012,0.9856,-0.309158,2.238343,0.134502,0.9555
456,22.8000,0,-0.174742,2.116742,1.521781,0.9999,-0.144391,2.137304,1.555484,0.9999,-0.196557,2.152033,1.555801,0.9998,-0.107736,2.188572,1.545536,0.9998,-0.210953,2.213935,1.545119,0.9994,0.007086,2.220108,1.305328,0.9999,-0.326968,2.255447,1.334705,0.9998,0.013826,2.210326,1.035324,0.9769,-0.385322,2.262568,1.080179,0.7975,0.042621,2.153310,0.792460,0.9730,-0.471830,2.198318,0.859858,0.8914,-0.103883,2.191178,0.861733,0.9993,-0.289770,2.213877,0.866642,0.9993,-0.133663,2.247273,0.472256,0.9802,-0.296697,2.205559,0.500196,0.9120,-0.157082,2.281951,0.101550,0.9853,-0.311980,2.248659,0.121488,0.9634
457,22.8500,0,-0.182021,2.115396,1.523146,1.0000,-0.150903,2.135007,1.555795,0.9999,-0.203927,2.150201,1.556679,0.9999,-0.114324,2.184439,1.545776,0.9999,-0.218743,2.209682,1.545836,0.9997,-0.001047,2.213935,1.305288,0.9999,-0.335476,2.252223,1.334767,0.9999,0.005742,2.201868,1.035755,0.9737,-0.394435,2.258807,1.080085,0.8132,0.035148,2.150404,0.792455,0.9575,-0.478991,2.199101,0.858148,0.8829,-0.111003,2.193517,0.862900,0.9992,-0.296974,2.216962,0.866738,0.9993,-0.137720,2.247315,0.472344,0.9786,-0.300809,2.224152,0.491474,0.8869,-0.154986,2.278662,0.102314,0.9816,-0.312644,2.254817,0.112756,0.9516
458,22.9000,0,-0.188328,2.114938,1.523355,1.0000,-0.157341,2.134753,1.555983,0.9999,-0.210664,2.149052,1.556767,0.9999,-0.121239,2.184317,1.545965,0.9999,-0.226959,2.208123,1.545962,0.9995,-0.008628,2.211962,1.306592,0.9999,-0.343519,2.248837,1.334834,0.9999,0.000113,2.197028,1.036448,0.9824,-0.402527,2.258492,1.077905,0.8163,0.029536,2.146244,0.792725,0.9720,-0.485666,2.200936,0.853833,0.9106,-0.117260,2.195942,0.863347,0.9990,-0.302824,2.219501,0.866395,0.9993,-0.140034,2.249441,0.471915,0.9822,-0.307114,2.238096,0.484563,0.9167,-0.156646,2.278139,0.103036,0.9786,-0.315933,2.254474,0.107820,0.9671
459,22.9500,0,-0.195920,2.112012,1.523982,0.9999,-0.165796,2.132735,1.557241,0.9999,-0.218243,2.145318,1.557502,0.9998,-0.129777,2.184216,1.546829,0.9998,-0.235449,2.206029,1.546421,0.9993,-0.016479,2.214458,1.308577,0.9999,-0.351521,2.247346,1.335474,0.9998,-0.005519,2.195397,1.039429,0.9827,-0.409367,2.259181,1.076585,0.7579,0.025410,2.144912,0.795719,0.9748,-0.492964,2.206176,0.849579,0.8687,-0.121843,2.198626,0.864503,0.9991,-0.307319,2.220202,0.866516,0.9993,-0.142910,2.250808,0.472610,0.9821,-0.313336,2.243413,0.481743,0.9274,-0.156311,2.276302,0.104422,0.9770,-0.317571,2.253703,0.106521,0.9710
460,23.0000,0,-0.201842,2.111802,1.522391,0.9999,-0.171506,2.132329,1.556317,0.9998,-0.224612,2.144647,1.556950,0.9998,-0.135828,2.183292,1.546668,0.9998,-0.242732,2.204755,1.546720,0.9993,-0.022013,2.215551,1.309606,0.9999,-0.359041,2.245418,1.335788,0.9999,-0.008445,2.197227,1.040479,0.9741,-0.415498,2.259572,1.075453,0.8110,0.023254,2.145490,0.797760,0.9613,-0.499719,2.211063,0.847170,0.8861,-0.126054,2.201633,0.864617,0.9987,-0.311152,2.220291,0.866431,0.9993,-0.145155,2.251105,0.473932,0.9759,-0.317675,2.245554,0.479819,0.9525,-0.157931,2.277765,0.105811,0.9733,-0.320413,2.254430,0.103924,0.9809
461,23.0500,0,-0.206374,2.112612,1.520753,0.9999,-0.176328,2.133612,1.555462,0.9999,-0.229860,2.144131,1.555915,0.9998,-0.141196,2.184335,1.546323,0.9998,-0.249545,2.203475,1.546273,0.9994,-0.026106,2.219015,1.310146,0.9999,-0.365390,2.244793,1.335414,0.9998,-0.010558,2.200983,1.041060,0.9661,-0.420867,2.261701,1.073521,0.7941,0.022805,2.147513,0.799742,0.9578,-0.504721,2.217588,0.843195,0.8812,-0.127731,2.204054,0.864803,0.9992,-0.313538,2.222212,0.866328,0.9993,-0.145784,2.251697,0.475719,0.9726,-0.319505,2.249440,0.480045,0.9404,-0.156530,2.277139,0.108103,0.9761,-0.321411,2.256706,0.103306,0.9812
462,23.1000,0,-0.209329,2.111331,1.519363,0.9999,-0.180110,2.133070,1.554379,0.9997,-0.233005,2.143197,1.555101,0.9997,-0.145866,2.184390,1.546477,0.9996,-0.253233,2.204186,1.546461,0.9988,-0.029011,2.223118,1.312140,0.9999,-0.369543,2.244605,1.335199,0.9999,-0.009992,2.205832,1.043365,0.9702,-0.424044,2.264817,1.072390,0.8493,0.026426,2.154116,0.803254,0.9655,-0.508475,2.223628,0.840573,0.9300,-0.128200,2.206238,0.864521,0.9988,-0.314862,2.224332,0.865243,0.9992,-0.146143,2.252255,0.477068,0.9752,-0.319968,2.254278,0.478648,0.9110,-0.156473,2.275507,0.108876,0.9779,-0.320123,2.260509,0.101183,0.9684
463,23.1500,0,-0.211683,2.110959,1.519093,1.0000,-0.183143,2.132512,1.554948,0.9999,-0.236022,2.141368,1.554693,0.9999,-0.148900,2.184886,1.547250,0.9998,-0.257434,2.201941,1.546289,0.9996,-0.030769,2.226801,1.313364,0.9999,-0.371661,2.243576,1.334650,0.9999,-0.006371,2.209402,1.045493,0.9831,-0.425895,2.262214,1.071793,0.8316,0.033406,2.161015,0.804135,0.9783,-0.510443,2.224861,0.839252,0.9031,-0.128433,2.210029,0.864819,0.9987,-0.315070,2.224515,0.865373,0.9992,-0.146900,2.254016,0.478146,0.9763,-0.320199,2.255275,0.477204,0.9509,-0.157524,2.277711,0.107470,0.9745,-0.321823,2.259515,0.099549,0.9785
464,23.2000,0,-0.213650,2.112253,1.517281,0.9999,-0.185583,2.133439,1.553036,0.9999,-0.237872,2.141918,1.552370,0.9998,-0.150748,2.186576,1.546514,0.9998,-0.259291,2.202816,1.544742,0.9994,-0.031237,2.230581,1.316352,0.9999,-0.371543,2.244089,1.333653,0.9999,-0.000645,2.216217,1.048573,0.9834,-0.425781,2.263760,1.069970,0.8236,0.043019,2.166189,0.806685,0.9793,-0.509366,2.226174,0.836636,0.9137,-0.127126,2.211018,0.866010,0.9988,-0.313234,2.224537,0.865767,0.9992,-0.146568,2.254409,0.478723,0.9756,-0.319534,2.254584,0.477406,0.9415,-0.157886,2.277740,0.106451,0.9763,-0.322331,2.260849,0.098905,0.9736
465,23.2500,0,-0.213461,2.114028,1.517853,1.0000,-0.186010,2.135607,1.553676,0.9999,-0.237833,2.143113,1.551942,0.9999,-0.150867,2.188688,1.546806,0.9999,-0.259228,2.204607,1.543854,0.9995,-0.029649,2.235044,1.317477,1.0000,-0.369440,2.245386,1.332644,0.9999,0.006948,2.224003,1.051247,0.9837,-0.423806,2.264776,1.069317,0.7952,0.058517,2.167910,0.810712,0.9860,-0.506732,2.223533,0.834532,0.9040,-0.124812,2.210224,0.864653,0.9993,-0.310702,2.224920,0.863814,0.9993,-0.145181,2.255425,0.477775,0.9550,-0.319547,2.252911,0.476885,0.9443,-0.155795,2.274358,0.107317,0.9729,-0.323375,2.262704,0.096566,0.9739
466,23.3000,0,-0.211550,2.113005,1.516418,1.0000,-0.185000,2.133900,1.552667,0.9999,-0.235737,2.141532,1.549782,0.9999,-0.149158,2.189559,1.546502,0.9999,-0.256249,2.204768,1.542175,0.9996,-0.026025,2.239230,1.319198,1.0000,-0.365053,2.247034,1.332325,0.9999,0.016793,2.231139,1.053508,0.9819,-0.419162,2.265529,1.070081,0.8002,0.076174,2.170254,0.815650,0.9868,-0.501032,2.219201,0.834654,0.9003,-0.120632,2.211688,0.864381,0.9994,-0.306261,2.223970,0.863513,0.9995,-0.144302,2.251021,0.479740,0.9182,-0.318877,2.244650,0.480061,0.9319,-0.154675,2.273461,0.107133,0.9605,-0.323806,2.262997,0.097622,0.9667
467,23.3500,0,-0.208383,2.110545,1.514727,1.0000,-0.182665,2.131040,1.551393,0.9999,-0.232585,2.139719,1.547935,0.9999,-0.146052,2.189551,1.545987,0.9999,-0.251754,2.204304,1.540634,0.9996,-0.020915,2.242099,1.319761,1.0000,-0.358951,2.248759,1.332660,0.9999,0.028161,2.233531,1.055988,0.9843,-0.411805,2.267999,1.069973,0.7755,0.095489,2.175513,0.820059,0.9888,-0.493221,2.212503,0.836320,0.9020,-0.115712,2.213736,0.863671,0.9995,-0.301843,2.224721,0.863203,0.9996,-0.142585,2.247496,0.478534,0.9434,-0.318498,2.227536,0.482209,0.9771,-0.154464,2.272573,0.106618,0.9730,-0.326212,2.259227,0.101742,0.9832
468,23.4000,0,-0.204911,2.112173,1.512560,1.0000,-0.179671,2.131570,1.549867,1.0000,-0.229300,2.141128,1.545913,0.9999,-0.141660,2.189953,1.545604,1.0000,-0.246930,2.206200,1.538960,0.9998,-0.014349,2.243040,1.319126,1.0000,-0.352822,2.250759,1.331750,0.9999,0.039865,2.232069,1.056444,0.9908,-0.404271,2.272318,1.068780,0.8431,0.113059,2.174925,0.822283,0.9923,-0.483578,2.209954,0.838855,0.9371,-0.110394,2.216042,0.860360,0.9997,-0.298147,2.223489,0.862285,0.9997,-0.140571,2.246135,0.477357,0.9507,-0.322730,2.198552,0.489288,0.9857,-0.154961,2.275805,0.105155,0.9737,-0.328350,2.253245,0.111066,0.9863
469,23.4500,0,-0.201707,2.113538,1.510026,1.0000,-0.176216,2.130706,1.547443,1.0000,-0.225658,2.142192,1.543432,1.0000,-0.136925,2.188323,1.544674,1.0000,-0.240893,2.207796,1.538016,0.9999,-0.007407,2.241426,1.318379,1.0000,-0.346324,2.253938,1.331071,0.9999,0.049791,2.230955,1.057316,0.9927,-0.396983,2.276489,1.067778,0.8019,0.127779,2.173773,0.825300,0.9950,-0.471848,2.210837,0.841714,0.9161,-0.106105,2.218907,0.859769,0.9997,-0.294813,2.221823,0.863810,0.9997,-0.138063,2.247341,0.477939,0.9097,-0.328267,2.153503,0.507464,0.9868,-0.156278,2.279692,0.104698,0.9678,-0.328921,2.241296,0.131903,0.9886
470,23.5000,0,-0.198092,2.114512,1.509117,1.0000,-0.172705,2.130717,1.546590,1.0000,-0.221347,2.143783,1.542564,0.9999,-0.132421,2.188126,1.544080,0.9999,-0.234447,2.209210,1.537379,0.9999,-0.000464,2.240483,1.317605,1.0000,-0.339848,2.258268,1.331198,1.0000,0.058829,2.230600,1.058626,0.9848,-0.388354,2.284713,1.071317,0.7944,0.139959,2.169681,0.826634,0.9797,-0.459750,2.215909,0.847193,0.8701,-0.102489,2.221070,0.862966,0.9997,-0.291180,2.220119,0.869403,0.9997,-0.136195,2.245318,0.481602,0.7913,-0.332768,2.100649,0.536659,0.9670,-0.155652,2.285458,0.105155,0.8948,-0.324535,2.230018,0.163670,0.9434
471,23.5500,0,-0.192827,2.113187,1.507632,1.0000,-0.167135,2.128430,1.544857,1.0000,-0.215810,2.143240,1.541199,1.0000,-0.127168,2.186422,1.543155,1.0000,-0.227083,2.207840,1.536792,1.0000,0.005208,2.240886,1.317872,1.0000,-0.333748,2.263493,1.331980,0.9999,0.065971,2.228639,1.060144,0.9857,-0.381310,2.292436,1.073088,0.6332,0.146212,2.164888,0.828205,0.9633,-0.448022,2.228544,0.850069,0.6197,-0.099392,2.221750,0.867815,0.9999,-0.289022,2.221888,0.877328,1.0000,-0.132535,2.241700,0.487957,0.8595,-0.332498,2.014526,0.594640,0.9933,-0.155711,2.287683,0.110271,0.9289,-0.316892,2.200990,0.227096,0.9886
472,23.6000,0,-0.189713,2.112518,1.507073,1.0000,-0.163308,2.126591,1.544523,1.0000,-0.212414,2.141686,1.541097,1.0000,-0.121419,2.183171,1.542903,1.0000,-0.223469,2.206970,1.537348,1.0000,0.010929,2.237717,1.318361,1.0000,-0.328625,2.262784,1.334772,1.0000,0.069210,2.224773,1.060663,0.9917,-0.375285,2.296617,1.077882,0.5676,0.147444,2.159590,0.828370,0.9886,-0.436570,2.245071,0.856137,0.4543,-0.097271,2.223987,0.871769,0.9999,-0.286997,2.223961,0.885388,0.9999,-0.129581,2.238495,0.488371,0.9348,-0.338607,1.965710,0.676301,0.9942,-0.154054,2.283011,0.107957,0.9794,-0.307033,2.159453,0.318226,0.9840
473,23.6500,0,-0.187417,2.111710,1.509085,1.0000,-0.159758,2.124302,1.546180,1.0000,-0.210024,2.140248,1.542914,1.0000,-0.117244,2.178579,1.544238,0.9999,-0.219951,2.203743,1.539303,0.9999,0.015042,2.233819,1.320145,1.0000,-0.323159,2.264054,1.335718,0.9999,0.070820,2.219024,1.060745,0.9889,-0.368534,2.302536,1.079503,0.3455,0.144129,2.155439,0.827111,0.9861,-0.430370,2.254884,0.858960,0.3506,-0.093731,2.227844,0.873243,0.9999,-0.283336,2.229911,0.892109,1.0000,-0.128819,2.236238,0.486646,0.9559,-0.342537,1.943788,0.756772,0.9959,-0.152634,2.277645,0.107045,0.9822,-0.302314,2.125759,0.397438,0.9877
474,23.7000,0,-0.185920,2.110854,1.510222,0.9999,-0.157839,2.122774,1.547236,0.9999,-0.208525,2.139430,1.543888,0.9999,-0.114631,2.175271,1.545400,0.9995,-0.218248,2.203529,1.539974,0.9998,0.019987,2.229442,1.322697,1.0000,-0.319839,2.264151,1.337057,0.9999,0.071702,2.214763,1.060493,0.9770,-0.363096,2.307559,1.078107,0.4355,0.139332,2.152372,0.824562,0.9691,-0.430180,2.257128,0.858643,0.4176,-0.090955,2.231972,0.876665,0.9997,-0.280317,2.236003,0.898691,0.9999,-0.131653,2.228513,0.491518,0.8952,-0.341711,1.932238,0.829972,0.9883,-0.151278,2.274283,0.104829,0.9689,-0.299587,2.103237,0.474012,0.9745
475,23.7500,0,-0.183360,2.110239,1.512386,1.0000,-0.154909,2.124118,1.549426,0.9999,-0.205991,2.139089,1.546293,0.9999,-0.112215,2.174964,1.546950,0.9998,-0.215708,2.204393,1.541483,0.9999,0.022922,2.226666,1.323808,1.0000,-0.315868,2.266101,1.337889,0.9997,0.070054,2.212096,1.059825,0.9763,-0.363096,2.307559,1.078107,0.0000,0.131839,2.151831,0.822177,0.9648,-0.429328,2.259703,0.866147,0.3590,-0.086439,2.235195,0.880367,0.9998,-0.274694,2.241444,0.904420,0.9999,-0.131112,2.221249,0.496036,0.9368,-0.341478,1.933365,0.887358,0.9911,-0.150474,2.270466,0.104857,0.9829,-0.298426,2.073973,0.535808,0.9771
476,23.8000,0,-0.181659,2.109594,1.513604,0.9999,-0.152963,2.123949,1.550817,0.9998,-0.204292,2.138508,1.547682,0.9998,-0.110326,2.173421,1.548213,0.9990,-0.214560,2.204591,1.542516,0.9997,0.026036,2.224322,1.325324,0.9999,-0.313861,2.266946,1.337996,0.9997,0.068268,2.209377,1.057610,0.9627,-0.363096,2.307559,1.078107,0.0000,0.126119,2.149588,0.819226,0.9454,-0.426611,2.264657,0.862830,0.3421,-0.083976,2.239588,0.882611,0.9993,-0.272157,2.247725,0.908017,0.9999,-0.132415,2.221377,0.497290,0.9378,-0.342135,1.942090,0.925055,0.9743,-0.150780,2.269032,0.103485,0.9345,-0.297125,2.056587,0.586753,0.9318
477,23.8500,0,-0.180416,2.110983,1.515010,0.9999,-0.151333,2.124295,1.552213,0.9999,-0.203089,2.139736,1.549027,0.9998,-0.107640,2.171293,1.549358,0.9994,-0.213301,2.205538,1.543863,0.9998,0.028926,2.223025,1.325312,0.9999,-0.310720,2.268024,1.338904,0.9998,0.066923,2.208293,1.055888,0.9619,-0.363096,2.307559,1.078107,0.0000,0.120389,2.151302,0.815928,0.9442,-0.423423,2.271285,0.861107,0.3297,-0.081753,2.242292,0.885245,0.9996,-0.270059,2.252040,0.911254,0.9999,-0.125515,2.210921,0.500390,0.9256,-0.341168,1.937258,0.946976,0.9717,-0.149919,2.268358,0.103226,0.9584,-0.293815,2.041470,0.609315,0.9383
478,23.9000,0,-0.178824,2.112385,1.515427,1.0000,-0.149664,2.125022,1.552354,1.0000,-0.201517,2.141762,1.549445,1.0000,-0.106197,2.172985,1.549891,0.9999,-0.210610,2.205579,1.544149,0.9999,0.031849,2.223124,1.324372,1.0000,-0.309632,2.270417,1.337884,0.9999,0.068222,2.207681,1.055061,0.9784,-0.357105,2.313293,1.077930,0.3697,0.116210,2.154834,0.813210,0.9525,-0.422320,2.273763,0.860121,0.3823,-0.080562,2.241064,0.884792,0.9999,-0.269266,2.250430,0.911530,1.0000,-0.126050,2.211185,0.499154,0.9385,-0.340928,1.930787,0.957548,0.9889,-0.149001,2.265175,0.102118,0.9783,-0.290370,2.032604,0.606150,0.9714
479,23.9500,0,-0.175600,2.116904,1.516897,1.0000,-0.146048,2.130244,1.553703,1.0000,-0.198530,2.145016,1.551114,1.0000,-0.102513,2.176392,1.550489,0.9999,-0.208584,2.206923,1.544983,0.9999,0.034607,2.221087,1.324396,1.0000,-0.305447,2.270169,1.338249,0.9998,0.068955,2.208428,1.055005,0.9790,-0.357105,2.313293,1.077930,0.0000,0.115895,2.155944,0.813825,0.9715,-0.413473,2.286564,0.861926,0.3164,-0.078949,2.240266,0.884499,0.9998,-0.266957,2.249664,0.912084,0.9999,-0.125630,2.216043,0.496892,0.9571,-0.341857,1.929955,0.942341,0.9935,-0.147686,2.267729,0.102672,0.9847,-0.288161,2.031403,0.589767,0.9747
480,24.0000,0,-0.172205,2.118293,1.517275,1.0000,-0.142929,2.131284,1.553931,1.0000,-0.194938,2.147391,1.551732,1.0000,-0.099027,2.177020,1.550345,0.9999,-0.205527,2.210726,1.545698,0.9999,0.036444,2.221145,1.323874,1.0000,-0.302545,2.271235,1.339047,0.9999,0.071939,2.208135,1.055310,0.9812,-0.352585,2.314887,1.079379,0.5000,0.118820,2.159020,0.813012,0.9666,-0.411050,2.287760,0.861833,0.5353,-0.080473,2.238963,0.883393,0.9998,-0.268025,2.247093,0.911923,1.0000,-0.124061,2.219807,0.493642,0.9570,-0.341857,1.929955,0.942341,0.0000,-0.145264,2.268906,0.100563,0.9850,-0.287160,2.039235,0.564293,0.9902
481,24.0500,0,-0.167900,2.119491,1.519202,1.0000,-0.139373,2.133453,1.555128,1.0000,-0.191318,2.149812,1.552930,1.0000,-0.096420,2.181655,1.550812,1.0000,-0.202570,2.213565,1.546075,1.0000,0.037755,2.222422,1.323347,1.0000,-0.300986,2.270615,1.338916,0.9999,0.075942,2.208895,1.057416,0.9859,-0.351328,2.313476,1.081949,0.6429,0.124714,2.160597,0.815115,0.9808,-0.411140,2.288024,0.863572,0.6260,-0.080019,2.233773,0.884402,0.9999,-0.267064,2.240010,0.911398,1.0000,-0.120429,2.216352,0.494421,0.9604,-0.341857,1.929955,0.942341,0.0000,-0.145860,2.267217,0.097390,0.9837,-0.281920,2.051659,0.534755,0.9836
482,24.1000,0,-0.165704,2.123565,1.520033,1.0000,-0.137419,2.136069,1.555355,1.0000,-0.188771,2.153795,1.553409,0.9999,-0.094421,2.184325,1.550980,1.0000,-0.199355,2.215745,1.546412,0.9999,0.038931,2.227010,1.322239,1.0000,-0.300003,2.271368,1.338204,0.9999,0.081404,2.211122,1.058810,0.9947,-0.352208,2.309425,1.083752,0.8110,0.134851,2.157577,0.817640,0.9873,-0.416713,2.277205,0.864900,0.8651,-0.079354,2.229851,0.885563,0.9999,-0.266276,2.234739,0.909555,0.9999,-0.119923,2.218074,0.495278,0.9476,-0.341857,1.929955,0.942341,0.0000,-0.145737,2.267999,0.099913,0.9797,-0.275600,2.067871,0.490065,0.9769
483,24.1500,0,-0.163319,2.127233,1.521246,1.0000,-0.135962,2.140070,1.556403,1.0000,-0.186375,2.157281,1.554057,1.0000,-0.093677,2.189497,1.552121,1.0000,-0.196999,2.218314,1.546542,0.9999,0.039417,2.230087,1.322387,1.0000,-0.299351,2.271290,1.338349,0.9999,0.086149,2.212833,1.061177,0.9942,-0.353396,2.302774,1.085074,0.8623,0.144891,2.155870,0.821515,0.9843,-0.423550,2.264630,0.865814,0.8973,-0.079885,2.225800,0.885135,1.0000,-0.265592,2.226260,0.905973,0.9999,-0.120696,2.217694,0.497140,0.9612,-0.341857,1.929955,0.942341,0.0000,-0.147579,2.273435,0.100591,0.9846,-0.273389,2.103314,0.418530,0.9742
484,24.2000,0,-0.161277,2.129198,1.522149,1.0000,-0.133754,2.141704,1.557069,1.0000,-0.184187,2.158488,1.555199,1.0000,-0.091264,2.190479,1.552247,0.9999,-0.196653,2.219311,1.547264,0.9999,0.038778,2.230782,1.322323,1.0000,-0.300179,2.266901,1.338604,0.9999,0.089249,2.215054,1.062982,0.9877,-0.357135,2.296033,1.085396,0.8463,0.153745,2.158685,0.826945,0.9898,-0.432190,2.248112,0.864204,0.8919,-0.078995,2.223017,0.881360,0.9998,-0.265425,2.219817,0.898855,0.9998,-0.122865,2.223245,0.492836,0.8445,-0.326477,1.966618,0.821905,0.9790,-0.150606,2.282058,0.102641,0.9330,-0.273040,2.137086,0.344006,0.9768
485,24.2500,0,-0.160331,2.130845,1.524752,1.0000,-0.131943,2.144988,1.559504,1.0000,-0.182839,2.160609,1.558143,0.9999,-0.090314,2.193258,1.553059,1.0000,-0.196741,2.221355,1.549454,0.9999,0.036862,2.231595,1.321752,1.0000,-0.302259,2.264190,1.337587,0.9999,0.090044,2.215848,1.064254,0.9918,-0.361698,2.287112,1.084337,0.7934,0.159739,2.159440,0.830831,0.9916,-0.440477,2.230583,0.863668,0.8892,-0.078674,2.218648,0.876905,0.9998,-0.265974,2.216735,0.890394,0.9997,-0.121270,2.225273,0.486350,0.9596,-0.309242,2.030659,0.702508,0.9859,-0.149772,2.285269,0.102555,0.9736,-0.274251,2.170351,0.276485,0.9822
486,24.3000,0,-0.160435,2.133365,1.527834,1.0000,-0.132147,2.149391,1.562017,1.0000,-0.182770,2.163121,1.560301,0.9999,-0.091530,2.197883,1.554468,0.9999,-0.197647,2.223118,1.550727,0.9998,0.034026,2.233049,1.321778,1.0000,-0.304093,2.261504,1.337444,0.9999,0.089663,2.218159,1.064386,0.9885,-0.365266,2.279351,1.084432,0.8076,0.163519,2.161352,0.832356,0.9872,-0.448577,2.211915,0.863737,0.8854,-0.079515,2.214577,0.874150,0.9997,-0.267226,2.214734,0.884701,0.9996,-0.120738,2.227213,0.484177,0.9312,-0.291541,2.093335,0.626893,0.9563,-0.151608,2.287248,0.101614,0.9680,-0.274789,2.203541,0.220601,0.9674
487,24.3500,0,-0.162262,2.135661,1.529342,1.0000,-0.134018,2.153393,1.563383,0.9999,-0.184976,2.165901,1.561363,0.9999,-0.094056,2.200690,1.555410,1.0000,-0.200766,2.225505,1.551047,0.9997,0.030600,2.232644,1.321367,1.0000,-0.307763,2.258878,1.336697,0.9999,0.087113,2.218068,1.064636,0.9896,-0.369838,2.269000,1.084449,0.8278,0.162553,2.164333,0.832794,0.9851,-0.454887,2.195017,0.863415,0.8992,-0.081790,2.209799,0.871920,0.9996,-0.270437,2.213967,0.879014,0.9996,-0.122958,2.228095,0.483869,0.9639,-0.282905,2.138398,0.575193,0.9349,-0.149340,2.286252,0.102043,0.9783,-0.279160,2.229923,0.177442,0.9645
488,24.4000,0,-0.166226,2.137630,1.531443,1.0000,-0.138061,2.157799,1.565429,0.9999,-0.189592,2.170178,1.562661,0.9999,-0.099079,2.205242,1.556840,0.9999,-0.204572,2.229305,1.551168,0.9996,0.026856,2.230451,1.319613,1.0000,-0.312069,2.258566,1.335361,0.9998,0.081933,2.216869,1.062097,0.9929,-0.373824,2.262320,1.082568,0.8092,0.156699,2.162361,0.829007,0.9890,-0.459715,2.180237,0.863260,0.8902,-0.085517,2.207538,0.871695,0.9995,-0.273571,2.216964,0.876304,0.9992,-0.122706,2.233001,0.481958,0.9725,-0.279480,2.176625,0.539891,0.9198,-0.149058,2.284028,0.101165,0.9832,-0.281152,2.243176,0.151638,0.9580
489,24.4500,0,-0.171524,2.138930,1.531559,0.9999,-0.143184,2.160671,1.566002,0.9999,-0.195019,2.172574,1.562999,0.9998,-0.104243,2.207847,1.556700,0.9999,-0.209822,2.232225,1.550495,0.9995,0.021482,2.229490,1.317250,1.0000,-0.317608,2.257552,1.334136,0.9999,0.072952,2.218576,1.058763,0.9876,-0.378572,2.255082,1.081872,0.8120,0.142746,2.165385,0.825543,0.9819,-0.463946,2.168246,0.863805,0.8879,-0.089628,2.204675,0.871936,0.9994,-0.277653,2.218557,0.873830,0.9992,-0.123344,2.236915,0.479476,0.9776,-0.278865,2.199696,0.517116,0.8955,-0.150034,2.283698,0.099166,0.9856,-0.284074,2.252821,0.132779,0.9471
490,24.5000,0,-0.177384,2.139065,1.532260,0.9999,-0.148337,2.160878,1.566323,0.9999,-0.200603,2.173399,1.563541,0.9998,-0.110149,2.208435,1.556232,0.9999,-0.214824,2.233607,1.551086,0.9995,0.014177,2.230980,1.317128,0.9999,-0.323713,2.255646,1.333884,0.9998,0.059393,2.221295,1.056027,0.9781,-0.383418,2.248688,1.080643,0.8251,0.123433,2.165715,0.821742,0.9727,-0.467674,2.160548,0.863017,0.8886,-0.092788,2.202899,0.871763,0.9994,-0.280304,2.218664,0.871612,0.9993,-0.123961,2.237366,0.480243,0.9756,-0.280743,2.216459,0.504713,0.9059,-0.151604,2.278464,0.100867,0.9813,-0.285973,2.257063,0.118302,0.9609
491,24.5500,0,-0.183358,2.139988,1.532280,0.9999,-0.154054,2.162270,1.566278,0.9998,-0.206465,2.175379,1.563793,0.9997,-0.116778,2.209672,1.555488,0.9997,-0.221192,2.235930,1.551069,0.9991,0.005339,2.231560,1.315525,0.9999,-0.331381,2.254007,1.332714,0.9998,0.043628,2.220924,1.050635,0.9752,-0.389931,2.244001,1.078560,0.8331,0.099367,2.166293,0.815158,0.9578,-0.472055,2.156163,0.860903,0.8961,-0.096551,2.200392,0.870325,0.9992,-0.284158,2.219551,0.868203,0.9992,-0.125332,2.241142,0.478614,0.9781,-0.284127,2.226057,0.495435,0.8892,-0.152652,2.275209,0.101555,0.9782,-0.286326,2.259672,0.110365,0.9551
492,24.6000,0,-0.191446,2.142323,1.532682,0.9999,-0.161350,2.163750,1.566549,0.9999,-0.214724,2.176132,1.563702,0.9998,-0.124312,2.209867,1.554865,0.9997,-0.228695,2.233800,1.550532,0.9995,-0.002319,2.231588,1.314766,0.9998,-0.339246,2.252888,1.332659,0.9998,0.026268,2.218707,1.047727,0.9559,-0.398153,2.244346,1.078285,0.8038,0.069820,2.170703,0.813034,0.9242,-0.478762,2.159734,0.858642,0.8724,-0.103193,2.198297,0.869023,0.9988,-0.290587,2.219690,0.866124,0.9992,-0.128487,2.242291,0.479161,0.9812,-0.289194,2.235529,0.490044,0.8935,-0.153211,2.271705,0.102496,0.9785,-0.288536,2.261288,0.106005,0.9569
493,24.6500,0,-0.200641,2.145117,1.533039,0.9999,-0.170084,2.165570,1.566639,0.9998,-0.224195,2.177312,1.563602,0.9997,-0.133414,2.210096,1.554933,0.9997,-0.238257,2.232327,1.550716,0.9991,-0.012133,2.232996,1.316280,0.9998,-0.348765,2.253015,1.332607,0.9998,0.010069,2.215703,1.049790,0.9591,-0.407279,2.246582,1.076671,0.7842,0.041474,2.177196,0.811863,0.9329,-0.488443,2.168627,0.856273,0.8698,-0.109218,2.200618,0.868697,0.9985,-0.295767,2.220745,0.866735,0.9991,-0.132767,2.244717,0.481064,0.9686,-0.294446,2.245012,0.486636,0.8676,-0.156343,2.272931,0.104121,0.9798,-0.290146,2.264537,0.100228,0.9474
494,24.7000,0,-0.210640,2.144667,1.532886,0.9999,-0.179782,2.165801,1.566491,0.9998,-0.233657,2.177154,1.563946,0.9997,-0.143094,2.211416,1.555354,0.9997,-0.247053,2.231361,1.551317,0.9992,-0.022542,2.236517,1.318436,0.9999,-0.359111,2.252162,1.333366,0.9998,-0.005401,2.220277,1.051646,0.9588,-0.416876,2.246758,1.076752,0.8342,0.018944,2.184901,0.812407,0.9478,-0.500608,2.178011,0.853405,0.9032,-0.115815,2.201180,0.869985,0.9990,-0.302426,2.219680,0.867966,0.9992,-0.138604,2.243734,0.484800,0.9708,-0.299915,2.246138,0.488069,0.8727,-0.157147,2.272453,0.106108,0.9731,-0.290979,2.264853,0.099810,0.9470
495,24.7500,0,-0.222218,2.144873,1.531499,0.9999,-0.191501,2.164762,1.565251,0.9999,-0.245085,2.176869,1.562870,0.9998,-0.154245,2.210733,1.554404,0.9998,-0.258149,2.229692,1.550350,0.9994,-0.033538,2.237529,1.319448,0.9998,-0.369851,2.253278,1.334125,0.9999,-0.019950,2.223361,1.053244,0.9570,-0.426323,2.249464,1.076760,0.8007,0.004436,2.192467,0.813636,0.9327,-0.512639,2.188713,0.851242,0.8828,-0.122694,2.200546,0.871401,0.9988,-0.309796,2.219944,0.868818,0.9993,-0.144089,2.240014,0.485196,0.9831,-0.305261,2.246666,0.486893,0.8844,-0.157936,2.269941,0.107086,0.9823,-0.291259,2.263815,0.099653,0.9561
496,24.8000,0,-0.233590,2.147358,1.531423,0.9999,-0.203038,2.166954,1.565367,0.9999,-0.256353,2.179100,1.562789,0.9999,-0.165350,2.212996,1.554007,0.9997,-0.269795,2.231340,1.550131,0.9996,-0.044941,2.242680,1.320723,0.9998,-0.381025,2.255219,1.334101,0.9999,-0.027933,2.231661,1.053982,0.9657,-0.437291,2.252898,1.077164,0.7900,-0.003539,2.200699,0.814106,0.9492,-0.524913,2.198924,0.848618,0.8748,-0.130380,2.204661,0.870489,0.9987,-0.316273,2.222806,0.867268,0.9991,-0.150652,2.235763,0.485643,0.9811,-0.310307,2.249510,0.483127,0.9064,-0.158054,2.271548,0.105772,0.9796,-0.291057,2.268179,0.095207,0.9662
497,24.8500,0,-0.242203,2.149831,1.529738,0.9999,-0.212293,2.170500,1.563703,0.9999,-0.265253,2.181073,1.561672,0.9998,-0.176459,2.217953,1.553434,0.9998,-0.281042,2.234587,1.549468,0.9995,-0.056061,2.248273,1.322060,0.9999,-0.392236,2.258963,1.332864,0.9999,-0.034475,2.242194,1.053870,0.9620,-0.446995,2.258596,1.075385,0.8537,-0.002994,2.208209,0.813999,0.9555,-0.535908,2.207248,0.845428,0.9290,-0.136075,2.205667,0.869706,0.9990,-0.322314,2.224890,0.864742,0.9993,-0.157642,2.223152,0.488433,0.9836,-0.314632,2.249733,0.480587,0.8751,-0.159011,2.266866,0.109260,0.9801,-0.287961,2.273764,0.091377,0.9624
498,24.9000,0,-0.253900,2.151609,1.528579,1.0000,-0.223973,2.172183,1.562082,0.9999,-0.276832,2.182417,1.560366,0.9999,-0.187908,2.219933,1.552572,0.9999,-0.292754,2.235538,1.548839,0.9996,-0.066506,2.253933,1.323157,0.9999,-0.403244,2.262870,1.331766,0.9999,-0.038656,2.248794,1.055335,0.9716,-0.457416,2.262502,1.072216,0.8679,0.000019,2.212950,0.816058,0.9639,-0.545971,2.211376,0.842205,0.9126,-0.142353,2.207076,0.870272,0.9992,-0.330107,2.228257,0.863356,0.9992,-0.165445,2.208369,0.491430,0.9811,-0.320023,2.249840,0.479305,0.8607,-0.159650,2.264623,0.111805,0.9827,-0.287893,2.275614,0.092058,0.9473
499,24.9500,0,-0.264551,2.153201,1.529384,1.0000,-0.235526,2.176065,1.562962,0.9999,-0.288061,2.184523,1.561265,0.9999,-0.199622,2.224590,1.553297,0.9999,-0.305619,2.240005,1.549020,0.9995,-0.076065,2.257738,1.324527,0.9999,-0.414448,2.265898,1.330922,0.9999,-0.041962,2.256150,1.057537,0.9768,-0.467747,2.265877,1.069998,0.8604,0.004268,2.217521,0.820256,0.9814,-0.553715,2.215841,0.840209,0.9091,-0.147726,2.207311,0.869581,0.9995,-0.337031,2.229170,0.861254,0.9993,-0.171436,2.182966,0.499249,0.9728,-0.323041,2.250273,0.479890,0.7399,-0.162610,2.255019,0.120888,0.9837,-0.287544,2.282995,0.093754,0.9031
500,25.0000,0,-0.273484,2.156674,1.530789,1.0000,-0.244491,2.179838,1.564307,0.9999,-0.298029,2.186356,1.562611,0.9998,-0.209667,2.228032,1.554291,0.9999,-0.317878,2.242423,1.549738,0.9995,-0.084428,2.261868,1.325948,0.9999,-0.426172,2.269317,1.330906,0.9999,-0.043670,2.260433,1.060178,0.9665,-0.476705,2.269123,1.069795,0.8674,0.009019,2.220501,0.822227,0.9646,-0.559416,2.218515,0.838190,0.9103,-0.153945,2.211542,0.871668,0.9992,-0.345643,2.235147,0.862725,0.9994,-0.174834,2.145619,0.519370,0.9416,-0.325247,2.251543,0.482568,0.6584,-0.169221,2.231590,0.145666,0.9516,-0.283987,2.290029,0.095768,0.8700
501,25.0500,0,-0.283287,2.156518,1.530076,1.0000,-0.254254,2.180151,1.563751,0.9999,-0.307912,2.185043,1.561926,0.9999,-0.219041,2.228471,1.554510,0.9999,-0.327619,2.243466,1.549710,0.9996,-0.091838,2.264653,1.327129,0.9999,-0.435469,2.269711,1.330428,0.9999,-0.045799,2.266354,1.060709,0.9537,-0.484112,2.270570,1.067594,0.8937,0.013660,2.224443,0.823884,0.9569,-0.563315,2.217179,0.836318,0.9375,-0.158421,2.212473,0.873881,0.9997,-0.351276,2.238800,0.862547,0.9998,-0.176309,2.098754,0.544307,0.9765,-0.326297,2.253227,0.485415,0.8521,-0.169221,2.231590,0.145666,0.0000,-0.284924,2.293056,0.097593,0.9504
502,25.1000,0,-0.291029,2.155395,1.530435,1.0000,-0.262898,2.180098,1.564279,0.9999,-0.316355,2.183500,1.562347,0.9999,-0.228301,2.229196,1.555292,0.9999,-0.336304,2.243571,1.549661,0.9998,-0.098029,2.267983,1.329154,0.9998,-0.443780,2.270141,1.331322,0.9999,-0.049284,2.274865,1.062966,0.8981,-0.489428,2.270433,1.067685,0.9065,0.016169,2.232044,0.827215,0.8546,-0.564733,2.215286,0.835557,0.9161,-0.161693,2.216268,0.880813,0.9998,-0.356324,2.245180,0.865339,0.9998,-0.173525,2.044021,0.591741,0.9866,-0.325259,2.262765,0.484086,0.8931,-0.179833,2.187547,0.228182,0.9686,-0.288230,2.293739,0.096763,0.9441
503,25.1500,0,-0.297605,2.151937,1.531952,1.0000,-0.269876,2.177953,1.565934,0.9999,-0.323049,2.180730,1.563966,0.9999,-0.236281,2.228865,1.556409,0.9998,-0.342991,2.243481,1.550822,0.9998,-0.105070,2.272115,1.331313,0.9997,-0.450393,2.268880,1.332759,0.9999,-0.054262,2.286203,1.066691,0.7553,-0.493532,2.270187,1.067659,0.9156,0.014880,2.244452,0.833471,0.6768,-0.564329,2.210338,0.833191,0.9002,-0.163446,2.225288,0.887161,0.9998,-0.359189,2.252135,0.867089,0.9997,-0.169587,2.006557,0.654982,0.9908,-0.324934,2.266922,0.481922,0.9137,-0.185771,2.145003,0.312643,0.9783,-0.289752,2.290828,0.095032,0.9391
504,25.2000,0,-0.301847,2.142150,1.531545,0.9999,-0.275401,2.168716,1.566136,0.9996,-0.326906,2.172945,1.564232,0.9997,-0.243281,2.224152,1.556939,0.9993,-0.345890,2.240107,1.551627,0.9993,-0.110907,2.275690,1.335272,0.9996,-0.456784,2.265834,1.334643,0.9999,-0.059258,2.297447,1.071069,0.7811,-0.499270,2.267413,1.067249,0.9472,0.015772,2.251031,0.840297,0.6934,-0.565444,2.202417,0.833393,0.9410,-0.165403,2.236131,0.891686,0.9995,-0.362084,2.259003,0.866787,0.9996,-0.169587,2.006557,0.654982,0.0000,-0.323347,2.274903,0.472154,0.9314,-0.184159,2.095491,0.383257,0.9811,-0.291636,2.288451,0.092915,0.9615
505,25.2500,0,-0.305079,2.138481,1.532286,0.9998,-0.278562,2.165143,1.567080,0.9993,-0.330503,2.169372,1.565120,0.9994,-0.247003,2.220620,1.557779,0.9988,-0.349840,2.237370,1.552445,0.9986,-0.114679,2.276173,1.339337,0.9992,-0.461119,2.262681,1.336060,0.9999,-0.061754,2.305854,1.074009,0.7611,-0.501875,2.264238,1.067551,0.9122,0.015402,2.253054,0.846837,0.6390,-0.564765,2.194748,0.835107,0.8965,-0.167157,2.248021,0.899881,0.9994,-0.364202,2.267839,0.871135,0.9996,-0.168336,1.966091,0.750502,0.9945,-0.321137,2.282057,0.474352,0.9390,-0.181793,2.055344,0.455643,0.9754,-0.292586,2.285691,0.092459,0.9723
506,25.3000,0,-0.309059,2.136343,1.532576,0.9999,-0.281916,2.162390,1.567271,0.9995,-0.334021,2.167407,1.565504,0.9995,-0.250914,2.217834,1.558663,0.9990,-0.353067,2.235871,1.553735,0.9989,-0.119689,2.279163,1.342673,0.9991,-0.465507,2.259001,1.335910,0.9999,-0.066821,2.315668,1.076723,0.6818,-0.504525,2.259643,1.067930,0.9419,0.011150,2.265913,0.850938,0.5754,-0.565185,2.185668,0.835205,0.8950,-0.170048,2.254818,0.905919,0.9996,-0.365647,2.269567,0.873750,0.9997,-0.155457,1.933994,0.828395,0.9932,-0.318173,2.285341,0.472216,0.9487,-0.173719,2.024342,0.518274,0.9719,-0.291544,2.286202,0.093341,0.9698
507,25.3500,0,-0.312098,2.132633,1.532445,0.9999,-0.284627,2.158436,1.567267,0.9996,-0.336713,2.163643,1.565561,0.9996,-0.253734,2.212992,1.558683,0.9991,-0.355557,2.232494,1.553740,0.9991,-0.122570,2.278805,1.345330,0.9987,-0.468571,2.252168,1.335333,0.9999,-0.072083,2.326838,1.079657,0.5640,-0.506731,2.254891,1.067517,0.9326,0.006543,2.278487,0.852183,0.3964,-0.565398,2.180860,0.834407,0.8817,-0.170785,2.262149,0.912093,0.9997,-0.365938,2.273368,0.877264,0.9997,-0.154851,1.917608,0.886930,0.9918,-0.314687,2.286977,0.471565,0.9378,-0.168010,2.000367,0.557438,0.9782,-0.292110,2.284671,0.092680,0.9667
508,25.4000,0,-0.313840,2.129842,1.532149,0.9999,-0.286445,2.156235,1.567006,0.9997,-0.338436,2.161158,1.565581,0.9998,-0.255792,2.210348,1.558632,0.9995,-0.357584,2.230451,1.554291,0.9996,-0.125625,2.280381,1.345376,0.9986,-0.469972,2.247813,1.334469,0.9999,-0.075955,2.334806,1.078154,0.3491,-0.507159,2.249793,1.067199,0.9233,0.006543,2.278487,0.852183,0.0000,-0.565327,2.177480,0.832134,0.8495,-0.171902,2.269219,0.915387,0.9997,-0.364722,2.273610,0.879284,0.9996,-0.154667,1.917213,0.919024,0.9894,-0.309655,2.286123,0.473961,0.9280,-0.163333,1.994673,0.570508,0.9812,-0.290694,2.282738,0.093593,0.9478
509,25.4500,0,-0.316122,2.128572,1.530305,0.9999,-0.288644,2.154299,1.565126,0.9997,-0.340546,2.159759,1.563894,0.9998,-0.257630,2.207177,1.557531,0.9994,-0.358707,2.229141,1.553682,0.9994,-0.127139,2.279828,1.345863,0.9988,-0.471227,2.246857,1.334057,0.9999,-0.077999,2.339832,1.078148,0.4820,-0.508612,2.247951,1.066235,0.9192,0.002175,2.289796,0.848447,0.3006,-0.567612,2.177004,0.829414,0.8699,-0.172438,2.272161,0.917648,0.9997,-0.364373,2.276027,0.880885,0.9996,-0.154293,1.912816,0.930579,0.9921,-0.307126,2.286953,0.476700,0.9264,-0.158502,1.986913,0.578089,0.9775,-0.289894,2.281038,0.093866,0.9493
510,25.5000,0,-0.316453,2.127320,1.528651,0.9999,-0.288720,2.151957,1.563744,0.9996,-0.341852,2.157369,1.562533,0.9997,-0.258171,2.204269,1.556713,0.9993,-0.360677,2.224819,1.552946,0.9995,-0.128073,2.280384,1.345195,0.9987,-0.472036,2.244380,1.332255,0.9999,-0.078284,2.338918,1.077640,0.4685,-0.509530,2.248503,1.064782,0.9355,0.002175,2.289796,0.848447,0.0000,-0.568774,2.179941,0.828121,0.9284,-0.173559,2.272416,0.918482,0.9996,-0.364206,2.275094,0.879808,0.9997,-0.152163,1.898613,0.920664,0.9931,-0.306405,2.288280,0.474430,0.9483,-0.156727,1.985690,0.574463,0.9779,-0.289376,2.280548,0.092486,0.9732
511,25.5500,0,-0.315834,2.121847,1.527908,0.9998,-0.289130,2.147073,1.563142,0.9991,-0.341643,2.152678,1.561693,0.9994,-0.259177,2.202312,1.556348,0.9985,-0.360850,2.221464,1.551896,0.9990,-0.128398,2.280174,1.348149,0.9989,-0.471239,2.242854,1.333023,0.9999,-0.078261,2.340139,1.081492,0.5799,-0.510988,2.250063,1.064979,0.9186,0.000036,2.292247,0.853890,0.4507,-0.570936,2.184276,0.827201,0.9062,-0.172786,2.267899,0.918273,0.9994,-0.364574,2.273279,0.879080,0.9996,-0.149742,1.897967,0.891767,0.9930,-0.309551,2.284702,0.473470,0.9161,-0.154094,1.990821,0.554090,0.9726,-0.289545,2.279563,0.090185,0.9518
512,25.6000,0,-0.317367,2.121215,1.527676,0.9999,-0.291124,2.145957,1.562971,0.9998,-0.343010,2.152246,1.561550,0.9999,-0.260160,2.202184,1.556120,0.9996,-0.361758,2.223228,1.550979,0.9997,-0.127998,2.280730,1.348052,0.9994,-0.470889,2.244985,1.333573,0.9999,-0.077096,2.339369,1.082047,0.6382,-0.512040,2.250816,1.064941,0.9235,-0.000067,2.294557,0.854756,0.5674,-0.572547,2.188264,0.825890,0.9210,-0.172615,2.259593,0.915680,0.9996,-0.365577,2.268058,0.878619,0.9995,-0.149044,1.917914,0.851605,0.9781,-0.314047,2.276184,0.477502,0.8265,-0.154852,2.002871,0.519482,0.9636,-0.288098,2.279930,0.096404,0.8522
513,25.6500,0,-0.317489,2.120423,1.528142,1.0000,-0.291546,2.146163,1.563282,0.9998,-0.342998,2.152044,1.561521,0.9999,-0.259786,2.203733,1.556751,0.9996,-0.361870,2.224117,1.550979,0.9996,-0.128134,2.279480,1.348782,0.9997,-0.470510,2.248308,1.335032,0.9999,-0.076326,2.333715,1.083597,0.7536,-0.512069,2.253968,1.066553,0.8760,-0.000556,2.291574,0.855205,0.7418,-0.575336,2.195348,0.826777,0.9166,-0.176242,2.250379,0.913110,0.9993,-0.368340,2.265516,0.879220,0.9995,-0.153562,1.942848,0.783686,0.9438,-0.316954,2.270632,0.483429,0.6990,-0.148157,2.032339,0.460933,0.9312,-0.282574,2.289312,0.098434,0.8499
514,25.7000,0,-0.319694,2.124168,1.529141,1.0000,-0.292785,2.148762,1.564182,0.9999,-0.344412,2.156033,1.562412,0.9999,-0.259026,2.205160,1.557063,0.9998,-0.362104,2.227136,1.551591,0.9997,-0.126266,2.276792,1.345195,0.9998,-0.470032,2.250811,1.335229,0.9999,-0.075192,2.326412,1.079830,0.8685,-0.511694,2.257586,1.067344,0.8231,-0.000637,2.289344,0.848254,0.8327,-0.577117,2.202245,0.826956,0.8985,-0.178887,2.240608,0.907680,0.9990,-0.370190,2.261017,0.877944,0.9991,-0.154295,1.977136,0.704743,0.9624,-0.319520,2.266010,0.484102,0.7258,-0.137410,2.068084,0.369507,0.9782,-0.279510,2.299891,0.095343,0.9015
515,25.7500,0,-0.320135,2.128213,1.529781,1.0000,-0.292755,2.152053,1.564600,0.9999,-0.344933,2.158855,1.562402,0.9999,-0.258073,2.206962,1.557309,0.9998,-0.362431,2.228230,1.551297,0.9999,-0.125160,2.273037,1.343602,0.9999,-0.469311,2.252715,1.335146,0.9999,-0.073764,2.317473,1.078274,0.9457,-0.511225,2.262315,1.066451,0.8454,-0.000762,2.284601,0.843486,0.9435,-0.578290,2.208948,0.826365,0.9151,-0.182015,2.232976,0.901982,0.9995,-0.372162,2.255882,0.875833,0.9995,-0.151849,2.023889,0.639028,0.9729,-0.322991,2.261761,0.483936,0.8232,-0.122452,2.109169,0.291717,0.9843,-0.281663,2.297580,0.095332,0.9324
516,25.8000,0,-0.321441,2.128645,1.531456,1.0000,-0.295079,2.152023,1.566452,1.0000,-0.345960,2.160153,1.564023,1.0000,-0.258944,2.206888,1.558818,0.9999,-0.362590,2.229725,1.552154,0.9999,-0.123679,2.269601,1.341810,0.9999,-0.467590,2.255910,1.335154,0.9999,-0.071372,2.306246,1.076380,0.9706,-0.509588,2.268655,1.066310,0.8334,0.001165,2.272850,0.840971,0.9711,-0.578186,2.216242,0.825757,0.9293,-0.181597,2.229956,0.895594,0.9994,-0.371814,2.254206,0.873626,0.9995,-0.148729,2.078879,0.585648,0.9847,-0.325372,2.259307,0.481046,0.9145,-0.112170,2.149688,0.230279,0.9863,-0.283931,2.294680,0.094054,0.9710
517,25.8500,0,-0.320569,2.130665,1.532701,1.0000,-0.294463,2.154028,1.567306,1.0000,-0.344613,2.163091,1.565006,1.0000,-0.257922,2.207435,1.559733,1.0000,-0.360647,2.232163,1.552921,0.9999,-0.121296,2.264208,1.341050,1.0000,-0.465715,2.257803,1.334121,0.9999,-0.067121,2.294839,1.075462,0.9862,-0.508085,2.272306,1.065530,0.8560,0.004374,2.259390,0.841651,0.9846,-0.577835,2.222949,0.826226,0.9334,-0.181230,2.228241,0.893337,0.9995,-0.371204,2.253288,0.873780,0.9996,-0.146980,2.133688,0.550188,0.9846,-0.327817,2.260468,0.480120,0.9187,-0.109375,2.187497,0.185581,0.9860,-0.285674,2.290586,0.094413,0.9654
518,25.9000,0,-0.319969,2.132945,1.533211,1.0000,-0.293912,2.156735,1.567960,1.0000,-0.344069,2.165222,1.565452,0.9999,-0.256863,2.208720,1.559942,0.9999,-0.359814,2.232454,1.552612,0.9998,-0.118739,2.257685,1.339176,1.0000,-0.464533,2.259162,1.332875,0.9999,-0.061548,2.281131,1.074540,0.9832,-0.506824,2.274423,1.065524,0.8633,0.010064,2.245667,0.840874,0.9788,-0.576555,2.228824,0.824890,0.9326,-0.179680,2.226873,0.888876,0.9993,-0.368851,2.250519,0.871825,0.9995,-0.145941,2.171455,0.530112,0.9753,-0.329055,2.260869,0.479920,0.9186,-0.109111,2.216136,0.158036,0.9834,-0.285569,2.286838,0.095597,0.9711
519,25.9500,0,-0.318396,2.134398,1.534302,1.0000,-0.292466,2.158660,1.569088,1.0000,-0.342763,2.166294,1.566275,1.0000,-0.255189,2.208967,1.560701,0.9999,-0.358487,2.232361,1.552769,0.9999,-0.115008,2.253049,1.337513,0.9999,-0.462865,2.258791,1.332483,0.9999,-0.054851,2.268197,1.074688,0.9837,-0.505275,2.275786,1.065328,0.8724,0.017018,2.228025,0.841480,0.9778,-0.574637,2.233449,0.824123,0.9260,-0.178141,2.226284,0.885752,0.9992,-0.367574,2.247609,0.870739,0.9995,-0.145423,2.201946,0.515232,0.9659,-0.329532,2.262085,0.478898,0.9344,-0.111935,2.236274,0.140659,0.9792,-0.285902,2.282415,0.096241,0.9698
520,26.0000,0,-0.316511,2.135491,1.535659,1.0000,-0.289923,2.158907,1.569660,1.0000,-0.341100,2.166035,1.566414,1.0000,-0.252796,2.208759,1.560836,1.0000,-0.356900,2.230476,1.552641,0.9999,-0.112236,2.250424,1.337780,1.0000,-0.460648,2.255743,1.331179,0.9999,-0.048664,2.259457,1.078567,0.9913,-0.503818,2.275072,1.063638,0.8863,0.025858,2.214761,0.848631,0.9816,-0.572202,2.235273,0.822637,0.9284,-0.176099,2.225903,0.886291,0.9994,-0.366043,2.246385,0.871298,0.9995,-0.146160,2.223822,0.506630,0.9776,-0.328642,2.265052,0.479397,0.9243,-0.115804,2.246583,0.127081,0.9858,-0.285512,2.281214,0.096620,0.9622
521,26.0500,0,-0.314922,2.135377,1.534175,1.0000,-0.288584,2.158570,1.568679,1.0000,-0.339306,2.166114,1.564992,1.0000,-0.250384,2.208690,1.559528,1.0000,-0.354942,2.230114,1.550187,0.9999,-0.108591,2.247784,1.337712,1.0000,-0.457503,2.255360,1.329395,1.0000,-0.040702,2.248272,1.081169,0.9952,-0.500776,2.274692,1.062515,0.9262,0.036940,2.200136,0.852455,0.9865,-0.569023,2.238319,0.821652,0.9470,-0.171669,2.223799,0.883378,0.9993,-0.362359,2.242711,0.867905,0.9994,-0.146606,2.238497,0.498929,0.9807,-0.326370,2.265305,0.476872,0.9187,-0.118569,2.255676,0.121447,0.9844,-0.284183,2.281082,0.096331,0.9551
522,26.1000,0,-0.311179,2.136911,1.535099,1.0000,-0.284270,2.160638,1.569160,1.0000,-0.335970,2.166842,1.565558,1.0000,-0.246938,2.210286,1.559398,0.9999,-0.352376,2.229089,1.550108,0.9999,-0.103955,2.245854,1.336919,1.0000,-0.454587,2.254589,1.326462,0.9999,-0.032286,2.243087,1.082610,0.9965,-0.498712,2.273482,1.060320,0.9089,0.049225,2.187896,0.857622,0.9818,-0.565436,2.236995,0.820303,0.9409,-0.168095,2.223075,0.882366,0.9993,-0.359457,2.242178,0.867390,0.9994,-0.145373,2.250458,0.494321,0.9752,-0.323909,2.267196,0.476811,0.9451,-0.119315,2.263203,0.116394,0.9844,-0.285502,2.279810,0.097303,0.9697
523,26.1500,0,-0.307792,2.138471,1.535778,1.0000,-0.281641,2.163962,1.570214,1.0000,-0.333316,2.168934,1.566000,0.9999,-0.244648,2.213040,1.560138,0.9999,-0.350123,2.230920,1.549984,0.9998,-0.100205,2.244905,1.337576,1.0000,-0.451314,2.256055,1.324733,0.9999,-0.023008,2.235624,1.083972,0.9969,-0.495237,2.273256,1.057888,0.9078,0.061476,2.174533,0.860901,0.9864,-0.560817,2.235395,0.818821,0.9435,-0.164604,2.221264,0.881598,0.9995,-0.356388,2.240803,0.866633,0.9995,-0.143287,2.257941,0.487958,0.9714,-0.320622,2.266324,0.475645,0.9310,-0.119527,2.270056,0.111394,0.9864,-0.286775,2.277195,0.097429,0.9620
524,26.2000,0,-0.305732,2.138112,1.534583,1.0000,-0.280703,2.163905,1.569732,1.0000,-0.332015,2.168328,1.564441,0.9999,-0.243019,2.214717,1.559828,1.0000,-0.348841,2.229837,1.547826,0.9998,-0.097270,2.243683,1.337826,1.0000,-0.448029,2.255232,1.323405,0.9999,-0.016847,2.230648,1.085217,0.9973,-0.490834,2.271737,1.057382,0.9198,0.069679,2.167305,0.862979,0.9887,-0.555961,2.232921,0.817880,0.9450,-0.161079,2.217879,0.881888,0.9994,-0.354104,2.237779,0.866293,0.9994,-0.142172,2.262079,0.484464,0.9721,-0.318248,2.263150,0.475305,0.9323,-0.120291,2.275830,0.107004,0.9845,-0.287202,2.275485,0.097893,0.9595
525,26.2500,0,-0.303449,2.139427,1.533935,1.0000,-0.278996,2.165037,1.569602,1.0000,-0.330481,2.169394,1.563843,0.9999,-0.241053,2.217014,1.559285,0.9999,-0.347449,2.229641,1.546188,0.9998,-0.095337,2.244776,1.337311,1.0000,-0.446235,2.254521,1.322501,0.9999,-0.013842,2.228478,1.084944,0.9964,-0.487360,2.269662,1.056779,0.9289,0.074666,2.164465,0.862965,0.9862,-0.551007,2.230216,0.816404,0.9402,-0.158314,2.214734,0.881467,0.9994,-0.351645,2.235141,0.865528,0.9994,-0.142520,2.262754,0.482374,0.9776,-0.317265,2.261042,0.475246,0.9194,-0.122001,2.275268,0.105926,0.9871,-0.288346,2.273529,0.099170,0.9566
526,26.3000,0,-0.301570,2.138807,1.532737,1.0000,-0.277447,2.164350,1.568932,1.0000,-0.329115,2.169127,1.563130,0.9999,-0.238957,2.218184,1.558278,1.0000,-0.345951,2.229077,1.545066,0.9998,-0.094063,2.246748,1.335546,1.0000,-0.445284,2.255706,1.320089,0.9999,-0.013412,2.230083,1.082796,0.9954,-0.484938,2.268643,1.053739,0.9291,0.073981,2.168695,0.861305,0.9880,-0.546338,2.225280,0.813888,0.9470,-0.157283,2.211694,0.879927,0.9993,-0.350370,2.231706,0.862828,0.9993,-0.143285,2.261690,0.481201,0.9769,-0.317055,2.258308,0.473515,0.8925,-0.123655,2.276222,0.104059,0.9830,-0.287923,2.274329,0.100156,0.9444
527,26.3500,0,-0.299526,2.139758,1.531093,1.0000,-0.275769,2.165858,1.567398,0.9999,-0.326761,2.170815,1.561911,0.9999,-0.237038,2.221485,1.557017,0.9999,-0.343983,2.232502,1.544194,0.9997,-0.093368,2.249607,1.333695,1.0000,-0.444353,2.256428,1.319450,0.9999,-0.016890,2.234905,1.079804,0.9907,-0.483631,2.267021,1.052281,0.9219,0.068593,2.174271,0.857683,0.9818,-0.542960,2.222055,0.813982,0.9388,-0.158473,2.209352,0.878645,0.9992,-0.351222,2.229239,0.861107,0.9993,-0.144829,2.257455,0.482235,0.9781,-0.316894,2.256606,0.472415,0.9067,-0.125131,2.277143,0.103418,0.9842,-0.286801,2.277074,0.098237,0.9540
528,26.4000,0,-0.297976,2.142766,1.531001,1.0000,-0.273535,2.167682,1.566614,0.9999,-0.325419,2.173068,1.561412,0.9999,-0.235482,2.222810,1.556244,0.9999,-0.342901,2.231412,1.544400,0.9998,-0.094567,2.253484,1.333258,1.0000,-0.444213,2.257372,1.319340,0.9999,-0.021436,2.240249,1.076395,0.9889,-0.483136,2.265096,1.050902,0.9140,0.060582,2.180638,0.852824,0.9811,-0.542472,2.220066,0.814237,0.9367,-0.160390,2.208346,0.878049,0.9993,-0.351406,2.226579,0.861114,0.9993,-0.149597,2.250719,0.483106,0.9784,-0.318464,2.254253,0.472689,0.9010,-0.126326,2.275942,0.102333,0.9809,-0.286245,2.276934,0.098540,0.9566
529,26.4500,0,-0.297352,2.145071,1.530137,1.0000,-0.272232,2.171715,1.565464,1.0000,-0.324213,2.175174,1.561107,1.0000,-0.235273,2.225863,1.555210,0.9999,-0.343367,2.234172,1.544605,0.9999,-0.095562,2.256536,1.332233,0.9999,-0.446277,2.258641,1.318764,0.9999,-0.027417,2.245528,1.072945,0.9747,-0.485350,2.262430,1.049858,0.9081,0.048225,2.192047,0.845773,0.9708,-0.545141,2.217715,0.813775,0.9414,-0.162495,2.206798,0.874594,0.9994,-0.353089,2.224714,0.858592,0.9995,-0.155259,2.238331,0.483309,0.9720,-0.321676,2.249850,0.473093,0.9252,-0.128369,2.273515,0.103464,0.9759,-0.286953,2.278751,0.097414,0.9676
530,26.5000,0,-0.297948,2.147829,1.528384,1.0000,-0.272541,2.175229,1.563437,0.9999,-0.325059,2.176051,1.559419,0.9999,-0.236634,2.227890,1.553845,0.9998,-0.345374,2.235465,1.543959,0.9997,-0.097910,2.261028,1.331374,0.9999,-0.449050,2.257339,1.319157,0.9999,-0.036559,2.255342,1.069366,0.9579,-0.489650,2.258025,1.051047,0.9015,0.032175,2.204840,0.841018,0.9568,-0.550397,2.212997,0.814974,0.9271,-0.164103,2.205705,0.872272,0.9993,-0.355072,2.222416,0.858321,0.9994,-0.163350,2.211800,0.490558,0.9805,-0.322770,2.247950,0.475041,0.8762,-0.132077,2.266479,0.110698,0.9832,-0.287272,2.278780,0.098306,0.9607
531,26.5500,0,-0.299798,2.148103,1.526533,1.0000,-0.274444,2.176145,1.561858,0.9999,-0.326921,2.176127,1.557380,0.9999,-0.239221,2.229917,1.552976,0.9997,-0.347322,2.237474,1.542915,0.9996,-0.100546,2.264830,1.331005,0.9998,-0.451436,2.258388,1.319947,0.9999,-0.046755,2.265284,1.066761,0.9187,-0.494454,2.255601,1.052046,0.9188,0.016328,2.219045,0.836745,0.9227,-0.556387,2.211144,0.815617,0.9224,-0.166903,2.203583,0.870333,0.9994,-0.357920,2.219715,0.857281,0.9993,-0.172960,2.172516,0.504301,0.9572,-0.325164,2.245635,0.476752,0.6795,-0.139302,2.247729,0.124612,0.9802,-0.285556,2.286044,0.098043,0.8653
532,26.6000,0,-0.300734,2.151438,1.526159,1.0000,-0.275167,2.179243,1.560613,0.9999,-0.327757,2.178830,1.557046,0.9999,-0.241080,2.230888,1.551041,0.9997,-0.349169,2.240324,1.542314,0.9996,-0.104664,2.269059,1.330012,0.9998,-0.454239,2.257706,1.320436,0.9999,-0.055021,2.280214,1.065790,0.7631,-0.498786,2.251889,1.054442,0.9316,0.002628,2.234337,0.833949,0.7247,-0.564680,2.203183,0.816789,0.9556,-0.168429,2.206046,0.869810,0.9996,-0.359627,2.221867,0.856397,0.9997,-0.178791,2.125927,0.529326,0.9791,-0.327858,2.243598,0.479153,0.7858,-0.151240,2.220864,0.168860,0.9680,-0.285497,2.291289,0.098517,0.9238
533,26.6500,0,-0.301946,2.151432,1.527269,1.0000,-0.276380,2.178642,1.561687,0.9998,-0.329544,2.177580,1.558035,0.9999,-0.243716,2.229082,1.551202,0.9997,-0.352221,2.239119,1.542596,0.9997,-0.108059,2.272207,1.329064,0.9996,-0.457465,2.255646,1.322335,0.9999,-0.061546,2.293657,1.064569,0.6936,-0.503415,2.248076,1.057014,0.9307,-0.005959,2.248202,0.836186,0.6477,-0.569849,2.194223,0.818471,0.9399,-0.169827,2.207420,0.871785,0.9997,-0.361888,2.224441,0.856766,0.9998,-0.184342,2.068651,0.560295,0.9887,-0.328041,2.245848,0.476549,0.8545,-0.164128,2.186234,0.224978,0.9773,-0.287840,2.292154,0.098967,0.9301
534,26.7000,0,-0.303407,2.147902,1.528215,1.0000,-0.278019,2.174983,1.562302,0.9998,-0.330998,2.175154,1.559232,0.9999,-0.246395,2.226436,1.551116,0.9996,-0.353107,2.238649,1.543586,0.9998,-0.112050,2.273721,1.328637,0.9996,-0.459958,2.254187,1.323648,0.9999,-0.066574,2.305012,1.064567,0.6455,-0.506366,2.246132,1.057902,0.9354,-0.010341,2.262025,0.839721,0.5927,-0.573067,2.186541,0.820705,0.9296,-0.170190,2.211388,0.875247,0.9996,-0.364078,2.229795,0.856111,0.9996,-0.184342,2.068651,0.560295,0.0000,-0.330414,2.247335,0.475673,0.8637,-0.177035,2.145229,0.278633,0.9764,-0.289687,2.286708,0.096488,0.8926
535,26.7500,0,-0.303742,2.142474,1.527658,0.9999,-0.278202,2.169760,1.561564,0.9996,-0.331228,2.170327,1.558925,0.9997,-0.248002,2.223496,1.550858,0.9992,-0.353053,2.235483,1.544182,0.9995,-0.115637,2.274622,1.329467,0.9992,-0.462757,2.252391,1.325860,0.9999,-0.071558,2.319878,1.066071,0.4963,-0.509174,2.243819,1.059514,0.9426,-0.012578,2.276393,0.840230,0.4003,-0.574579,2.178643,0.824239,0.9349,-0.172598,2.218541,0.882556,0.9997,-0.367514,2.236741,0.859661,0.9997,-0.191918,2.010041,0.634920,0.9919,-0.329750,2.252016,0.472828,0.9269,-0.185418,2.103063,0.347007,0.9842,-0.290765,2.285060,0.091519,0.9571
536,26.8000,0,-0.304549,2.139250,1.527336,0.9999,-0.278917,2.166116,1.561537,0.9995,-0.332263,2.165494,1.559059,0.9996,-0.249982,2.219984,1.551260,0.9991,-0.354774,2.230134,1.545099,0.9991,-0.118820,2.274118,1.331450,0.9993,-0.466287,2.251705,1.326570,0.9999,-0.073778,2.324041,1.067627,0.7514,-0.510559,2.243194,1.060313,0.9340,-0.008596,2.274374,0.842932,0.6316,-0.574619,2.171391,0.827331,0.9094,-0.174914,2.227169,0.889720,0.9995,-0.370294,2.244121,0.863061,0.9995,-0.188968,1.949118,0.717578,0.9951,-0.328370,2.257975,0.470337,0.9436,-0.186468,2.063632,0.412460,0.9768,-0.290795,2.280708,0.092753,0.9701
537,26.8500,0,-0.306152,2.134012,1.526151,0.9999,-0.280159,2.160972,1.560441,0.9997,-0.334106,2.158712,1.558057,0.9997,-0.252351,2.214668,1.550755,0.9994,-0.357806,2.222979,1.544753,0.9993,-0.121558,2.273178,1.331460,0.9993,-0.470028,2.249220,1.327419,0.9999,-0.076166,2.325453,1.066864,0.6805,-0.510837,2.243325,1.061146,0.9105,-0.008755,2.279083,0.842504,0.5186,-0.573013,2.165154,0.829507,0.8715,-0.176953,2.237675,0.893927,0.9997,-0.372275,2.250617,0.865102,0.9997,-0.179247,1.916604,0.807531,0.9936,-0.325562,2.263002,0.467320,0.9425,-0.182795,2.020440,0.485612,0.9837,-0.290264,2.279722,0.094151,0.9631
538,26.9000,0,-0.308627,2.128992,1.524895,1.0000,-0.282998,2.155423,1.559437,0.9999,-0.336330,2.153444,1.556944,0.9999,-0.255061,2.207626,1.550282,0.9998,-0.359937,2.218338,1.544645,0.9998,-0.124217,2.271772,1.331363,0.9990,-0.472624,2.245723,1.326644,0.9999,-0.077359,2.325455,1.065615,0.5733,-0.511646,2.241213,1.060228,0.9368,-0.011609,2.285008,0.841384,0.3578,-0.570819,2.159793,0.829388,0.8902,-0.179738,2.245900,0.899347,0.9997,-0.373425,2.252742,0.868206,0.9998,-0.177221,1.905678,0.874146,0.9868,-0.323379,2.263322,0.468420,0.9300,-0.180320,2.002545,0.539315,0.9732,-0.290718,2.279335,0.096246,0.9520
539,26.9500,0,-0.309816,2.124055,1.523280,1.0000,-0.283799,2.150120,1.558072,0.9999,-0.337866,2.148451,1.555700,0.9999,-0.255525,2.201086,1.549157,0.9999,-0.361995,2.212921,1.543872,0.9997,-0.125294,2.267414,1.330723,0.9991,-0.474447,2.240891,1.327139,0.9999,-0.079065,2.325717,1.061717,0.5931,-0.511793,2.242148,1.060481,0.9253,-0.018816,2.291642,0.838420,0.3837,-0.568836,2.159273,0.828511,0.8609,-0.182334,2.256924,0.904100,0.9998,-0.375084,2.256783,0.870442,0.9998,-0.179071,1.900176,0.930876,0.9874,-0.322454,2.262555,0.468654,0.9351,-0.176905,1.982814,0.576834,0.9728,-0.291552,2.279261,0.098041,0.9549
540,27.0000,0,-0.310934,2.118917,1.521832,1.0000,-0.285015,2.143450,1.556450,0.9999,-0.338678,2.143280,1.554398,0.9999,-0.256310,2.192662,1.547718,0.9999,-0.362544,2.207251,1.543225,0.9997,-0.125076,2.263009,1.329336,0.9991,-0.475695,2.237020,1.326967,0.9999,-0.080406,2.321912,1.058077,0.5647,-0.512100,2.240771,1.060032,0.9281,-0.018816,2.291642,0.838420,0.0000,-0.568500,2.162002,0.828256,0.8601,-0.186757,2.262673,0.906510,0.9998,-0.377668,2.257417,0.872033,0.9998,-0.182123,1.894957,0.965912,0.9884,-0.320787,2.263208,0.467352,0.9478,-0.172359,1.968592,0.600074,0.9778,-0.290504,2.276582,0.099639,0.9688
541,27.0500,0,-0.310451,2.115773,1.519767,1.0000,-0.284203,2.139266,1.554117,0.9999,-0.338267,2.139652,1.552686,1.0000,-0.255568,2.186310,1.545490,0.9999,-0.362067,2.201528,1.541923,0.9998,-0.125647,2.260124,1.327859,0.9996,-0.477087,2.237026,1.326589,0.9999,-0.082029,2.320133,1.056003,0.7538,-0.513101,2.242079,1.059851,0.9179,-0.025348,2.295158,0.834101,0.4296,-0.570144,2.168084,0.827680,0.8357,-0.188719,2.267469,0.909074,0.9998,-0.379544,2.261272,0.873170,0.9997,-0.182407,1.893418,0.970186,0.9900,-0.319277,2.265160,0.467688,0.9341,-0.167762,1.964487,0.605112,0.9769,-0.289623,2.276052,0.098946,0.9430
542,27.1000,0,-0.310240,2.114106,1.517871,1.0000,-0.283784,2.136392,1.552383,0.9999,-0.338125,2.136665,1.550624,0.9999,-0.255929,2.184197,1.544508,0.9999,-0.361943,2.197032,1.540650,0.9998,-0.126175,2.259417,1.328437,0.9996,-0.476614,2.236805,1.325537,1.0000,-0.083132,2.318442,1.054245,0.6288,-0.513304,2.244501,1.058994,0.9084,-0.031101,2.298549,0.829071,0.4270,-0.572171,2.177388,0.825775,0.8793,-0.189985,2.269660,0.909911,0.9998,-0.379023,2.261552,0.873183,0.9997,-0.182374,1.892218,0.961649,0.9912,-0.319536,2.262159,0.468044,0.9149,-0.167953,1.975346,0.604904,0.9763,-0.291075,2.275809,0.095931,0.9545
543,27.1500,0,-0.310271,2.110068,1.516092,0.9999,-0.284352,2.133224,1.550946,0.9998,-0.338423,2.134116,1.548955,0.9999,-0.256450,2.183163,1.543449,0.9996,-0.361905,2.195789,1.539246,0.9997,-0.126623,2.260228,1.328546,0.9993,-0.476073,2.236701,1.324933,0.9999,-0.083219,2.318329,1.055471,0.6736,-0.514523,2.249191,1.058847,0.9052,-0.027776,2.287919,0.832606,0.4433,-0.574831,2.185191,0.824847,0.9096,-0.188657,2.265913,0.913112,0.9997,-0.378472,2.261373,0.874772,0.9998,-0.178568,1.883325,0.938020,0.9956,-0.317701,2.260944,0.471321,0.9442,-0.164741,1.974794,0.590252,0.9867,-0.289671,2.273363,0.093681,0.9760
544,27.2000,0,-0.309702,2.111059,1.514951,1.0000,-0.283842,2.132839,1.550240,0.9999,-0.338043,2.135310,1.548173,0.9999,-0.255930,2.183670,1.543629,0.9997,-0.361036,2.197417,1.539202,0.9997,-0.126401,2.261508,1.329879,0.9996,-0.475724,2.239656,1.325227,0.9999,-0.082361,2.318509,1.058873,0.7481,-0.515353,2.251398,1.059757,0.9302,-0.025389,2.283257,0.834770,0.6189,-0.577178,2.193002,0.823688,0.9305,-0.188336,2.259598,0.912719,0.9998,-0.378247,2.258478,0.874665,0.9997,-0.175201,1.884884,0.898698,0.9893,-0.320861,2.257482,0.473532,0.8526,-0.163519,1.983778,0.555084,0.9781,-0.291240,2.268470,0.097330,0.9004
545,27.2500,0,-0.310679,2.113291,1.514699,0.9999,-0.284766,2.135246,1.549853,0.9998,-0.338460,2.138752,1.547917,0.9998,-0.255658,2.187330,1.543164,0.9996,-0.360242,2.202241,1.538774,0.9995,-0.126086,2.264546,1.330249,0.9992,-0.474847,2.241611,1.327193,0.9999,-0.080549,2.321676,1.060470,0.6447,-0.516598,2.252912,1.060538,0.9180,-0.023799,2.285450,0.834159,0.5026,-0.579842,2.196189,0.823489,0.9244,-0.189667,2.252585,0.910806,0.9995,-0.379828,2.257889,0.876625,0.9994,-0.177905,1.899761,0.843309,0.9625,-0.323929,2.253918,0.477809,0.6457,-0.163371,1.999785,0.499902,0.9503,-0.291888,2.272319,0.102195,0.7618
546,27.3000,0,-0.311477,2.115951,1.515096,0.9999,-0.285542,2.137928,1.550388,0.9999,-0.338591,2.142207,1.548620,0.9998,-0.255680,2.191047,1.543500,0.9998,-0.359997,2.207766,1.539060,0.9994,-0.125676,2.265769,1.330176,0.9996,-0.474528,2.247110,1.328002,0.9999,-0.079242,2.321867,1.061942,0.7054,-0.517442,2.257164,1.061289,0.9133,-0.021410,2.283811,0.836150,0.6387,-0.582700,2.197838,0.823341,0.9524,-0.189436,2.243544,0.907165,0.9993,-0.380453,2.255315,0.876339,0.9993,-0.176528,1.925078,0.768780,0.9296,-0.326513,2.253324,0.480406,0.5211,-0.156662,2.022028,0.422692,0.9456,-0.289902,2.281709,0.099669,0.7256
547,27.3500,0,-0.311894,2.119847,1.515320,0.9999,-0.285631,2.141757,1.550279,0.9999,-0.338242,2.146254,1.548575,0.9999,-0.254949,2.195050,1.543529,0.9998,-0.359329,2.213136,1.538939,0.9996,-0.124712,2.266844,1.330606,0.9999,-0.473213,2.251812,1.328136,0.9999,-0.076572,2.319926,1.063443,0.8601,-0.517837,2.260108,1.062653,0.8943,-0.018830,2.282892,0.834539,0.8493,-0.585715,2.199301,0.822850,0.9351,-0.190533,2.232941,0.900101,0.9990,-0.379859,2.251295,0.874010,0.9990,-0.175148,1.952749,0.690325,0.9575,-0.327799,2.252471,0.481481,0.6554,-0.147199,2.047792,0.347029,0.9733,-0.286200,2.290244,0.098675,0.8444
548,27.4000,0,-0.312472,2.121445,1.516259,1.0000,-0.285650,2.144134,1.550834,0.9999,-0.338342,2.149118,1.549150,0.9999,-0.254101,2.197928,1.544484,0.9999,-0.358632,2.216590,1.539939,0.9997,-0.123539,2.265915,1.330978,0.9999,-0.472252,2.253789,1.328464,0.9999,-0.073995,2.315128,1.064528,0.9129,-0.517399,2.260442,1.064093,0.8810,-0.016320,2.283561,0.834411,0.8970,-0.587610,2.198704,0.825237,0.9328,-0.191330,2.224079,0.892551,0.9993,-0.380358,2.246566,0.871463,0.9993,-0.174188,1.993047,0.630278,0.9739,-0.329881,2.251718,0.479252,0.8193,-0.136758,2.080242,0.278354,0.9858,-0.285232,2.293077,0.098667,0.9278
549,27.4500,0,-0.313399,2.122177,1.516741,1.0000,-0.286670,2.143716,1.551514,0.9999,-0.338528,2.149785,1.549810,0.9999,-0.254102,2.198499,1.545118,0.9999,-0.357812,2.219013,1.540281,0.9998,-0.121701,2.264442,1.330987,0.9999,-0.471872,2.256930,1.327517,0.9999,-0.068892,2.308986,1.064202,0.9551,-0.516062,2.260907,1.063484,0.8752,-0.012685,2.279220,0.831443,0.9410,-0.586902,2.198791,0.825004,0.9473,-0.188939,2.217561,0.884785,0.9995,-0.378538,2.241058,0.867094,0.9996,-0.171592,2.042053,0.582104,0.9854,-0.332676,2.249413,0.476425,0.9057,-0.127408,2.113068,0.226883,0.9903,-0.287854,2.290330,0.099226,0.9665
550,27.5000,0,-0.314046,2.125150,1.518821,1.0000,-0.287385,2.147338,1.553388,0.9999,-0.339434,2.152491,1.551627,0.9999,-0.254100,2.201958,1.546757,0.9999,-0.358613,2.220432,1.541412,0.9998,-0.120239,2.263405,1.331965,1.0000,-0.471227,2.255897,1.327529,0.9999,-0.064253,2.301990,1.065016,0.9848,-0.514496,2.259476,1.063159,0.8771,-0.006101,2.264814,0.832597,0.9843,-0.586240,2.197745,0.825072,0.9318,-0.184741,2.210944,0.879855,0.9993,-0.375171,2.236547,0.864021,0.9993,-0.169721,2.082121,0.548780,0.9736,-0.331815,2.251233,0.475574,0.8401,-0.123009,2.144175,0.189981,0.9843,-0.288040,2.291628,0.097343,0.9356
551,27.5500,0,-0.312628,2.127548,1.519848,1.0000,-0.285711,2.149872,1.554851,0.9999,-0.339536,2.154361,1.552947,0.9999,-0.252862,2.202934,1.547936,0.9999,-0.359288,2.218905,1.542235,0.9998,-0.118175,2.261484,1.333412,1.0000,-0.470875,2.254854,1.326196,0.9999,-0.058344,2.292831,1.066992,0.9883,-0.511762,2.258215,1.060491,0.9013,0.000572,2.248266,0.836390,0.9838,-0.583205,2.196629,0.824377,0.9381,-0.179146,2.206017,0.876214,0.9992,-0.370260,2.232710,0.860434,0.9992,-0.167734,2.120818,0.527042,0.9677,-0.329588,2.253366,0.473967,0.8342,-0.125390,2.175943,0.164313,0.9796,-0.287391,2.291520,0.093547,0.9290
552,27.6000,0,-0.310978,2.127261,1.519571,1.0000,-0.284494,2.151351,1.554744,1.0000,-0.338637,2.152417,1.552397,1.0000,-0.252000,2.204337,1.548293,0.9999,-0.359159,2.217014,1.542081,0.9998,-0.116409,2.261053,1.335080,1.0000,-0.468712,2.254981,1.323935,0.9999,-0.052641,2.284981,1.070522,0.9888,-0.507599,2.256488,1.057293,0.9086,0.007843,2.230814,0.842578,0.9840,-0.577447,2.194438,0.823919,0.9449,-0.173724,2.204537,0.874933,0.9993,-0.365555,2.228823,0.858555,0.9993,-0.163930,2.155709,0.512739,0.9762,-0.327802,2.254309,0.474888,0.9077,-0.128079,2.207663,0.146592,0.9843,-0.287452,2.288595,0.095086,0.9546
553,27.6500,0,-0.309918,2.128125,1.520809,1.0000,-0.283383,2.152135,1.555727,0.9999,-0.338012,2.153104,1.552669,0.9999,-0.250746,2.204813,1.548910,0.9999,-0.358472,2.214087,1.541571,0.9997,-0.112508,2.260084,1.335682,1.0000,-0.465286,2.254719,1.321682,0.9999,-0.046580,2.275246,1.073522,0.9906,-0.501772,2.256088,1.056124,0.8702,0.014583,2.210133,0.848934,0.9674,-0.569689,2.192774,0.822512,0.9136,-0.166630,2.204031,0.872947,0.9992,-0.359140,2.228366,0.856303,0.9992,-0.160575,2.181985,0.499477,0.9795,-0.324794,2.254904,0.472990,0.9121,-0.133515,2.231705,0.131200,0.9863,-0.288336,2.283413,0.095989,0.9564
554,27.7000,0,-0.307803,2.125638,1.521385,1.0000,-0.282204,2.150878,1.556867,0.9999,-0.336029,2.151177,1.553030,0.9999,-0.249029,2.204459,1.549851,0.9999,-0.356801,2.213966,1.541775,0.9997,-0.108097,2.259456,1.337263,0.9999,-0.460002,2.254551,1.320968,0.9999,-0.040371,2.266811,1.076927,0.9906,-0.494669,2.254981,1.056846,0.8568,0.020698,2.191717,0.853534,0.9581,-0.559595,2.188049,0.822138,0.8981,-0.158396,2.204745,0.872403,0.9987,-0.351081,2.227918,0.855518,0.9990,-0.157480,2.198949,0.493726,0.9740,-0.321555,2.254859,0.474185,0.9161,-0.136480,2.243224,0.123064,0.9794,-0.288368,2.282850,0.094615,0.9533
555,27.7500,0,-0.306100,2.125373,1.521890,1.0000,-0.280284,2.149638,1.557084,0.9999,-0.334128,2.151699,1.552708,0.9999,-0.245732,2.202503,1.549774,0.9999,-0.353523,2.212014,1.540944,0.9997,-0.100975,2.256991,1.338172,0.9999,-0.453873,2.253821,1.319983,0.9999,-0.032959,2.258411,1.079699,0.9935,-0.486534,2.253130,1.056304,0.8832,0.027706,2.178112,0.856871,0.9586,-0.546981,2.181985,0.820784,0.9253,-0.150107,2.204640,0.871410,0.9989,-0.343745,2.228290,0.854835,0.9992,-0.152986,2.213558,0.488865,0.9768,-0.318804,2.253920,0.472547,0.9266,-0.139960,2.249416,0.117721,0.9848,-0.289598,2.276904,0.095380,0.9639
556,27.8000,0,-0.302110,2.125053,1.522102,1.0000,-0.275892,2.149249,1.557274,0.9999,-0.330099,2.151458,1.552492,0.9999,-0.240263,2.202498,1.549614,0.9999,-0.348150,2.209259,1.539973,0.9997,-0.093339,2.255266,1.339289,0.9999,-0.445785,2.252806,1.318496,0.9999,-0.025497,2.250252,1.082269,0.9924,-0.477695,2.248872,1.054693,0.8895,0.033827,2.166678,0.859830,0.9473,-0.534307,2.175002,0.821896,0.9201,-0.140785,2.206897,0.870022,0.9986,-0.335165,2.230394,0.853574,0.9991,-0.148841,2.222134,0.484240,0.9703,-0.314136,2.252798,0.470728,0.9069,-0.141590,2.256762,0.114072,0.9750,-0.289332,2.274675,0.094165,0.9478
557,27.8500,0,-0.296170,2.121505,1.519321,1.0000,-0.270349,2.142722,1.554988,0.9999,-0.324172,2.147111,1.550163,0.9999,-0.233111,2.196390,1.547868,0.9999,-0.340810,2.204261,1.537629,0.9998,-0.085176,2.249913,1.340368,1.0000,-0.437093,2.251178,1.317785,0.9999,-0.017901,2.241631,1.083243,0.9933,-0.468435,2.246071,1.053515,0.9119,0.039255,2.157937,0.860945,0.9610,-0.522411,2.168236,0.822888,0.9237,-0.133266,2.210013,0.870213,0.9990,-0.327711,2.232871,0.854281,0.9992,-0.144128,2.230229,0.481011,0.9704,-0.310059,2.251747,0.470294,0.8941,-0.141235,2.262141,0.110971,0.9784,-0.287870,2.276219,0.092582,0.9429
558,27.9000,0,-0.289092,2.116484,1.517215,1.0000,-0.263868,2.137142,1.553363,0.9999,-0.317472,2.141507,1.547746,0.9999,-0.226314,2.191273,1.546815,0.9999,-0.333558,2.196593,1.535554,0.9998,-0.076462,2.245129,1.339477,0.9999,-0.427380,2.247681,1.316638,0.9999,-0.010820,2.235763,1.083174,0.9931,-0.459542,2.242641,1.053221,0.8739,0.043305,2.154004,0.861217,0.9562,-0.511324,2.164150,0.823582,0.9083,-0.127290,2.213497,0.869637,0.9989,-0.321328,2.234707,0.854619,0.9992,-0.139655,2.236361,0.476546,0.9761,-0.307870,2.249283,0.470150,0.9020,-0.139161,2.266393,0.108692,0.9817,-0.287407,2.275411,0.093766,0.9491
559,27.9500,0,-0.283481,2.110180,1.512533,1.0000,-0.257395,2.127545,1.548861,0.9999,-0.311802,2.133190,1.543130,0.9999,-0.217926,2.179345,1.543979,0.9998,-0.326631,2.184569,1.532817,0.9996,-0.067101,2.238291,1.338330,0.9999,-0.418100,2.240649,1.316018,0.9999,-0.004372,2.229207,1.080401,0.9924,-0.452373,2.235991,1.051301,0.8740,0.047228,2.150677,0.857910,0.9640,-0.501496,2.158708,0.822256,0.9182,-0.121965,2.218293,0.866940,0.9989,-0.316143,2.237194,0.853576,0.9991,-0.135748,2.242357,0.472829,0.9798,-0.305481,2.246954,0.468811,0.9368,-0.139811,2.270411,0.106066,0.9845,-0.287714,2.272755,0.093467,0.9659
560,28.0000,0,-0.276463,2.098415,1.505981,1.0000,-0.250245,2.112633,1.542697,0.9999,-0.304779,2.120779,1.537256,0.9998,-0.210882,2.163009,1.539757,0.9998,-0.319959,2.172371,1.529075,0.9995,-0.059528,2.229983,1.336730,0.9999,-0.409698,2.234793,1.315681,0.9999,0.001132,2.221395,1.078187,0.9928,-0.445455,2.232234,1.050703,0.8301,0.049774,2.148399,0.855173,0.9668,-0.493179,2.153469,0.819752,0.8847,-0.116936,2.226825,0.864194,0.9991,-0.310453,2.244875,0.852992,0.9991,-0.134358,2.242849,0.471211,0.9811,-0.302620,2.246829,0.467816,0.9319,-0.140374,2.269340,0.105680,0.9820,-0.288603,2.271499,0.094952,0.9608
561,28.0500,0,-0.271027,2.083680,1.497620,0.9999,-0.245297,2.095126,1.534966,0.9999,-0.299091,2.104733,1.530105,0.9998,-0.205119,2.143754,1.533764,0.9999,-0.313763,2.157731,1.523922,0.9994,-0.053102,2.220078,1.333682,1.0000,-0.402387,2.226048,1.314600,0.9999,0.004018,2.211000,1.074545,0.9907,-0.439634,2.224014,1.048855,0.8492,0.050333,2.142705,0.850000,0.9797,-0.486238,2.148216,0.818730,0.9096,-0.113589,2.235086,0.859551,0.9995,-0.305480,2.251415,0.850462,0.9995,-0.133481,2.244744,0.469283,0.9732,-0.299414,2.248970,0.466224,0.9478,-0.141303,2.267724,0.104255,0.9747,-0.289468,2.270612,0.095507,0.9744
562,28.1000,0,-0.265911,2.066088,1.487502,1.0000,-0.241406,2.077159,1.525558,0.9999,-0.294397,2.085723,1.520070,0.9999,-0.201539,2.124882,1.525870,0.9999,-0.310098,2.140239,1.514723,0.9995,-0.048711,2.208286,1.329427,1.0000,-0.397489,2.215896,1.311082,0.9999,0.006893,2.202652,1.070086,0.9906,-0.436693,2.214262,1.045277,0.8691,0.050695,2.137832,0.844050,0.9841,-0.479406,2.141290,0.815080,0.9152,-0.110129,2.241641,0.857333,0.9994,-0.301170,2.256341,0.848571,0.9994,-0.132637,2.247054,0.469936,0.9798,-0.297130,2.252569,0.465290,0.9386,-0.141064,2.267516,0.104759,0.9819,-0.290691,2.272868,0.094455,0.9726
563,28.1500,0,-0.261807,2.048037,1.472090,1.0000,-0.237112,2.055684,1.511490,0.9999,-0.289849,2.065972,1.506006,0.9999,-0.198499,2.102952,1.515426,0.9998,-0.305971,2.120259,1.503957,0.9995,-0.045097,2.197142,1.324411,0.9999,-0.393637,2.203040,1.307427,0.9999,0.008299,2.193751,1.063636,0.9853,-0.434144,2.205185,1.040537,0.8876,0.048441,2.133925,0.837310,0.9714,-0.471643,2.134397,0.808721,0.9061,-0.108640,2.250679,0.852925,0.9992,-0.297910,2.262559,0.846218,0.9993,-0.131784,2.249578,0.467393,0.9384,-0.295000,2.259494,0.463853,0.9392,-0.142991,2.264614,0.105491,0.9597,-0.292960,2.271639,0.095348,0.9644
564,28.2000,0,-0.259587,2.032917,1.451595,0.9999,-0.234898,2.036558,1.491699,0.9997,-0.287591,2.048496,1.486440,0.9997,-0.196890,2.081020,1.498946,0.9996,-0.304265,2.100415,1.487472,0.9988,-0.045063,2.184464,1.317203,0.9999,-0.393306,2.194340,1.300379,0.9999,0.007877,2.186687,1.056212,0.9867,-0.428667,2.196620,1.034567,0.8754,0.047045,2.131212,0.829948,0.9806,-0.464502,2.127939,0.801627,0.9130,-0.107014,2.255693,0.851243,0.9988,-0.295493,2.267789,0.844937,0.9989,-0.132509,2.251548,0.465535,0.9538,-0.292158,2.264880,0.464410,0.8824,-0.143019,2.268915,0.105795,0.9538,-0.292765,2.270890,0.099060,0.9410
565,28.2500,0,-0.257919,2.016391,1.427248,0.9999,-0.233299,2.016083,1.466590,0.9997,-0.285476,2.030368,1.462591,0.9997,-0.196885,2.058143,1.477764,0.9996,-0.302337,2.081589,1.467844,0.9989,-0.046622,2.169513,1.308964,0.9999,-0.393330,2.186031,1.291594,0.9999,0.006413,2.176527,1.048850,0.9811,-0.424583,2.186113,1.026096,0.8959,0.044626,2.125527,0.821548,0.9680,-0.456913,2.121590,0.792843,0.9260,-0.105716,2.257968,0.848970,0.9989,-0.292822,2.273177,0.842574,0.9990,-0.132117,2.253046,0.462981,0.9490,-0.290757,2.271623,0.462270,0.9096,-0.143419,2.270627,0.102524,0.9535,-0.293287,2.274628,0.096679,0.9477
566,28.3000,0,-0.256825,1.995398,1.401650,0.9999,-0.234799,1.993103,1.441457,0.9997,-0.284169,2.008820,1.437947,0.9996,-0.200090,2.035256,1.456504,0.9996,-0.300223,2.064631,1.447704,0.9985,-0.048216,2.155192,1.299098,0.9999,-0.391872,2.175978,1.282341,0.9999,0.003191,2.167873,1.037796,0.9861,-0.419126,2.177377,1.016368,0.8892,0.038667,2.119405,0.808625,0.9813,-0.448215,2.115213,0.783723,0.9234,-0.107517,2.264349,0.851954,0.9994,-0.291910,2.282156,0.845116,0.9993,-0.134706,2.254592,0.466616,0.9125,-0.290671,2.279760,0.463264,0.9404,-0.146481,2.272555,0.101852,0.9278,-0.295303,2.276696,0.096069,0.9707
567,28.3500,0,-0.258904,1.975758,1.371165,0.9999,-0.238368,1.973544,1.410224,0.9998,-0.286052,1.989241,1.406638,0.9997,-0.203989,2.014958,1.429500,0.9997,-0.302811,2.046375,1.421170,0.9991,-0.051689,2.138199,1.286700,1.0000,-0.391222,2.162355,1.267829,1.0000,-0.000768,2.156734,1.023726,0.9915,-0.416621,2.161581,1.003427,0.9700,0.031381,2.110733,0.793006,0.9797,-0.440725,2.110077,0.772128,0.9643,-0.103116,2.278955,0.851865,0.9997,-0.288463,2.293962,0.844957,0.9994,-0.132191,2.263143,0.463167,0.9376,-0.292791,2.284207,0.462382,0.9051,-0.146803,2.266999,0.102176,0.9517,-0.297015,2.274018,0.097295,0.9241
568,28.4000,0,-0.260579,1.955366,1.338770,0.9999,-0.240795,1.952613,1.376883,0.9997,-0.287322,1.966386,1.374140,0.9996,-0.207858,1.994591,1.399630,0.9988,-0.304769,2.026841,1.392778,0.9989,-0.055910,2.120411,1.271693,0.9999,-0.390810,2.145899,1.253000,0.9999,-0.003242,2.145804,1.009963,0.9860,-0.415787,2.152964,0.990103,0.9271,0.024468,2.104549,0.775165,0.9838,-0.433417,2.107352,0.756016,0.9184,-0.102227,2.287801,0.852966,0.9995,-0.286841,2.300994,0.845112,0.9994,-0.132365,2.270098,0.462541,0.9237,-0.294941,2.285675,0.462875,0.8910,-0.148108,2.262912,0.102953,0.9501,-0.298362,2.273588,0.098064,0.9210
569,28.4500,0,-0.263199,1.933143,1.303433,0.9997,-0.241938,1.932523,1.341503,0.9995,-0.288874,1.942897,1.337826,0.9995,-0.210846,1.970553,1.364177,0.9993,-0.309811,1.998196,1.353554,0.9997,-0.073281,2.081658,1.253830,0.9990,-0.392077,2.128245,1.232703,0.9998,-0.016248,2.120480,0.996102,0.9684,-0.413614,2.141845,0.973781,0.8981,0.012573,2.094093,0.755674,0.9641,-0.426887,2.100846,0.739734,0.9568,-0.102227,2.287801,0.852966,0.0000,-0.286841,2.300994,0.845112,0.0000,-0.132365,2.270098,0.462541,0.0000,-0.294941,2.285675,0.462875,0.0000,-0.148108,2.262912,0.102953,0.0000,-0.298362,2.273588,0.098064,0.0000
570,28.5000,0,-0.265591,1.915195,1.261025,1.0000,-0.244794,1.911680,1.296580,0.9999,-0.289497,1.922145,1.293977,0.9998,-0.215042,1.948385,1.322149,0.9997,-0.310625,1.978208,1.316919,0.9998,-0.075751,2.074290,1.233232,1.0000,-0.392505,2.116511,1.212071,1.0000,-0.020185,2.112689,0.975585,0.9954,-0.410436,2.132828,0.951951,0.9944,0.004329,2.091629,0.734305,0.9923,-0.417904,2.096614,0.717247,0.9917,-0.101067,2.308973,0.861522,0.9998,-0.287207,2.318580,0.851976,0.9997,-0.134734,2.272102,0.472930,0.7346,-0.298213,2.290604,0.466558,0.9107,-0.150323,2.261365,0.101944,0.8923,-0.298638,2.279251,0.094971,0.8415
571,28.5500,0,-0.267076,1.893894,1.212654,0.9996,-0.246869,1.892641,1.245856,0.9985,-0.290097,1.897473,1.242350,0.9986,-0.216905,1.928319,1.274381,0.9982,-0.312738,1.950285,1.268694,0.9986,-0.086016,2.053546,1.203908,0.9995,-0.390434,2.096875,1.183979,0.9988,-0.025458,2.104676,0.950206,0.9836,-0.405951,2.125830,0.931387,0.9407,-0.004545,2.085841,0.708263,0.9539,-0.404989,2.087410,0.693109,0.9398,-0.108810,2.311733,0.915030,0.9998,-0.291607,2.317274,0.907284,0.9992,-0.126396,2.287950,0.557190,0.5458,-0.298213,2.290604,0.466558,0.0000,-0.150323,2.261365,0.101944,0.0000,-0.298638,2.279251,0.094971,0.0000
572,28.6000,0,-0.268891,1.875696,1.168594,0.9997,-0.248565,1.872830,1.199676,0.9992,-0.291352,1.877376,1.197389,0.9991,-0.218894,1.909806,1.230126,0.9992,-0.314074,1.928543,1.225029,0.9990,-0.091750,2.038584,1.174066,0.9997,-0.391238,2.085871,1.156210,0.9999,-0.030783,2.094439,0.924509,0.9781,-0.403085,2.119813,0.904920,0.9459,-0.015645,2.079341,0.676946,0.9619,-0.393047,2.080328,0.667531,0.9394,-0.108810,2.311733,0.915030,0.0000,-0.298292,2.336707,0.908381,0.9987,-0.126396,2.287950,0.557190,0.0000,-0.307633,2.301352,0.496723,0.8225,-0.150323,2.261365,0.101944,0.0000,-0.298638,2.279251,0.094971,0.0000
573,28.6500,0,-0.263018,1.864895,1.121015,0.9997,-0.244756,1.858728,1.149284,0.9994,-0.284867,1.864875,1.148369,0.9989,-0.216972,1.894907,1.181821,0.9996,-0.306786,1.915553,1.178754,0.9987,-0.088950,2.033761,1.141346,1.0000,-0.386459,2.074707,1.136190,0.9983,-0.037078,2.089853,0.887967,0.9918,-0.401632,2.116339,0.885012,0.9386,-0.026367,2.075408,0.647202,0.9942,-0.382781,2.078525,0.641194,0.9789,-0.108810,2.311733,0.915030,0.0000,-0.298292,2.336707,0.908381,0.0000,-0.126396,2.287950,0.557190,0.0000,-0.307633,2.301352,0.496723,0.0000,-0.150323,2.261365,0.101944,0.0000,-0.298638,2.279251,0.094971,0.0000
574,28.7000,0,-0.263018,1.864895,1.121015,0.0000,-0.244756,1.858728,1.149284,0.0000,-0.284867,1.864875,1.148369,0.0000,-0.216972,1.894907,1.181821,0.0000,-0.306786,1.915553,1.178754,0.0000,-0.088950,2.033761,1.141346,0.0000,-0.386459,2.074707,1.136190,0.0000,-0.037078,2.089853,0.887967,0.0000,-0.401632,2.116339,0.885012,0.0000,-0.026367,2.075408,0.647202,0.0000,-0.382781,2.078525,0.641194,0.0000,-0.108810,2.311733,0.915030,0.0000,-0.298292,2.336707,0.908381,0.0000,-0.126396,2.287950,0.557190,0.0000,-0.307633,2.301352,0.496723,0.0000,-0.150323,2.261365,0.101944,0.0000,-0.298638,2.279251,0.094971,0.0000
575,28.7500,0,-0.261550,1.864000,1.045364,0.9998,-0.245533,1.849742,1.071645,0.9995,-0.284127,1.855278,1.069398,0.9996,-0.221862,1.878732,1.109403,0.9991,-0.305284,1.899883,1.101406,0.9997,-0.100430,2.014601,1.088101,0.9999,-0.388330,2.061600,1.084165,1.0000,-0.046466,2.078372,0.832848,0.9807,-0.396962,2.102777,0.836141,0.9744,-0.038980,2.067189,0.603563,0.9695,-0.373034,2.075262,0.597547,0.9653,-0.108810,2.311733,0.915030,0.0000,-0.302393,2.352900,0.892681,0.9997,-0.126396,2.287950,0.557190,0.0000,-0.307633,2.301352,0.496723,0.0000,-0.150323,2.261365,0.101944,0.0000,-0.298638,2.279251,0.094971,0.0000
576,28.8000,0,-0.262352,1.861600,0.989884,0.9976,-0.245620,1.844950,1.012929,0.9965,-0.282769,1.850743,1.012914,0.9935,-0.222787,1.867518,1.048858,0.9979,-0.302111,1.891307,1.049645,0.9939,-0.103102,2.006198,1.044662,0.9999,-0.386766,2.054403,1.046195,1.0000,-0.052785,2.068665,0.783816,0.9804,-0.393517,2.095803,0.796441,0.9089,-0.048514,2.062072,0.556281,0.9792,-0.364325,2.071356,0.560612,0.9350,-0.106354,2.346087,0.886423,0.9997,-0.298212,2.380287,0.870367,0.9995,-0.130139,2.282876,0.535276,0.6363,-0.306847,2.293346,0.490756,0.8357,-0.155870,2.258128,0.099650,0.6761,-0.298924,2.280182,0.094706,0.8302
577,28.8500,0,-0.257008,1.860827,0.945665,0.9899,-0.241269,1.838492,0.967452,0.9946,-0.276037,1.845938,0.965293,0.9939,-0.222196,1.854903,1.000317,0.9933,-0.293148,1.876893,0.997145,0.9863,-0.116124,1.991395,1.002508,0.9999,-0.357127,2.020974,1.002364,0.9961,-0.073187,2.051687,0.763501,0.9855,-0.393517,2.095803,0.796441,0.0000,-0.067873,2.058674,0.541995,0.9879,-0.364325,2.071356,0.560612,0.0000,-0.119516,2.347319,0.883265,0.9997,-0.298212,2.380287,0.870367,0.0000,-0.154881,2.315960,0.572142,0.5115,-0.306847,2.293346,0.490756,0.0000,-0.163170,2.316395,0.221499,0.6722,-0.298924,2.280182,0.094706,0.0000
578,28.9000,0,-0.247958,1.863492,0.904738,0.9972,-0.232937,1.842382,0.934801,0.9960,-0.265950,1.850672,0.926688,0.9954,-0.215495,1.856447,0.971479,0.9937,-0.283540,1.877821,0.952387,0.9839,-0.115113,1.984234,0.980574,0.9999,-0.338306,2.010789,0.944594,0.9983,-0.065623,2.051469,0.759515,0.6347,-0.349592,2.054115,0.740402,0.9200,-0.067873,2.058674,0.541995,0.0000,-0.320638,2.037905,0.534282,0.9503,-0.119516,2.347319,0.883265,0.0000,-0.298212,2.380287,0.870367,0.0000,-0.154881,2.315960,0.572142,0.0000,-0.301216,2.274422,0.534619,0.3104,-0.163170,2.316395,0.221499,0.0000,-0.298924,2.280182,0.094706,0.0000
579,28.9500,0,-0.244785,1.867504,0.859783,0.9995,-0.232139,1.846194,0.885572,0.9996,-0.264387,1.856879,0.879160,0.9986,-0.218859,1.858835,0.925482,0.9998,-0.284517,1.880676,0.902983,0.9993,-0.125040,1.974896,0.943512,0.9999,-0.343511,2.006194,0.894733,0.9988,-0.076258,2.036323,0.725681,0.4768,-0.346931,2.036998,0.682811,0.5229,-0.081468,2.056427,0.493305,0.7660,-0.316683,2.023075,0.483876,0.8509,-0.119516,2.347319,0.883265,0.0000,-0.298212,2.380287,0.870367,0.0000,-0.154881,2.315960,0.572142,0.0000,-0.306514,2.257622,0.550436,0.4052,-0.163170,2.316395,0.221499,0.0000,-0.298924,2.280182,0.094706,0.0000
580,29.0000,0,-0.244785,1.867504,0.859783,0.0000,-0.232139,1.846194,0.885572,0.0000,-0.264387,1.856879,0.879160,0.0000,-0.218859,1.858835,0.925482,0.0000,-0.284517,1.880676,0.902983,0.0000,-0.125040,1.974896,0.943512,0.0000,-0.343511,2.006194,0.894733,0.0000,-0.076258,2.036323,0.725681,0.0000,-0.346931,2.036998,0.682811,0.0000,-0.081468,2.056427,0.493305,0.0000,-0.316683,2.023075,0.483876,0.0000,-0.119516,2.347319,0.883265,0.0000,-0.298212,2.380287,0.870367,0.0000,-0.154881,2.315960,0.572142,0.0000,-0.306514,2.257622,0.550436,0.0000,-0.163170,2.316395,0.221499,0.0000,-0.298924,2.280182,0.094706,0.0000
581,29.0500,0,-0.244785,1.867504,0.859783,0.0000,-0.232139,1.846194,0.885572,0.0000,-0.264387,1.856879,0.879160,0.0000,-0.218859,1.858835,0.925482,0.0000,-0.284517,1.880676,0.902983,0.0000,-0.125040,1.974896,0.943512,0.0000,-0.343511,2.006194,0.894733,0.0000,-0.076258,2.036323,0.725681,0.0000,-0.346931,2.036998,0.682811,0.0000,-0.081468,2.056427,0.493305,0.0000,-0.316683,2.023075,0.483876,0.0000,-0.119516,2.347319,0.883265,0.0000,-0.298212,2.380287,0.870367,0.0000,-0.154881,2.315960,0.572142,0.0000,-0.306514,2.257622,0.550436,0.0000,-0.163170,2.316395,0.221499,0.0000,-0.298924,2.280182,0.094706,0.0000
582,29.1000,0,-0.244785,1.867504,0.859783,0.0000,-0.232139,1.846194,0.885572,0.0000,-0.264387,1.856879,0.879160,0.0000,-0.227867,1.845080,0.890646,0.9960,-0.284517,1.880676,0.902983,0.0000,-0.146938,1.942214,0.907408,0.9983,-0.343511,2.006194,0.894733,0.0000,-0.076258,2.036323,0.725681,0.0000,-0.346931,2.036998,0.682811,0.0000,-0.135031,2.002399,0.555255,0.4219,-0.316683,2.023075,0.483876,0.0000,-0.141540,2.320287,0.883888,0.9962,-0.292856,2.368495,0.869990,0.9966,-0.154881,2.315960,0.572142,0.0000,-0.306514,2.257622,0.550436,0.0000,-0.163170,2.316395,0.221499,0.0000,-0.298924,2.280182,0.094706,0.0000
583,29.1500,0,-0.244785,1.867504,0.859783,0.0000,-0.232139,1.846194,0.885572,0.0000,-0.264387,1.856879,0.879160,0.0000,-0.227867,1.845080,0.890646,0.0000,-0.284517,1.880676,0.902983,0.0000,-0.146938,1.942214,0.907408,0.0000,-0.343511,2.006194,0.894733,0.0000,-0.076258,2.036323,0.725681,0.0000,-0.346931,2.036998,0.682811,0.0000,-0.135031,2.002399,0.555255,0.0000,-0.316683,2.023075,0.483876,0.0000,-0.141540,2.320287,0.883888,0.0000,-0.292856,2.368495,0.869990,0.0000,-0.154881,2.315960,0.572142,0.0000,-0.306514,2.257622,0.550436,0.0000,-0.163170,2.316395,0.221499,0.0000,-0.298924,2.280182,0.094706,0.0000
584,29.2000,0,-0.239351,1.879201,0.763853,0.9999,-0.227682,1.851635,0.790408,0.9999,-0.260535,1.870879,0.780617,0.9998,-0.224674,1.845302,0.813590,0.9999,-0.284137,1.890989,0.809577,0.9999,-0.151070,1.930690,0.849751,0.9998,-0.345702,2.004645,0.814766,0.9996,-0.076258,2.036323,0.725681,0.0000,-0.356402,2.044435,0.612448,0.7777,-0.120393,2.032985,0.518973,0.4910,-0.329001,2.043511,0.423558,0.8711,-0.136122,2.305031,0.867815,0.9998,-0.292856,2.368495,0.869990,0.0000,-0.154881,2.315960,0.572142,0.0000,-0.306514,2.257622,0.550436,0.0000,-0.163170,2.316395,0.221499,0.0000,-0.298924,2.280182,0.094706,0.0000
585,29.2500,0,-0.244461,1.879959,0.720239,0.9855,-0.236191,1.843810,0.746639,0.9907,-0.266003,1.867804,0.730352,0.9858,-0.230535,1.837191,0.780008,0.9959,-0.287079,1.890288,0.754633,0.9949,-0.157878,1.917826,0.826900,1.0000,-0.341655,2.022072,0.758035,0.9999,-0.076258,2.036323,0.725681,0.0000,-0.351656,2.080339,0.582854,0.6549,-0.120393,2.032985,0.518973,0.0000,-0.329001,2.043511,0.423558,0.0000,-0.145326,2.275229,0.856858,1.0000,-0.292856,2.368495,0.869990,0.0000,-0.154881,2.315960,0.572142,0.0000,-0.314126,2.229831,0.563737,0.3226,-0.163170,2.316395,0.221499,0.0000,-0.298924,2.280182,0.094706,0.0000
586,29.3000,0,-0.244461,1.879959,0.720239,0.0000,-0.236191,1.843810,0.746639,0.0000,-0.266003,1.867804,0.730352,0.0000,-0.230535,1.837191,0.780008,0.0000,-0.287079,1.890288,0.754633,0.0000,-0.157878,1.917826,0.826900,0.0000,-0.341655,2.022072,0.758035,0.0000,-0.076258,2.036323,0.725681,0.0000,-0.351656,2.080339,0.582854,0.0000,-0.120393,2.032985,0.518973,0.0000,-0.329001,2.043511,0.423558,0.0000,-0.145326,2.275229,0.856858,0.0000,-0.292856,2.368495,0.869990,0.0000,-0.154881,2.315960,0.572142,0.0000,-0.314126,2.229831,0.563737,0.0000,-0.163170,2.316395,0.221499,0.0000,-0.298924,2.280182,0.094706,0.0000
587,29.3500,0,-0.244461,1.879959,0.720239,0.0000,-0.236191,1.843810,0.746639,0.0000,-0.266003,1.867804,0.730352,0.0000,-0.230535,1.837191,0.780008,0.0000,-0.287079,1.890288,0.754633,0.0000,-0.157878,1.917826,0.826900,0.0000,-0.341655,2.022072,0.758035,0.0000,-0.076258,2.036323,0.725681,0.0000,-0.351656,2.080339,0.582854,0.0000,-0.120393,2.032985,0.518973,0.0000,-0.329001,2.043511,0.423558,0.0000,-0.145326,2.275229,0.856858,0.0000,-0.292856,2.368495,0.869990,0.0000,-0.154881,2.315960,0.572142,0.0000,-0.314126,2.229831,0.563737,0.0000,-0.163170,2.316395,0.221499,0.0000,-0.298924,2.280182,0.094706,0.0000
588,29.4000,0,-0.244461,1.879959,0.720239,0.0000,-0.236191,1.843810,0.746639,0.0000,-0.266003,1.867804,0.730352,0.0000,-0.230535,1.837191,0.780008,0.0000,-0.287079,1.890288,0.754633,0.0000,-0.157878,1.917826,0.826900,0.0000,-0.341655,2.022072,0.758035,0.0000,-0.076258,2.036323,0.725681,0.0000,-0.351656,2.080339,0.582854,0.0000,-0.120393,2.032985,0.518973,0.0000,-0.329001,2.043511,0.423558,0.0000,-0.145326,2.275229,0.856858,0.0000,-0.292856,2.368495,0.869990,0.0000,-0.154881,2.315960,0.572142,0.0000,-0.314126,2.229831,0.563737,0.0000,-0.163170,2.316395,0.221499,0.0000,-0.298924,2.280182,0.094706,0.0000
589,29.4500,0,-0.244461,1.879959,0.720239,0.0000,-0.236191,1.843810,0.746639,0.0000,-0.266003,1.867804,0.730352,0.0000,-0.230535,1.837191,0.780008,0.0000,-0.287079,1.890288,0.754633,0.0000,-0.157878,1.917826,0.826900,0.0000,-0.341655,2.022072,0.758035,0.0000,-0.076258,2.036323,0.725681,0.0000,-0.351656,2.080339,0.582854,0.0000,-0.120393,2.032985,0.518973,0.0000,-0.329001,2.043511,0.423558,0.0000,-0.145326,2.275229,0.856858,0.0000,-0.292856,2.368495,0.869990,0.0000,-0.154881,2.315960,0.572142,0.0000,-0.314126,2.229831,0.563737,0.0000,-0.163170,2.316395,0.221499,0.0000,-0.298924,2.280182,0.094706,0.0000
590,29.5000,0,-0.244461,1.879959,0.720239,0.0000,-0.236191,1.843810,0.746639,0.0000,-0.266003,1.867804,0.730352,0.0000,-0.230535,1.837191,0.780008,0.0000,-0.287079,1.890288,0.754633,0.0000,-0.157878,1.917826,0.826900,0.0000,-0.341655,2.022072,0.758035,0.0000,-0.076258,2.036323,0.725681,0.0000,-0.351656,2.080339,0.582854,0.0000,-0.120393,2.032985,0.518973,0.0000,-0.329001,2.043511,0.423558,0.0000,-0.145326,2.275229,0.856858,0.0000,-0.292856,2.368495,0.869990,0.0000,-0.154881,2.315960,0.572142,0.0000,-0.314126,2.229831,0.563737,0.0000,-0.163170,2.316395,0.221499,0.0000,-0.298924,2.280182,0.094706,0.0000
591,29.5500,0,-0.244461,1.879959,0.720239,0.0000,-0.236191,1.843810,0.746639,0.0000,-0.266003,1.867804,0.730352,0.0000,-0.230535,1.837191,0.780008,0.0000,-0.287079,1.890288,0.754633,0.0000,-0.157878,1.917826,0.826900,0.0000,-0.341655,2.022072,0.758035,0.0000,-0.076258,2.036323,0.725681,0.0000,-0.351656,2.080339,0.582854,0.0000,-0.120393,2.032985,0.518973,0.0000,-0.329001,2.043511,0.423558,0.0000,-0.145326,2.275229,0.856858,0.0000,-0.292856,2.368495,0.869990,0.0000,-0.154881,2.315960,0.572142,0.0000,-0.314126,2.229831,0.563737,0.0000,-0.163170,2.316395,0.221499,0.0000,-0.298924,2.280182,0.094706,0.0000
592,29.6000,0,-0.244461,1.879959,0.720239,0.0000,-0.236191,1.843810,0.746639,0.0000,-0.266003,1.867804,0.730352,0.0000,-0.230535,1.837191,0.780008,0.0000,-0.287079,1.890288,0.754633,0.0000,-0.157878,1.917826,0.826900,0.0000,-0.341655,2.022072,0.758035,0.0000,-0.076258,2.036323,0.725681,0.0000,-0.351656,2.080339,0.582854,0.0000,-0.120393,2.032985,0.518973,0.0000,-0.329001,2.043511,0.423558,0.0000,-0.145326,2.275229,0.856858,0.0000,-0.292856,2.368495,0.869990,0.0000,-0.154881,2.315960,0.572142,0.0000,-0.314126,2.229831,0.563737,0.0000,-0.163170,2.316395,0.221499,0.0000,-0.298924,2.280182,0.094706,0.0000
593,29.6500,0,-0.244461,1.879959,0.720239,0.0000,-0.236191,1.843810,0.746639,0.0000,-0.266003,1.867804,0.730352,0.0000,-0.230535,1.837191,0.780008,0.0000,-0.287079,1.890288,0.754633,0.0000,-0.157878,1.917826,0.826900,0.0000,-0.341655,2.022072,0.758035,0.0000,-0.076258,2.036323,0.725681,0.0000,-0.351656,2.080339,0.582854,0.0000,-0.120393,2.032985,0.518973,0.0000,-0.329001,2.043511,0.423558,0.0000,-0.145326,2.275229,0.856858,0.0000,-0.292856,2.368495,0.869990,0.0000,-0.154881,2.315960,0.572142,0.0000,-0.314126,2.229831,0.563737,0.0000,-0.163170,2.316395,0.221499,0.0000,-0.298924,2.280182,0.094706,0.0000
594,29.7000,0,-0.244461,1.879959,0.720239,0.0000,-0.236191,1.843810,0.746639,0.0000,-0.266003,1.867804,0.730352,0.0000,-0.230535,1.837191,0.780008,0.0000,-0.287079,1.890288,0.754633,0.0000,-0.157878,1.917826,0.826900,0.0000,-0.341655,2.022072,0.758035,0.0000,-0.076258,2.036323,0.725681,0.0000,-0.351656,2.080339,0.582854,0.0000,-0.120393,2.032985,0.518973,0.0000,-0.329001,2.043511,0.423558,0.0000,-0.145326,2.275229,0.856858,0.0000,-0.292856,2.368495,0.869990,0.0000,-0.154881,2.315960,0.572142,0.0000,-0.314126,2.229831,0.563737,0.0000,-0.163170,2.316395,0.221499,0.0000,-0.298924,2.280182,0.094706,0.0000
595,29.7500,0,-0.244461,1.879959,0.720239,0.0000,-0.236191,1.843810,0.746639,0.0000,-0.266003,1.867804,0.730352,0.0000,-0.230535,1.837191,0.780008,0.0000,-0.287079,1.890288,0.754633,0.0000,-0.157878,1.917826,0.826900,0.0000,-0.341655,2.022072,0.758035,0.0000,-0.076258,2.036323,0.725681,0.0000,-0.351656,2.080339,0.582854,0.0000,-0.120393,2.032985,0.518973,0.0000,-0.329001,2.043511,0.423558,0.0000,-0.145326,2.275229,0.856858,0.0000,-0.292856,2.368495,0.869990,0.0000,-0.154881,2.315960,0.572142,0.0000,-0.314126,2.229831,0.563737,0.0000,-0.163170,2.316395,0.221499,0.0000,-0.298924,2.280182,0.094706,0.0000
596,29.8000,0,-0.244461,1.879959,0.720239,0.0000,-0.236191,1.843810,0.746639,0.0000,-0.266003,1.867804,0.730352,0.0000,-0.230535,1.837191,0.780008,0.0000,-0.287079,1.890288,0.754633,0.0000,-0.157878,1.917826,0.826900,0.0000,-0.341655,2.022072,0.758035,0.0000,-0.076258,2.036323,0.725681,0.0000,-0.351656,2.080339,0.582854,0.0000,-0.120393,2.032985,0.518973,0.0000,-0.329001,2.043511,0.423558,0.0000,-0.145326,2.275229,0.856858,0.0000,-0.292856,2.368495,0.869990,0.0000,-0.154881,2.315960,0.572142,0.0000,-0.314126,2.229831,0.563737,0.0000,-0.163170,2.316395,0.221499,0.0000,-0.298924,2.280182,0.094706,0.0000
597,29.8500,0,-0.246548,1.882587,0.743077,0.9999,-0.236384,1.852570,0.772509,0.9998,-0.269072,1.871645,0.761649,0.9997,-0.227470,1.853497,0.808609,0.9997,-0.289535,1.897442,0.785206,0.9991,-0.157878,1.917826,0.826900,0.0000,-0.345790,2.026720,0.779136,0.9984,-0.076258,2.036323,0.725681,0.0000,-0.359791,2.075521,0.588642,0.5389,-0.120393,2.032985,0.518973,0.0000,-0.338861,2.057178,0.401429,0.7636,-0.146462,2.276757,0.848529,0.9997,-0.292856,2.368495,0.869990,0.0000,-0.154881,2.315960,0.572142,0.0000,-0.318331,2.237275,0.560130,0.4856,-0.163170,2.316395,0.221499,0.0000,-0.298924,2.280182,0.094706,0.0000
598,29.9000,0,-0.248007,1.871584,0.776815,0.9996,-0.236879,1.846689,0.804968,0.9993,-0.272281,1.866711,0.791609,0.9989,-0.227470,1.853497,0.808609,0.0000,-0.291639,1.894447,0.816756,0.9993,-0.157878,1.917826,0.826900,0.0000,-0.346328,2.015502,0.807440,0.9999,-0.073424,2.042155,0.704460,0.7081,-0.350446,2.048421,0.608494,0.8464,-0.112742,2.044750,0.490322,0.8661,-0.325881,2.027768,0.420351,0.9570,-0.137199,2.311692,0.855438,0.9998,-0.292856,2.368495,0.869990,0.0000,-0.154881,2.315960,0.572142,0.0000,-0.318331,2.237275,0.560130,0.0000,-0.163170,2.316395,0.221499,0.0000,-0.298924,2.280182,0.094706,0.0000
599,29.9500,0,-0.249006,1.861152,0.814111,0.9992,-0.238358,1.841900,0.839483,0.9995,-0.273281,1.857852,0.826299,0.9992,-0.227470,1.853497,0.808609,0.0000,-0.286567,1.884292,0.848793,0.9986,-0.151663,1.941380,0.863551,0.9999,-0.336972,1.988144,0.846916,0.9988,-0.084203,2.067236,0.706715,0.9516,-0.337706,2.008882,0.660059,0.9351,-0.122683,2.096827,0.482455,0.9814,-0.325881,2.027768,0.420351,0.0000,-0.137020,2.334243,0.863147,0.9999,-0.285733,2.361922,0.876985,0.9999,-0.181276,2.356061,0.595602,0.6701,-0.333230,2.254204,0.593286,0.6456,-0.163170,2.316395,0.221499,0.0000,-0.298924,2.280182,0.094706,0.0000
600,30.0000,0,-0.250602,1.858846,0.865831,0.9986,-0.236349,1.842979,0.892817,0.9973,-0.271825,1.853982,0.884739,0.9969,-0.221828,1.859494,0.869165,0.9956,-0.284477,1.886260,0.912401,0.9970,-0.132190,1.965767,0.901081,0.9999,-0.346161,2.009726,0.899002,0.9999,-0.075634,2.069744,0.716856,0.9759,-0.353876,2.027673,0.686743,0.9881,-0.107574,2.091581,0.488283,0.9711,-0.339614,2.039086,0.446478,0.9903,-0.126479,2.363535,0.849619,0.9998,-0.287659,2.386425,0.861112,0.9998,-0.173483,2.330007,0.564340,0.7673,-0.327685,2.268999,0.560484,0.8406,-0.170856,2.295684,0.187019,0.8497,-0.295454,2.291864,0.088319,0.8086
601,30.0500,0,-0.251594,1.856200,0.929237,0.9970,-0.233087,1.846658,0.960885,0.9950,-0.271427,1.851874,0.953923,0.9934,-0.213205,1.872090,0.952783,0.9944,-0.283652,1.890579,0.983556,0.9940,-0.119117,1.981464,0.949859,0.9998,-0.355304,2.029872,0.951516,0.9999,-0.071681,2.067520,0.735472,0.9721,-0.364523,2.045471,0.721009,0.9697,-0.100541,2.080507,0.505525,0.9625,-0.355086,2.047163,0.473567,0.9805,-0.119303,2.378549,0.849950,0.9995,-0.286962,2.405007,0.855714,0.9995,-0.166890,2.313743,0.546228,0.6302,-0.319665,2.274824,0.542404,0.8868,-0.171531,2.282155,0.167455,0.6791,-0.299401,2.281516,0.092493,0.8870
602,30.1000,0,-0.248302,1.857572,0.999078,0.9990,-0.228460,1.852785,1.033331,0.9972,-0.268202,1.852970,1.027510,0.9980,-0.206258,1.887494,1.039459,0.9936,-0.282047,1.896101,1.056895,0.9978,-0.103040,2.002084,1.006675,0.9998,-0.360912,2.043851,1.008399,0.9998,-0.063882,2.073986,0.765514,0.9682,-0.377183,2.061451,0.759972,0.9796,-0.091680,2.077874,0.528758,0.9699,-0.368186,2.057982,0.506742,0.9842,-0.114376,2.385044,0.852885,0.9993,-0.288432,2.405826,0.855505,0.9993,-0.161340,2.306550,0.530663,0.6624,-0.315286,2.282034,0.523000,0.7378,-0.174881,2.272730,0.149134,0.7500,-0.296888,2.287568,0.088055,0.7346
603,30.1500,0,-0.245318,1.861631,1.072392,0.9997,-0.224678,1.859972,1.107586,0.9991,-0.265099,1.859470,1.102963,0.9991,-0.200431,1.901437,1.122043,0.9976,-0.280549,1.908035,1.130578,0.9980,-0.090778,2.021870,1.062591,1.0000,-0.369372,2.058499,1.055637,0.9999,-0.056441,2.076590,0.805558,0.9934,-0.388705,2.075552,0.796297,0.9854,-0.082861,2.074453,0.559244,0.9898,-0.377094,2.059757,0.543918,0.9871,-0.112657,2.388755,0.852613,0.9994,-0.294857,2.405812,0.856493,0.9995,-0.153911,2.296747,0.512029,0.8867,-0.317665,2.286145,0.509427,0.7229,-0.173737,2.267635,0.134766,0.8965,-0.300790,2.287953,0.086135,0.7983
604,30.2000,0,-0.242260,1.873064,1.141860,0.9999,-0.220532,1.875829,1.176738,0.9999,-0.262809,1.872502,1.171912,0.9998,-0.194286,1.917801,1.193552,0.9999,-0.280917,1.923441,1.196456,0.9998,-0.081739,2.033920,1.104649,1.0000,-0.370779,2.063363,1.094935,0.9997,-0.050107,2.084189,0.845297,0.9937,-0.396651,2.088683,0.835588,0.9723,-0.073676,2.067627,0.597074,0.9963,-0.383405,2.059410,0.581035,0.9806,-0.112493,2.388035,0.882378,0.9998,-0.294278,2.400049,0.886678,0.9994,-0.151298,2.293428,0.527811,0.8070,-0.317665,2.286145,0.509427,0.0000,-0.185986,2.279628,0.139151,0.9126,-0.300790,2.287953,0.086135,0.0000
605,30.2500,0,-0.242328,1.890213,1.204729,0.9998,-0.220113,1.893936,1.240502,0.9991,-0.262821,1.892035,1.235081,0.9995,-0.192544,1.936800,1.257312,0.9975,-0.282146,1.946223,1.256562,0.9994,-0.075247,2.050214,1.149900,0.9999,-0.375413,2.076736,1.134384,0.9999,-0.046031,2.089231,0.884128,0.9811,-0.402713,2.097609,0.871501,0.9850,-0.066646,2.064371,0.633380,0.9783,-0.390392,2.063923,0.617265,0.9728,-0.112036,2.378906,0.884674,0.9993,-0.297612,2.390893,0.883842,0.9993,-0.144529,2.287920,0.519189,0.7596,-0.317096,2.289536,0.494749,0.8211,-0.181856,2.270321,0.129554,0.8146,-0.300886,2.285404,0.086840,0.8237
606,30.3000,0,-0.239790,1.909017,1.257376,1.0000,-0.217693,1.914836,1.296060,0.9999,-0.262081,1.912814,1.290168,0.9999,-0.189742,1.957910,1.311586,0.9996,-0.284474,1.967631,1.306611,0.9999,-0.068881,2.067945,1.184772,1.0000,-0.379229,2.092525,1.168569,0.9999,-0.041365,2.094051,0.912638,0.9933,-0.406744,2.105786,0.901325,0.9679,-0.059374,2.060518,0.663435,0.9833,-0.394466,2.070509,0.650923,0.9507,-0.114577,2.369576,0.880636,0.9997,-0.302551,2.379834,0.877980,0.9995,-0.143374,2.286299,0.504890,0.9049,-0.318024,2.290019,0.487857,0.9130,-0.173493,2.267918,0.121236,0.9289,-0.303456,2.278625,0.091957,0.9256
607,30.3500,0,-0.237094,1.925295,1.305607,1.0000,-0.214511,1.932570,1.345574,0.9999,-0.261788,1.931422,1.339061,0.9999,-0.187131,1.976163,1.358570,0.9998,-0.285993,1.985352,1.349535,0.9999,-0.064017,2.086348,1.213995,1.0000,-0.384843,2.108018,1.196473,0.9999,-0.038090,2.099856,0.938659,0.9925,-0.410636,2.112674,0.929842,0.9614,-0.052817,2.059738,0.691910,0.9598,-0.399723,2.073589,0.683088,0.9411,-0.115538,2.358934,0.881120,0.9996,-0.305962,2.369474,0.875241,0.9994,-0.142535,2.285271,0.496447,0.9325,-0.316028,2.296717,0.477516,0.9245,-0.166709,2.270409,0.116787,0.9330,-0.303556,2.279735,0.093109,0.9510
608,30.4000,0,-0.235623,1.944113,1.348193,1.0000,-0.211948,1.952346,1.388851,0.9998,-0.262274,1.951285,1.382570,0.9998,-0.183217,1.994790,1.398922,0.9998,-0.286811,2.003944,1.390468,0.9996,-0.059857,2.108554,1.236194,0.9999,-0.386503,2.118623,1.222566,0.9996,-0.035377,2.107810,0.961211,0.9786,-0.415012,2.121103,0.954336,0.9159,-0.047937,2.064225,0.719911,0.8954,-0.400060,2.071222,0.711230,0.9344,-0.121236,2.356369,0.884092,0.9992,-0.310285,2.361786,0.881611,0.9980,-0.141206,2.279230,0.510431,0.8685,-0.316028,2.296717,0.477516,0.0000,-0.166709,2.270409,0.116787,0.0000,-0.303556,2.279735,0.093109,0.0000
609,30.4500,0,-0.237443,1.961383,1.382763,0.9999,-0.212873,1.969646,1.423599,0.9998,-0.265635,1.969493,1.417492,0.9998,-0.182763,2.012499,1.431627,0.9997,-0.289439,2.022860,1.424224,0.9994,-0.057929,2.129729,1.255920,0.9999,-0.389455,2.130900,1.245137,0.9992,-0.033997,2.115237,0.980658,0.9876,-0.418737,2.129560,0.973563,0.8968,-0.043892,2.068121,0.743545,0.9419,-0.400457,2.069142,0.736614,0.9241,-0.124916,2.350463,0.886246,0.9988,-0.313747,2.354009,0.886050,0.9991,-0.141206,2.279230,0.510431,0.0000,-0.316028,2.296717,0.477516,0.0000,-0.166709,2.270409,0.116787,0.0000,-0.303556,2.279735,0.093109,0.0000
610,30.5000,0,-0.239529,1.980747,1.412210,0.9999,-0.213960,1.991467,1.453697,0.9998,-0.269013,1.990628,1.446885,0.9998,-0.182721,2.035637,1.459639,0.9995,-0.292051,2.043482,1.451223,0.9992,-0.057046,2.145845,1.272372,0.9998,-0.393052,2.143601,1.263385,0.9999,-0.033826,2.121165,0.997000,0.9830,-0.420748,2.131757,0.990331,0.8977,-0.041622,2.069433,0.763785,0.9508,-0.402704,2.069822,0.755719,0.9059,-0.127761,2.339292,0.882756,0.9986,-0.317143,2.343587,0.882865,0.9989,-0.143775,2.277908,0.505397,0.7797,-0.313107,2.296300,0.478583,0.6497,-0.160525,2.271436,0.115969,0.7113,-0.304031,2.283885,0.098922,0.6894
611,30.5500,0,-0.243375,1.995464,1.437225,1.0000,-0.217156,2.006929,1.479044,0.9999,-0.272548,2.008754,1.473054,0.9999,-0.184516,2.053602,1.482778,0.9998,-0.294365,2.062892,1.473194,0.9997,-0.055391,2.157258,1.283928,0.9998,-0.396445,2.156017,1.277916,0.9999,-0.034524,2.125355,1.010073,0.9838,-0.422564,2.134185,1.005900,0.9279,-0.040383,2.071466,0.780349,0.9450,-0.405590,2.073697,0.773053,0.9208,-0.128482,2.325056,0.880810,0.9989,-0.319422,2.330217,0.879811,0.9993,-0.144133,2.277097,0.497671,0.9447,-0.311325,2.298800,0.474250,0.9090,-0.156908,2.272197,0.111764,0.9569,-0.303544,2.287811,0.094409,0.9476
612,30.6000,0,-0.246610,2.012389,1.457133,0.9999,-0.220336,2.024259,1.497845,0.9999,-0.275336,2.027762,1.492365,0.9999,-0.186934,2.073260,1.500614,0.9998,-0.295753,2.081639,1.489852,0.9996,-0.055324,2.168577,1.296213,0.9998,-0.398644,2.168546,1.290259,0.9999,-0.035339,2.130902,1.023760,0.9817,-0.425112,2.136892,1.020034,0.9123,-0.039780,2.072604,0.794022,0.9625,-0.409000,2.075660,0.789094,0.9180,-0.129760,2.311437,0.877782,0.9979,-0.321184,2.317258,0.875623,0.9989,-0.145757,2.275409,0.490631,0.9587,-0.311423,2.297904,0.471209,0.9169,-0.154034,2.269809,0.110532,0.9672,-0.303771,2.284728,0.093484,0.9530
613,30.6500,0,-0.249738,2.030628,1.472687,0.9999,-0.222394,2.044632,1.512511,0.9998,-0.277490,2.049447,1.508491,0.9998,-0.188220,2.094071,1.513134,0.9997,-0.296067,2.101154,1.503356,0.9995,-0.055344,2.180331,1.303282,0.9998,-0.400743,2.181000,1.299939,0.9999,-0.036050,2.137733,1.034742,0.9847,-0.428970,2.142315,1.030862,0.9170,-0.039783,2.073847,0.806953,0.9347,-0.412371,2.078831,0.800440,0.9083,-0.129908,2.301103,0.875959,0.9987,-0.321763,2.306921,0.871734,0.9991,-0.143090,2.273583,0.487677,0.9632,-0.310919,2.296921,0.470045,0.9364,-0.151202,2.271100,0.109150,0.9714,-0.303575,2.284689,0.093367,0.9648
614,30.7000,0,-0.251039,2.052057,1.486346,0.9999,-0.222531,2.067031,1.525335,0.9998,-0.279192,2.071226,1.520602,0.9998,-0.187900,2.113516,1.522736,0.9997,-0.296948,2.117265,1.512504,0.9993,-0.054841,2.190361,1.309767,0.9998,-0.401224,2.189811,1.308022,0.9998,-0.036353,2.142871,1.043388,0.9830,-0.431667,2.145610,1.039915,0.9198,-0.039620,2.075194,0.816430,0.9583,-0.416361,2.079444,0.810019,0.9172,-0.131058,2.288876,0.874353,0.9983,-0.322293,2.296539,0.870090,0.9989,-0.143695,2.272320,0.485151,0.9657,-0.311702,2.296496,0.470453,0.9201,-0.148820,2.272478,0.108952,0.9730,-0.302927,2.284867,0.094393,0.9577
615,30.7500,0,-0.252538,2.068274,1.494613,0.9999,-0.223257,2.084495,1.533103,0.9998,-0.281066,2.087873,1.528650,0.9998,-0.187769,2.130667,1.529729,0.9996,-0.297176,2.132388,1.520015,0.9993,-0.054958,2.200369,1.313802,0.9998,-0.401252,2.198001,1.312992,0.9998,-0.037109,2.148962,1.047518,0.9862,-0.435381,2.150671,1.044797,0.9044,-0.038991,2.076881,0.823604,0.9628,-0.421640,2.080246,0.816962,0.9204,-0.133220,2.278147,0.871495,0.9981,-0.323970,2.287472,0.867330,0.9989,-0.144952,2.268870,0.484244,0.9658,-0.312611,2.293676,0.472000,0.9270,-0.148742,2.271109,0.108642,0.9767,-0.304073,2.283819,0.094630,0.9643
616,30.8000,0,-0.251726,2.079481,1.502517,0.9999,-0.222386,2.097438,1.540203,0.9998,-0.280901,2.100285,1.535756,0.9998,-0.187395,2.144338,1.535617,0.9997,-0.297841,2.144839,1.525697,0.9996,-0.055120,2.208484,1.316426,0.9998,-0.401735,2.204534,1.317085,0.9999,-0.037781,2.154118,1.051687,0.9852,-0.438148,2.156192,1.048842,0.9189,-0.038708,2.075789,0.828817,0.9296,-0.426894,2.082468,0.821172,0.9163,-0.133532,2.267373,0.869351,0.9991,-0.324690,2.274965,0.864814,0.9992,-0.146365,2.264401,0.484131,0.9544,-0.311653,2.290787,0.472551,0.8903,-0.148462,2.270943,0.110024,0.9676,-0.303782,2.279087,0.097688,0.9381
617,30.8500,0,-0.252083,2.089604,1.507148,0.9999,-0.222676,2.108066,1.544360,0.9999,-0.280619,2.112390,1.539772,0.9999,-0.187500,2.155769,1.538956,0.9998,-0.297595,2.156849,1.529325,0.9996,-0.055362,2.215376,1.318480,0.9999,-0.401870,2.209495,1.319882,0.9999,-0.037964,2.159693,1.056032,0.9757,-0.438632,2.162096,1.051866,0.9164,-0.038557,2.077354,0.833044,0.9699,-0.431580,2.086575,0.826882,0.9329,-0.134379,2.258093,0.867958,0.9988,-0.324956,2.263690,0.863482,0.9992,-0.145876,2.263631,0.481516,0.9328,-0.311737,2.286207,0.472131,0.9311,-0.147480,2.274999,0.107637,0.9621,-0.303500,2.278346,0.098785,0.9618
618,30.9000,0,-0.252053,2.096262,1.510529,0.9999,-0.222960,2.115865,1.547216,0.9998,-0.280406,2.121054,1.542930,0.9998,-0.188004,2.164451,1.541490,0.9998,-0.298090,2.166829,1.532393,0.9995,-0.056172,2.219419,1.319788,0.9999,-0.402202,2.212286,1.322134,0.9999,-0.037468,2.162327,1.058836,0.9732,-0.440060,2.165447,1.054076,0.9104,-0.038677,2.078367,0.836245,0.9516,-0.435698,2.089099,0.829499,0.9173,-0.134225,2.247890,0.868603,0.9991,-0.324037,2.253697,0.863252,0.9993,-0.146405,2.259479,0.481552,0.9468,-0.311928,2.283760,0.473307,0.9035,-0.147870,2.276045,0.106964,0.9716,-0.303007,2.280262,0.098392,0.9515
619,30.9500,0,-0.252872,2.101560,1.512968,0.9999,-0.223722,2.121238,1.549091,0.9999,-0.280735,2.127523,1.545258,0.9999,-0.188833,2.169750,1.542880,0.9998,-0.297904,2.174041,1.534392,0.9996,-0.056822,2.221515,1.320482,0.9999,-0.402752,2.214837,1.323324,0.9999,-0.037880,2.163158,1.059969,0.9755,-0.440558,2.168271,1.055340,0.9163,-0.039231,2.078516,0.836535,0.9527,-0.439008,2.091165,0.831380,0.9269,-0.133297,2.237232,0.868957,0.9991,-0.323123,2.243840,0.862782,0.9994,-0.145443,2.256630,0.481447,0.9389,-0.311220,2.279551,0.473347,0.9359,-0.146752,2.275203,0.107663,0.9633,-0.302003,2.279699,0.099694,0.9645
620,31.0000,0,-0.253980,2.106431,1.515918,0.9999,-0.224596,2.126228,1.551870,0.9998,-0.281975,2.131933,1.547740,0.9998,-0.189242,2.173396,1.544568,0.9997,-0.298606,2.176844,1.535944,0.9994,-0.057223,2.220681,1.321552,0.9999,-0.403702,2.217035,1.323657,0.9999,-0.037726,2.163717,1.060894,0.9826,-0.441543,2.170210,1.056384,0.8951,-0.039498,2.080690,0.837455,0.9582,-0.442520,2.092521,0.832827,0.9093,-0.132900,2.226878,0.869414,0.9988,-0.322094,2.236717,0.862371,0.9991,-0.145205,2.254365,0.480309,0.9648,-0.312070,2.277433,0.472129,0.9039,-0.145468,2.277129,0.106714,0.9732,-0.301130,2.279137,0.100567,0.9501
621,31.0500,0,-0.254823,2.107330,1.516396,0.9999,-0.225353,2.126697,1.552964,0.9998,-0.283032,2.132156,1.548676,0.9998,-0.190103,2.174625,1.545678,0.9998,-0.299441,2.177097,1.536715,0.9994,-0.058176,2.220212,1.323607,0.9999,-0.404678,2.218347,1.323480,0.9999,-0.037758,2.163042,1.061284,0.9754,-0.442113,2.169077,1.057594,0.9030,-0.040030,2.082241,0.838020,0.9631,-0.445076,2.091525,0.833895,0.9177,-0.132899,2.220861,0.867429,0.9984,-0.321053,2.231138,0.861113,0.9990,-0.144041,2.253312,0.476906,0.9606,-0.312337,2.276991,0.470425,0.9290,-0.144491,2.276380,0.107350,0.9698,-0.300450,2.277634,0.100763,0.9618
622,31.1000,0,-0.255559,2.102921,1.516183,1.0000,-0.226725,2.122930,1.552833,0.9999,-0.283890,2.127863,1.548372,0.9999,-0.191689,2.171903,1.546407,0.9998,-0.301028,2.174315,1.536790,0.9996,-0.058707,2.217267,1.324775,0.9999,-0.405511,2.214991,1.323672,0.9999,-0.037768,2.161775,1.062105,0.9757,-0.443148,2.167707,1.057731,0.9061,-0.039381,2.082688,0.838033,0.9612,-0.446829,2.089787,0.834517,0.9171,-0.131291,2.217790,0.867759,0.9990,-0.319802,2.228172,0.860531,0.9992,-0.144727,2.251055,0.478218,0.9462,-0.311519,2.277628,0.469684,0.8861,-0.144795,2.276325,0.107989,0.9679,-0.299197,2.278819,0.100394,0.9399
623,31.1500,0,-0.257422,2.096565,1.513700,0.9999,-0.228315,2.116262,1.550160,0.9997,-0.284694,2.122514,1.546616,0.9997,-0.192919,2.165799,1.544514,0.9995,-0.301266,2.170267,1.536209,0.9990,-0.058770,2.214078,1.324700,0.9998,-0.405581,2.210258,1.324302,0.9998,-0.038595,2.160115,1.062471,0.9767,-0.443106,2.164300,1.057790,0.9147,-0.039694,2.080472,0.838107,0.9487,-0.446648,2.090936,0.833026,0.9176,-0.129546,2.218262,0.867789,0.9982,-0.318887,2.228044,0.860612,0.9989,-0.143713,2.254322,0.477305,0.9500,-0.311072,2.279190,0.469612,0.9294,-0.144377,2.277238,0.107231,0.9697,-0.300611,2.278208,0.101623,0.9592
624,31.2000,0,-0.259485,2.087214,1.510323,0.9998,-0.230319,2.105473,1.547794,0.9995,-0.286973,2.112363,1.544094,0.9995,-0.194114,2.155672,1.542943,0.9992,-0.301997,2.162500,1.534844,0.9984,-0.059147,2.208182,1.324397,0.9996,-0.405341,2.205796,1.324237,0.9998,-0.039437,2.155719,1.060561,0.9755,-0.443632,2.159010,1.056977,0.8678,-0.039173,2.077960,0.837572,0.9372,-0.446583,2.087352,0.831548,0.8930,-0.127990,2.221035,0.867427,0.9979,-0.317448,2.230918,0.861441,0.9987,-0.144945,2.254263,0.478905,0.9397,-0.311537,2.278509,0.472362,0.8949,-0.146888,2.276503,0.108297,0.9658,-0.302454,2.276123,0.103423,0.9528
625,31.2500,0,-0.260436,2.077135,1.505472,0.9999,-0.231423,2.093544,1.543938,0.9997,-0.288797,2.098906,1.539764,0.9997,-0.195510,2.142425,1.540417,0.9994,-0.303586,2.149026,1.532189,0.9990,-0.059399,2.200086,1.323346,0.9996,-0.405984,2.196430,1.323678,0.9998,-0.040573,2.149814,1.056631,0.9790,-0.443636,2.151724,1.055300,0.8928,-0.039661,2.073869,0.834952,0.9382,-0.445051,2.083851,0.829121,0.9024,-0.126580,2.226126,0.868122,0.9981,-0.316545,2.234944,0.862247,0.9989,-0.145062,2.255825,0.479042,0.9559,-0.312013,2.279565,0.473175,0.9159,-0.147150,2.276672,0.110029,0.9651,-0.303689,2.275136,0.103994,0.9584
626,31.3000,0,-0.261379,2.064110,1.496106,0.9999,-0.232350,2.079325,1.535522,0.9998,-0.290560,2.082957,1.530581,0.9998,-0.197041,2.126852,1.534194,0.9997,-0.305607,2.132845,1.525423,0.9994,-0.059541,2.190674,1.320274,0.9999,-0.408251,2.188232,1.321382,0.9999,-0.041402,2.142365,1.052296,0.9834,-0.444412,2.143182,1.052761,0.9333,-0.040708,2.070029,0.831321,0.9828,-0.444087,2.078219,0.825475,0.9464,-0.123467,2.233525,0.866447,0.9986,-0.314212,2.241093,0.861677,0.9992,-0.144484,2.256246,0.477785,0.9660,-0.310058,2.282246,0.473299,0.9408,-0.147679,2.274451,0.110497,0.9721,-0.305439,2.272807,0.103003,0.9668
627,31.3500,0,-0.263422,2.046006,1.482903,0.9999,-0.234819,2.059354,1.522386,0.9997,-0.293035,2.061801,1.517089,0.9997,-0.199657,2.106045,1.523253,0.9995,-0.308930,2.110649,1.513899,0.9991,-0.061743,2.179112,1.315908,0.9997,-0.409567,2.179627,1.315779,0.9999,-0.042132,2.135709,1.048213,0.9863,-0.443076,2.137440,1.049035,0.8907,-0.042035,2.065844,0.824755,0.9454,-0.441090,2.075282,0.820686,0.8950,-0.121919,2.239159,0.867931,0.9980,-0.312693,2.248649,0.862324,0.9987,-0.144923,2.252058,0.479596,0.9663,-0.309674,2.282164,0.474004,0.8747,-0.146953,2.271262,0.108915,0.9678,-0.306075,2.271325,0.102164,0.9311
628,31.4000,0,-0.266016,2.025862,1.462276,0.9999,-0.237895,2.035951,1.501584,0.9997,-0.295928,2.039603,1.496690,0.9997,-0.203069,2.082049,1.506001,0.9995,-0.312719,2.086955,1.497009,0.9987,-0.064775,2.165902,1.310809,0.9999,-0.411525,2.169173,1.307835,0.9999,-0.042663,2.126903,1.042054,0.9850,-0.441824,2.128776,1.042067,0.9046,-0.044603,2.064518,0.816875,0.9603,-0.436314,2.069479,0.812729,0.8970,-0.121086,2.252300,0.871012,0.9985,-0.312334,2.262011,0.865787,0.9988,-0.147635,2.252414,0.481791,0.9666,-0.308362,2.284062,0.476361,0.8734,-0.146746,2.267046,0.112769,0.9702,-0.305868,2.273208,0.102333,0.9373
629,31.4500,0,-0.266314,1.999639,1.435616,0.9999,-0.239593,2.007697,1.473518,0.9997,-0.295966,2.010535,1.468610,0.9996,-0.205293,2.053990,1.481350,0.9994,-0.315158,2.058734,1.473330,0.9987,-0.068241,2.151100,1.302443,0.9999,-0.411553,2.154244,1.295235,0.9997,-0.042480,2.116423,1.033301,0.9883,-0.439908,2.122439,1.030376,0.9137,-0.043800,2.060148,0.805194,0.9418,-0.431532,2.063754,0.801570,0.9074,-0.123920,2.272269,0.879059,0.9987,-0.313555,2.279019,0.877580,0.9983,-0.147635,2.252414,0.481791,0.0000,-0.308362,2.284062,0.476361,0.0000,-0.146746,2.267046,0.112769,0.0000,-0.305868,2.273208,0.102333,0.0000
630,31.5000,0,-0.269222,1.971102,1.404878,0.9999,-0.243537,1.976470,1.442550,0.9997,-0.297839,1.982348,1.439558,0.9997,-0.209168,2.023664,1.454059,0.9995,-0.315891,2.032356,1.448307,0.9992,-0.071999,2.132197,1.288436,0.9999,-0.413563,2.140689,1.281946,1.0000,-0.042476,2.106337,1.021802,0.9914,-0.437476,2.111049,1.018035,0.9823,-0.045831,2.052621,0.789284,0.9807,-0.428538,2.056095,0.787327,0.9801,-0.119515,2.288882,0.879927,0.9995,-0.310542,2.294900,0.879505,0.9992,-0.146832,2.255909,0.483062,0.9071,-0.308598,2.279514,0.481120,0.8797,-0.152708,2.259733,0.112810,0.9183,-0.303389,2.275821,0.101586,0.9183
631,31.5500,0,-0.271785,1.946143,1.366465,0.9996,-0.247595,1.948965,1.403564,0.9991,-0.298444,1.957188,1.401682,0.9987,-0.213065,1.995248,1.418711,0.9989,-0.318038,2.010140,1.415422,0.9965,-0.074388,2.107537,1.269760,0.9999,-0.413705,2.123190,1.265310,0.9999,-0.045158,2.094161,1.003982,0.9900,-0.435022,2.102221,0.999713,0.9616,-0.047683,2.042734,0.766951,0.9782,-0.426574,2.052558,0.765814,0.9681,-0.117472,2.296773,0.883595,0.9996,-0.309740,2.304044,0.883512,0.9994,-0.145458,2.262277,0.483651,0.9377,-0.312414,2.276421,0.485268,0.8012,-0.151974,2.259458,0.110652,0.9504,-0.305911,2.274108,0.100659,0.8828
632,31.6000,0,-0.274127,1.920162,1.320232,0.9980,-0.249211,1.924364,1.357258,0.9968,-0.298440,1.931284,1.355801,0.9970,-0.216908,1.967388,1.375153,0.9981,-0.322175,1.981870,1.373685,0.9978,-0.087399,2.069376,1.248696,0.9996,-0.412361,2.105264,1.238287,0.9999,-0.048867,2.076056,0.985123,0.9907,-0.432253,2.098104,0.976069,0.9745,-0.052122,2.033256,0.740551,0.9806,-0.425903,2.045867,0.739494,0.9815,-0.117472,2.296773,0.883595,0.0000,-0.309740,2.304044,0.883512,0.0000,-0.145458,2.262277,0.483651,0.0000,-0.310847,2.290419,0.497709,0.9458,-0.153584,2.261316,0.116823,0.9404,-0.300301,2.294734,0.104901,0.9404
633,31.6500,0,-0.274127,1.920162,1.320232,0.0000,-0.249211,1.924364,1.357258,0.0000,-0.298440,1.931284,1.355801,0.0000,-0.216908,1.967388,1.375153,0.0000,-0.322175,1.981870,1.373685,0.0000,-0.087399,2.069376,1.248696,0.0000,-0.412361,2.105264,1.238287,0.0000,-0.048867,2.076056,0.985123,0.0000,-0.432253,2.098104,0.976069,0.0000,-0.052122,2.033256,0.740551,0.0000,-0.425903,2.045867,0.739494,0.0000,-0.117472,2.296773,0.883595,0.0000,-0.309740,2.304044,0.883512,0.0000,-0.145458,2.262277,0.483651,0.0000,-0.310847,2.290419,0.497709,0.0000,-0.153584,2.261316,0.116823,0.0000,-0.300301,2.294734,0.104901,0.0000
634,31.7000,0,-0.274848,1.885868,1.253113,0.9941,-0.250525,1.889696,1.285684,0.9870,-0.297052,1.895032,1.285562,0.9869,-0.221090,1.931690,1.304716,0.9911,-0.319691,1.946066,1.305865,0.9916,-0.095877,2.040706,1.204505,0.9995,-0.411051,2.087060,1.195885,1.0000,-0.056584,2.054923,0.948364,0.9830,-0.426920,2.086597,0.939266,0.9616,-0.062029,2.018705,0.699931,0.9468,-0.418090,2.033834,0.700983,0.9664,-0.117472,2.296773,0.883595,0.0000,-0.315084,2.322178,0.888296,0.9994,-0.145458,2.262277,0.483651,0.0000,-0.315497,2.294595,0.498185,0.8935,-0.153584,2.261316,0.116823,0.0000,-0.303106,2.293298,0.109513,0.8080
635,31.7500,0,-0.278391,1.853967,1.185923,0.9913,-0.254526,1.857109,1.215919,0.9836,-0.297041,1.860593,1.217250,0.9853,-0.224635,1.895411,1.235706,0.9860,-0.317239,1.908931,1.238940,0.9835,-0.104417,2.011709,1.158027,0.9989,-0.403374,2.052820,1.148844,0.9937,-0.066533,2.038159,0.903883,0.9620,-0.419141,2.072426,0.899753,0.7868,-0.072941,1.999965,0.660331,0.9570,-0.410329,2.024604,0.660009,0.9022,-0.119834,2.297657,0.915910,0.9997,-0.315084,2.322178,0.888296,0.0000,-0.143222,2.259037,0.525524,0.7523,-0.315497,2.294595,0.498185,0.0000,-0.171551,2.286746,0.151208,0.9640,-0.303106,2.293298,0.109513,0.0000
636,31.8000,0,-0.273165,1.843266,1.120854,0.9996,-0.249302,1.843473,1.146883,0.9987,-0.290861,1.845191,1.147932,0.9992,-0.221818,1.880295,1.165995,0.9977,-0.312512,1.892456,1.170707,0.9993,-0.115847,1.983689,1.106577,0.9998,-0.398317,2.055479,1.114956,0.9993,-0.079254,2.020603,0.881819,0.9842,-0.419141,2.072426,0.899753,0.0000,-0.072941,1.999965,0.660331,0.0000,-0.410329,2.024604,0.660009,0.0000,-0.119834,2.297657,0.915910,0.0000,-0.315084,2.322178,0.888296,0.0000,-0.143222,2.259037,0.525524,0.0000,-0.315497,2.294595,0.498185,0.0000,-0.171551,2.286746,0.151208,0.0000,-0.303106,2.293298,0.109513,0.0000
637,31.8500,0,-0.278133,1.833571,1.055916,0.9846,-0.254222,1.829713,1.081767,0.9820,-0.295307,1.832386,1.084143,0.9747,-0.228346,1.861429,1.106897,0.9814,-0.315326,1.877005,1.112755,0.9691,-0.121143,1.969394,1.062128,0.9992,-0.404803,2.046019,1.076251,0.9996,-0.090639,2.001815,0.816603,0.9676,-0.419129,2.064173,0.838864,0.8923,-0.092636,1.974645,0.581898,0.9502,-0.406879,2.022282,0.601525,0.9373,-0.119247,2.318507,0.896255,0.9990,-0.311673,2.346277,0.875838,0.9994,-0.147698,2.253560,0.515548,0.5015,-0.316115,2.294672,0.497455,0.7632,-0.177608,2.263592,0.137807,0.5820,-0.298126,2.295155,0.102456,0.8509
638,31.9000,0,-0.282338,1.818771,0.987082,0.9901,-0.258546,1.812680,1.012212,0.9881,-0.298822,1.815047,1.014308,0.9821,-0.232002,1.845309,1.044402,0.9880,-0.317302,1.859051,1.048524,0.9767,-0.123338,1.959218,1.018671,0.9990,-0.406838,2.034707,1.029467,0.9999,-0.091485,2.004902,0.769772,0.9608,-0.418561,2.057593,0.783161,0.8448,-0.100471,1.970658,0.524608,0.9520,-0.392719,2.005163,0.550630,0.8771,-0.120211,2.343944,0.878374,0.9986,-0.313138,2.367669,0.860866,0.9988,-0.147957,2.257615,0.505204,0.6435,-0.320335,2.292766,0.494453,0.6403,-0.175334,2.260582,0.127845,0.6660,-0.300883,2.295620,0.100666,0.6737
639,31.9500,0,-0.274115,1.810465,0.929554,0.9981,-0.256459,1.807684,0.953093,0.9972,-0.293038,1.807995,0.947453,0.9946,-0.234136,1.838773,0.988126,0.9936,-0.311450,1.845622,0.978129,0.9945,-0.123338,1.959218,1.018671,0.0000,-0.385174,1.994635,0.969797,0.9998,-0.091485,2.004902,0.769772,0.0000,-0.390710,2.018805,0.749633,0.8818,-0.100471,1.970658,0.524608,0.0000,-0.392719,2.005163,0.550630,0.0000,-0.119233,2.352159,0.879753,0.9980,-0.301591,2.352857,0.857911,0.9990,-0.147957,2.257615,0.505204,0.0000,-0.320335,2.292766,0.494453,0.0000,-0.175334,2.260582,0.127845,0.0000,-0.300883,2.295620,0.100666,0.0000
640,32.0000,0,-0.269013,1.815673,0.878856,0.9865,-0.252757,1.807458,0.900847,0.9831,-0.287191,1.808594,0.895077,0.9689,-0.235799,1.836713,0.936245,0.9838,-0.309335,1.844832,0.922530,0.9615,-0.129442,1.956186,0.971435,0.9998,-0.376633,1.974385,0.925525,0.9981,-0.094382,1.988621,0.724066,0.7509,-0.363635,1.984043,0.698438,0.8161,-0.100471,1.970658,0.524608,0.0000,-0.358370,1.968024,0.500359,0.8350,-0.116643,2.369670,0.876699,0.9996,-0.301591,2.352857,0.857911,0.0000,-0.147957,2.257615,0.505204,0.0000,-0.320335,2.292766,0.494453,0.0000,-0.175334,2.260582,0.127845,0.0000,-0.300883,2.295620,0.100666,0.0000
641,32.0500,0,-0.263825,1.835846,0.819761,0.9998,-0.249755,1.822945,0.847581,0.9999,-0.285490,1.833175,0.836849,0.9996,-0.237310,1.842058,0.885497,0.9999,-0.313321,1.867368,0.861645,0.9999,-0.139102,1.941251,0.903383,0.9999,-0.381974,1.986175,0.859138,0.9996,-0.104240,1.972432,0.678879,0.6648,-0.375456,1.998091,0.631806,0.8792,-0.112541,1.974604,0.451598,0.9152,-0.367882,1.992811,0.411143,0.9576,-0.116643,2.369670,0.876699,0.0000,-0.301591,2.352857,0.857911,0.0000,-0.147957,2.257615,0.505204,0.0000,-0.328072,2.284703,0.495039,0.4051,-0.175334,2.260582,0.127845,0.0000,-0.300883,2.295620,0.100666,0.0000
642,32.1000,0,-0.262507,1.844077,0.762784,0.9997,-0.249673,1.827945,0.784886,0.9996,-0.285970,1.838333,0.779464,0.9995,-0.238567,1.842844,0.826506,0.9993,-0.314257,1.870773,0.804409,0.9991,-0.144845,1.934718,0.846792,0.9999,-0.385772,1.987073,0.818910,0.9995,-0.108845,1.973155,0.631564,0.7144,-0.379547,2.008347,0.580246,0.9431,-0.118001,1.985510,0.389019,0.8904,-0.367272,2.009594,0.355427,0.9504,-0.121652,2.392431,0.858708,0.9997,-0.292455,2.388176,0.842158,0.9990,-0.147957,2.257615,0.505204,0.0000,-0.317231,2.295053,0.504560,0.5777,-0.175334,2.260582,0.127845,0.0000,-0.278537,2.299722,0.164502,0.3039
643,32.1500,0,-0.257945,1.843964,0.723778,0.9976,-0.245577,1.829276,0.744556,0.9977,-0.281585,1.839635,0.732922,0.9965,-0.233437,1.838141,0.790038,0.9958,-0.312501,1.867894,0.756202,0.9957,-0.150653,1.937711,0.828726,0.9982,-0.388206,1.970488,0.773405,0.9983,-0.108845,1.973155,0.631564,0.0000,-0.379187,2.005797,0.562886,0.8405,-0.118001,1.985510,0.389019,0.0000,-0.367272,2.009594,0.355427,0.0000,-0.123235,2.382056,0.852954,0.9976,-0.292455,2.388176,0.842158,0.0000,-0.147957,2.257615,0.505204,0.0000,-0.317231,2.295053,0.504560,0.0000,-0.175334,2.260582,0.127845,0.0000,-0.278537,2.299722,0.164502,0.0000
644,32.2000,0,-0.257945,1.843964,0.723778,0.0000,-0.245577,1.829276,0.744556,0.0000,-0.281585,1.839635,0.732922,0.0000,-0.233437,1.838141,0.790038,0.0000,-0.312501,1.867894,0.756202,0.0000,-0.150653,1.937711,0.828726,0.0000,-0.388206,1.970488,0.773405,0.0000,-0.108845,1.973155,0.631564,0.0000,-0.379187,2.005797,0.562886,0.0000,-0.118001,1.985510,0.389019,0.0000,-0.367272,2.009594,0.355427,0.0000,-0.123235,2.382056,0.852954,0.0000,-0.292455,2.388176,0.842158,0.0000,-0.147957,2.257615,0.505204,0.0000,-0.317231,2.295053,0.504560,0.0000,-0.175334,2.260582,0.127845,0.0000,-0.278537,2.299722,0.164502,0.0000
645,32.2500,0,-0.257945,1.843964,0.723778,0.0000,-0.245577,1.829276,0.744556,0.0000,-0.281585,1.839635,0.732922,0.0000,-0.233437,1.838141,0.790038,0.0000,-0.312501,1.867894,0.756202,0.0000,-0.150653,1.937711,0.828726,0.0000,-0.388206,1.970488,0.773405,0.0000,-0.108845,1.973155,0.631564,0.0000,-0.379187,2.005797,0.562886,0.0000,-0.118001,1.985510,0.389019,0.0000,-0.367272,2.009594,0.355427,0.0000,-0.123235,2.382056,0.852954,0.0000,-0.292455,2.388176,0.842158,0.0000,-0.147957,2.257615,0.505204,0.0000,-0.317231,2.295053,0.504560,0.0000,-0.175334,2.260582,0.127845,0.0000,-0.278537,2.299722,0.164502,0.0000
646,32.3000,0,-0.257945,1.843964,0.723778,0.0000,-0.245577,1.829276,0.744556,0.0000,-0.281585,1.839635,0.732922,0.0000,-0.233437,1.838141,0.790038,0.0000,-0.305687,1.867235,0.744790,0.9997,-0.150653,1.937711,0.828726,0.0000,-0.367688,1.952680,0.765188,0.9987,-0.108845,1.973155,0.631564,0.0000,-0.353653,1.967486,0.611010,0.7864,-0.118001,1.985510,0.389019,0.0000,-0.341370,1.952614,0.447720,0.9156,-0.131280,2.325343,0.833046,0.9989,-0.269990,2.325264,0.834291,0.9989,-0.147957,2.257615,0.505204,0.0000,-0.305605,2.202190,0.552618,0.3816,-0.175334,2.260582,0.127845,0.0000,-0.277479,2.196811,0.317996,0.3624
647,32.3500,0,-0.257945,1.843964,0.723778,0.0000,-0.245577,1.829276,0.744556,0.0000,-0.281585,1.839635,0.732922,0.0000,-0.233437,1.838141,0.790038,0.0000,-0.305687,1.867235,0.744790,0.0000,-0.150653,1.937711,0.828726,0.0000,-0.367688,1.952680,0.765188,0.0000,-0.108845,1.973155,0.631564,0.0000,-0.353653,1.967486,0.611010,0.0000,-0.118001,1.985510,0.389019,0.0000,-0.341370,1.952614,0.447720,0.0000,-0.131280,2.325343,0.833046,0.0000,-0.269990,2.325264,0.834291,0.0000,-0.147957,2.257615,0.505204,0.0000,-0.305605,2.202190,0.552618,0.0000,-0.175334,2.260582,0.127845,0.0000,-0.277479,2.196811,0.317996,0.0000
648,32.4000,0,-0.257945,1.843964,0.723778,0.0000,-0.245577,1.829276,0.744556,0.0000,-0.281585,1.839635,0.732922,0.0000,-0.233437,1.838141,0.790038,0.0000,-0.305687,1.867235,0.744790,0.0000,-0.150653,1.937711,0.828726,0.0000,-0.367688,1.952680,0.765188,0.0000,-0.108845,1.973155,0.631564,0.0000,-0.353653,1.967486,0.611010,0.0000,-0.118001,1.985510,0.389019,0.0000,-0.341370,1.952614,0.447720,0.0000,-0.131280,2.325343,0.833046,0.0000,-0.269990,2.325264,0.834291,0.0000,-0.147957,2.257615,0.505204,0.0000,-0.305605,2.202190,0.552618,0.0000,-0.175334,2.260582,0.127845,0.0000,-0.277479,2.196811,0.317996,0.0000
649,32.4500,0,-0.257945,1.843964,0.723778,0.0000,-0.245577,1.829276,0.744556,0.0000,-0.281585,1.839635,0.732922,0.0000,-0.233437,1.838141,0.790038,0.0000,-0.305687,1.867235,0.744790,0.0000,-0.150653,1.937711,0.828726,0.0000,-0.367688,1.952680,0.765188,0.0000,-0.108845,1.973155,0.631564,0.0000,-0.353653,1.967486,0.611010,0.0000,-0.118001,1.985510,0.389019,0.0000,-0.341370,1.952614,0.447720,0.0000,-0.131280,2.325343,0.833046,0.0000,-0.269990,2.325264,0.834291,0.0000,-0.147957,2.257615,0.505204,0.0000,-0.305605,2.202190,0.552618,0.0000,-0.175334,2.260582,0.127845,0.0000,-0.277479,2.196811,0.317996,0.0000
650,32.5000,0,-0.257945,1.843964,0.723778,0.0000,-0.245577,1.829276,0.744556,0.0000,-0.281585,1.839635,0.732922,0.0000,-0.233437,1.838141,0.790038,0.0000,-0.305687,1.867235,0.744790,0.0000,-0.150653,1.937711,0.828726,0.0000,-0.367688,1.952680,0.765188,0.0000,-0.108845,1.973155,0.631564,0.0000,-0.353653,1.967486,0.611010,0.0000,-0.118001,1.985510,0.389019,0.0000,-0.341370,1.952614,0.447720,0.0000,-0.131280,2.325343,0.833046,0.0000,-0.269990,2.325264,0.834291,0.0000,-0.147957,2.257615,0.505204,0.0000,-0.305605,2.202190,0.552618,0.0000,-0.175334,2.260582,0.127845,0.0000,-0.277479,2.196811,0.317996,0.0000
651,32.5500,0,-0.257945,1.843964,0.723778,0.0000,-0.245577,1.829276,0.744556,0.0000,-0.281585,1.839635,0.732922,0.0000,-0.233437,1.838141,0.790038,0.0000,-0.305687,1.867235,0.744790,0.0000,-0.150653,1.937711,0.828726,0.0000,-0.367688,1.952680,0.765188,0.0000,-0.108845,1.973155,0.631564,0.0000,-0.353653,1.967486,0.611010,0.0000,-0.118001,1.985510,0.389019,0.0000,-0.341370,1.952614,0.447720,0.0000,-0.131280,2.325343,0.833046,0.0000,-0.269990,2.325264,0.834291,0.0000,-0.147957,2.257615,0.505204,0.0000,-0.305605,2.202190,0.552618,0.0000,-0.175334,2.260582,0.127845,0.0000,-0.277479,2.196811,0.317996,0.0000
652,32.6000,0,-0.257945,1.843964,0.723778,0.0000,-0.245577,1.829276,0.744556,0.0000,-0.281585,1.839635,0.732922,0.0000,-0.233437,1.838141,0.790038,0.0000,-0.305687,1.867235,0.744790,0.0000,-0.150653,1.937711,0.828726,0.0000,-0.367688,1.952680,0.765188,0.0000,-0.108845,1.973155,0.631564,0.0000,-0.353653,1.967486,0.611010,0.0000,-0.118001,1.985510,0.389019,0.0000,-0.341370,1.952614,0.447720,0.0000,-0.131280,2.325343,0.833046,0.0000,-0.269990,2.325264,0.834291,0.0000,-0.147957,2.257615,0.505204,0.0000,-0.305605,2.202190,0.552618,0.0000,-0.175334,2.260582,0.127845,0.0000,-0.277479,2.196811,0.317996,0.0000
653,32.6500,0,-0.258310,1.851154,0.699121,0.9944,-0.248567,1.830754,0.720369,0.9968,-0.282531,1.845315,0.708919,0.9960,-0.239531,1.836688,0.765050,0.9977,-0.306816,1.871173,0.731027,0.9961,-0.161438,1.930099,0.807025,0.9997,-0.368896,1.973490,0.751817,0.9997,-0.108845,1.973155,0.631564,0.0000,-0.353653,1.967486,0.611010,0.0000,-0.118001,1.985510,0.389019,0.0000,-0.341370,1.952614,0.447720,0.0000,-0.153471,2.338230,0.819756,0.9992,-0.278995,2.356308,0.813929,0.9979,-0.147957,2.257615,0.505204,0.0000,-0.314027,2.226854,0.562792,0.5939,-0.175334,2.260582,0.127845,0.0000,-0.277479,2.196811,0.317996,0.0000
654,32.7000,0,-0.258310,1.851154,0.699121,0.0000,-0.248567,1.830754,0.720369,0.0000,-0.282531,1.845315,0.708919,0.0000,-0.239531,1.836688,0.765050,0.0000,-0.305831,1.883539,0.730498,0.9979,-0.161438,1.930099,0.807025,0.0000,-0.367211,1.986276,0.747433,0.9995,-0.108845,1.973155,0.631564,0.0000,-0.362443,1.993183,0.595482,0.9400,-0.118001,1.985510,0.389019,0.0000,-0.341370,1.952614,0.447720,0.0000,-0.169183,2.322079,0.808446,0.9999,-0.288126,2.348147,0.795731,0.9989,-0.147957,2.257615,0.505204,0.0000,-0.314027,2.226854,0.562792,0.0000,-0.175334,2.260582,0.127845,0.0000,-0.277479,2.196811,0.317996,0.0000
655,32.7500,0,-0.257974,1.847723,0.718496,0.9986,-0.247329,1.829175,0.739777,0.9973,-0.281301,1.842337,0.730826,0.9984,-0.237243,1.838518,0.784613,0.9934,-0.303447,1.875089,0.752033,0.9965,-0.158187,1.924714,0.825300,0.9999,-0.372378,1.988888,0.762620,0.9997,-0.115803,1.972657,0.638376,0.6974,-0.372141,2.002662,0.577657,0.9813,-0.127205,1.992745,0.388971,0.9117,-0.352404,1.980227,0.397800,0.9881,-0.181897,2.338549,0.809901,0.9996,-0.305479,2.356975,0.791710,0.9988,-0.147957,2.257615,0.505204,0.0000,-0.323670,2.217215,0.552767,0.6055,-0.175334,2.260582,0.127845,0.0000,-0.277479,2.196811,0.317996,0.0000
656,32.8000,0,-0.262829,1.842413,0.742082,0.9982,-0.247696,1.828305,0.763521,0.9966,-0.284480,1.836470,0.756949,0.9973,-0.236446,1.841241,0.805666,0.9913,-0.303490,1.867327,0.776205,0.9910,-0.150994,1.941185,0.838322,0.9997,-0.372414,1.986255,0.781146,0.9994,-0.110605,1.994171,0.634896,0.6918,-0.375229,2.000540,0.585400,0.9334,-0.123751,2.015899,0.386864,0.8598,-0.352404,1.980227,0.397800,0.0000,-0.175780,2.352789,0.825507,0.9995,-0.309933,2.361302,0.805627,0.9991,-0.147957,2.257615,0.505204,0.0000,-0.337642,2.211747,0.554284,0.5835,-0.175334,2.260582,0.127845,0.0000,-0.277479,2.196811,0.317996,0.0000
657,32.8500,0,-0.261867,1.836597,0.775504,0.9906,-0.246909,1.823724,0.796417,0.9919,-0.282119,1.827468,0.792053,0.9870,-0.235248,1.843508,0.836494,0.9902,-0.299525,1.857394,0.818447,0.9528,-0.150911,1.938117,0.862002,0.9999,-0.369119,1.975271,0.813751,0.9971,-0.116476,1.995270,0.651205,0.8226,-0.373181,1.992148,0.603054,0.8518,-0.124995,2.019138,0.405133,0.9437,-0.347155,1.972103,0.405469,0.8861,-0.183603,2.357938,0.830043,0.9999,-0.320362,2.361552,0.814801,0.9993,-0.160986,2.274271,0.526415,0.5788,-0.357113,2.224874,0.569741,0.7949,-0.175334,2.260582,0.127845,0.0000,-0.277479,2.196811,0.317996,0.0000
658,32.9000,0,-0.262642,1.825292,0.825726,0.9993,-0.245283,1.815432,0.849082,0.9981,-0.280556,1.815667,0.845800,0.9983,-0.235248,1.843508,0.836494,0.0000,-0.297604,1.850778,0.880149,0.9980,-0.138267,1.962174,0.892307,0.9999,-0.372859,1.980791,0.868040,0.9998,-0.109122,2.011957,0.665113,0.9894,-0.387104,2.009226,0.633848,0.9864,-0.114540,2.036454,0.421775,0.9868,-0.352029,1.980559,0.426214,0.9937,-0.173174,2.381683,0.821756,0.9999,-0.326821,2.378138,0.813427,0.9999,-0.157781,2.269753,0.522094,0.8777,-0.357113,2.224874,0.569741,0.0000,-0.175334,2.260582,0.127845,0.0000,-0.277479,2.196811,0.317996,0.0000
659,32.9500,0,-0.262093,1.820058,0.886106,0.9971,-0.242812,1.812841,0.913419,0.9933,-0.279671,1.808636,0.911283,0.9952,-0.228771,1.848452,0.912336,0.9875,-0.296261,1.846920,0.947983,0.9948,-0.126384,1.978429,0.936374,0.9998,-0.378663,1.990836,0.921614,0.9998,-0.101939,2.027312,0.685191,0.9452,-0.393147,2.015050,0.668969,0.9896,-0.106915,2.043622,0.443985,0.9476,-0.361841,1.996192,0.448853,0.9784,-0.165008,2.392223,0.818606,0.9996,-0.330363,2.384069,0.814138,0.9996,-0.160220,2.268523,0.509767,0.4059,-0.348441,2.235956,0.546726,0.8104,-0.180640,2.260646,0.115725,0.5142,-0.280167,2.231713,0.242877,0.7163
660,33.0000,0,-0.261253,1.814599,0.961592,0.9987,-0.238673,1.812066,0.993279,0.9968,-0.276683,1.808047,0.992414,0.9973,-0.219898,1.850708,0.999554,0.9934,-0.293900,1.848874,1.028055,0.9969,-0.116361,1.984924,0.981564,0.9997,-0.384934,2.001637,0.979222,0.9997,-0.090919,2.046253,0.719298,0.9721,-0.404139,2.026308,0.713746,0.9930,-0.098176,2.054084,0.473575,0.9727,-0.373838,2.009842,0.480671,0.9860,-0.154684,2.385713,0.830761,0.9993,-0.325096,2.387779,0.825899,0.9992,-0.160220,2.268523,0.509767,0.0000,-0.335104,2.264002,0.526297,0.8635,-0.180640,2.260646,0.115725,0.0000,-0.279999,2.252477,0.199222,0.8824
661,33.0500,0,-0.253026,1.818372,1.037484,0.9995,-0.229606,1.819312,1.072644,0.9985,-0.270325,1.813593,1.069323,0.9991,-0.208864,1.860853,1.085185,0.9963,-0.291837,1.858608,1.101132,0.9986,-0.103452,1.996821,1.035381,0.9999,-0.388288,2.012238,1.027227,0.9999,-0.079927,2.058054,0.770018,0.9811,-0.408842,2.034685,0.753431,0.9840,-0.090665,2.060760,0.518815,0.9704,-0.381615,2.017838,0.512130,0.9864,-0.147249,2.380256,0.839743,0.9992,-0.325634,2.383939,0.834826,0.9993,-0.152047,2.270552,0.503690,0.7932,-0.334469,2.269531,0.512174,0.7354,-0.174324,2.257055,0.108835,0.8032,-0.290364,2.257228,0.164861,0.7676
662,33.1000,0,-0.248695,1.825562,1.109346,0.9996,-0.224839,1.827982,1.146361,0.9984,-0.266710,1.822688,1.143621,0.9990,-0.201526,1.872220,1.161582,0.9950,-0.288132,1.871058,1.170960,0.9987,-0.091856,2.007124,1.083513,0.9999,-0.389887,2.018314,1.074585,0.9999,-0.068678,2.070990,0.815534,0.9889,-0.412324,2.039231,0.801908,0.9817,-0.082509,2.074696,0.559217,0.9800,-0.389499,2.023357,0.555368,0.9762,-0.140230,2.377023,0.842991,0.9993,-0.325332,2.379772,0.839614,0.9995,-0.148353,2.267642,0.497580,0.8143,-0.331233,2.270213,0.502912,0.8121,-0.161051,2.259780,0.104629,0.8539,-0.296594,2.260200,0.138781,0.8574
663,33.1500,0,-0.246289,1.838747,1.175044,0.9998,-0.222485,1.841210,1.211770,0.9994,-0.264025,1.838003,1.209907,0.9996,-0.196388,1.887588,1.228196,0.9985,-0.284918,1.890886,1.234580,0.9995,-0.080419,2.018284,1.126978,0.9999,-0.388927,2.028735,1.117386,0.9999,-0.058618,2.083260,0.858313,0.9792,-0.415039,2.049249,0.845801,0.9758,-0.071293,2.081094,0.600845,0.9677,-0.396356,2.031397,0.597036,0.9594,-0.135847,2.362148,0.847591,0.9995,-0.325991,2.365215,0.843072,0.9996,-0.143451,2.264644,0.486915,0.9147,-0.330194,2.271199,0.489573,0.8541,-0.149352,2.262764,0.100214,0.9288,-0.299384,2.262171,0.122828,0.8606
664,33.2000,0,-0.240953,1.853724,1.233008,0.9997,-0.217794,1.858034,1.270851,0.9990,-0.259735,1.855862,1.268968,0.9993,-0.190908,1.907760,1.288247,0.9970,-0.282819,1.911709,1.288975,0.9986,-0.069151,2.030481,1.169037,0.9998,-0.388936,2.042977,1.152127,0.9997,-0.048385,2.094828,0.898369,0.9872,-0.417826,2.060100,0.880708,0.9463,-0.060125,2.085595,0.639084,0.9747,-0.401495,2.040246,0.632456,0.9361,-0.133541,2.337130,0.850413,0.9994,-0.327080,2.344079,0.845295,0.9992,-0.142569,2.257138,0.482867,0.9394,-0.326578,2.268306,0.484804,0.8572,-0.138634,2.260949,0.099417,0.9357,-0.299580,2.265490,0.113746,0.9239
665,33.2500,0,-0.235725,1.869797,1.286694,0.9999,-0.212858,1.875596,1.325716,0.9995,-0.256498,1.873208,1.322874,0.9997,-0.184891,1.926724,1.341609,0.9983,-0.280410,1.932420,1.339129,0.9994,-0.060477,2.046753,1.204297,0.9998,-0.387933,2.055014,1.183732,0.9998,-0.039599,2.101561,0.930003,0.9824,-0.417948,2.065908,0.910544,0.9435,-0.049726,2.088559,0.673735,0.9685,-0.402936,2.046596,0.662173,0.9350,-0.128468,2.319431,0.852430,0.9993,-0.324067,2.326610,0.848099,0.9994,-0.141188,2.253051,0.480880,0.9030,-0.321886,2.270891,0.473926,0.8923,-0.134406,2.266209,0.097525,0.9027,-0.301919,2.266957,0.105479,0.9415
666,33.3000,0,-0.232339,1.887280,1.334521,0.9998,-0.208131,1.892353,1.374842,0.9994,-0.254043,1.893535,1.371875,0.9995,-0.178715,1.943289,1.386752,0.9981,-0.277492,1.954597,1.383550,0.9990,-0.050668,2.059304,1.230708,0.9998,-0.385364,2.069285,1.210343,0.9995,-0.029513,2.108674,0.953839,0.9893,-0.416055,2.076259,0.934924,0.9204,-0.041101,2.089738,0.701286,0.9859,-0.403912,2.052741,0.691608,0.9435,-0.120665,2.305274,0.854532,0.9986,-0.316771,2.311520,0.850192,0.9991,-0.134335,2.254153,0.476358,0.9362,-0.316054,2.268972,0.467111,0.9436,-0.127365,2.268161,0.096859,0.9258,-0.302219,2.271968,0.096377,0.9672
667,33.3500,0,-0.227711,1.907550,1.376398,0.9999,-0.202435,1.913456,1.418343,0.9996,-0.251682,1.914539,1.413756,0.9997,-0.172190,1.963589,1.426334,0.9984,-0.275019,1.975014,1.420292,0.9995,-0.043186,2.076366,1.255391,0.9998,-0.382074,2.081725,1.232509,0.9998,-0.021195,2.120083,0.978407,0.9746,-0.412358,2.087368,0.956193,0.9124,-0.033578,2.093055,0.728359,0.9739,-0.402420,2.058642,0.715148,0.9410,-0.114895,2.297606,0.855253,0.9992,-0.311652,2.301762,0.851520,0.9995,-0.124934,2.253359,0.474506,0.9016,-0.310426,2.267921,0.463524,0.9595,-0.122283,2.273464,0.096102,0.9190,-0.302616,2.274987,0.093176,0.9727
668,33.4000,0,-0.226743,1.926423,1.412103,0.9999,-0.200686,1.933601,1.452418,0.9998,-0.250755,1.938731,1.450174,0.9998,-0.166965,1.986336,1.457205,0.9996,-0.270563,1.998955,1.452738,0.9993,-0.036254,2.100868,1.272685,0.9998,-0.378900,2.099056,1.252277,0.9999,-0.014709,2.126356,0.995437,0.9777,-0.407734,2.099469,0.976754,0.8841,-0.024993,2.093477,0.753515,0.9704,-0.397323,2.064385,0.736950,0.9178,-0.111282,2.294340,0.851621,0.9991,-0.307933,2.293347,0.848963,0.9995,-0.119981,2.257109,0.469111,0.9275,-0.305538,2.266488,0.463254,0.9507,-0.117200,2.273934,0.097848,0.9575,-0.302018,2.273277,0.096509,0.9707
669,33.4500,0,-0.223827,1.946370,1.438587,0.9998,-0.197484,1.955360,1.479186,0.9996,-0.247809,1.963633,1.477614,0.9995,-0.160571,2.010149,1.482512,0.9992,-0.265071,2.026960,1.477637,0.9984,-0.028618,2.120121,1.290173,0.9998,-0.371969,2.117549,1.271796,0.9998,-0.008342,2.134380,1.013245,0.9607,-0.400253,2.110779,0.995525,0.8500,-0.018658,2.094024,0.776570,0.9636,-0.391829,2.073664,0.756583,0.8968,-0.106047,2.288524,0.850366,0.9983,-0.302921,2.286103,0.848192,0.9991,-0.114868,2.255804,0.466948,0.9100,-0.301630,2.266981,0.462453,0.9508,-0.113160,2.269904,0.101185,0.9452,-0.302846,2.270989,0.097061,0.9724
670,33.5000,0,-0.217443,1.974576,1.463716,0.9999,-0.190472,1.985522,1.503250,0.9998,-0.242350,1.993980,1.500601,0.9997,-0.152842,2.038713,1.503468,0.9996,-0.258976,2.054135,1.496219,0.9990,-0.019835,2.137768,1.299865,0.9999,-0.364310,2.136666,1.285567,0.9998,-0.001439,2.141277,1.023704,0.9698,-0.393441,2.121373,1.010027,0.8486,-0.013376,2.091177,0.791880,0.9667,-0.384009,2.083668,0.773769,0.8786,-0.102320,2.283416,0.848732,0.9994,-0.298593,2.278694,0.847597,0.9994,-0.111520,2.251473,0.467086,0.9428,-0.299454,2.264819,0.463529,0.9586,-0.108788,2.267239,0.102622,0.9640,-0.304583,2.268617,0.096304,0.9766
671,33.5500,0,-0.211715,2.001540,1.482355,0.9999,-0.183569,2.012911,1.521312,0.9999,-0.237332,2.022361,1.517869,0.9998,-0.144736,2.063903,1.518716,0.9998,-0.253684,2.078737,1.509481,0.9993,-0.009222,2.153150,1.306914,0.9999,-0.357694,2.152770,1.294821,0.9998,0.008696,2.149219,1.033807,0.9720,-0.386314,2.131584,1.022808,0.8340,-0.010243,2.083413,0.807134,0.9768,-0.376568,2.087803,0.789180,0.8762,-0.095423,2.277419,0.849659,0.9994,-0.292826,2.273577,0.849220,0.9995,-0.108248,2.252893,0.465863,0.9462,-0.296957,2.262535,0.462665,0.9706,-0.103663,2.266539,0.103474,0.9664,-0.303205,2.270007,0.096994,0.9811
672,33.6000,0,-0.206627,2.021036,1.493106,1.0000,-0.178648,2.031979,1.532040,0.9999,-0.231781,2.046190,1.527459,0.9999,-0.138132,2.082808,1.528701,0.9999,-0.245013,2.102635,1.518038,0.9995,0.000126,2.166430,1.311174,1.0000,-0.347695,2.171148,1.301168,0.9999,0.016057,2.156060,1.039145,0.9756,-0.378480,2.146587,1.032566,0.7848,-0.008296,2.080399,0.820174,0.9798,-0.366240,2.087740,0.802521,0.8628,-0.087712,2.271799,0.850279,0.9996,-0.285658,2.267468,0.850966,0.9996,-0.106171,2.250745,0.465189,0.9626,-0.293343,2.257925,0.465437,0.9663,-0.100611,2.268030,0.102850,0.9723,-0.303377,2.264969,0.100757,0.9812
673,33.6500,0,-0.203221,2.039759,1.502872,1.0000,-0.174261,2.050998,1.541053,0.9999,-0.227383,2.067259,1.536959,0.9999,-0.132048,2.101837,1.536536,0.9999,-0.238064,2.123542,1.526484,0.9997,0.008320,2.177973,1.315814,1.0000,-0.339930,2.187254,1.304836,0.9999,0.023208,2.161426,1.046478,0.9773,-0.371493,2.158133,1.038182,0.7790,-0.005858,2.075576,0.830789,0.9828,-0.355987,2.085279,0.812860,0.8467,-0.078553,2.263830,0.853523,0.9992,-0.277153,2.260690,0.854033,0.9996,-0.102495,2.246705,0.467885,0.9488,-0.291292,2.254210,0.468147,0.9742,-0.098464,2.268374,0.103697,0.9577,-0.304563,2.259977,0.103131,0.9847
674,33.7000,0,-0.198122,2.049498,1.509125,1.0000,-0.169226,2.061834,1.546630,0.9999,-0.221807,2.078734,1.542262,0.9999,-0.126699,2.114346,1.541094,0.9998,-0.232699,2.137356,1.531390,0.9997,0.012852,2.184991,1.319287,0.9999,-0.335315,2.196439,1.309005,0.9999,0.027294,2.164883,1.052662,0.9717,-0.365533,2.164415,1.044324,0.7711,-0.003947,2.072938,0.838618,0.9809,-0.345879,2.080557,0.824337,0.8396,-0.072681,2.256291,0.859842,0.9994,-0.271260,2.253502,0.859648,0.9997,-0.099743,2.247664,0.470402,0.9349,-0.289352,2.252104,0.468712,0.9835,-0.098339,2.265351,0.102670,0.9604,-0.307792,2.259320,0.102041,0.9872
675,33.7500,0,-0.194770,2.058324,1.512580,1.0000,-0.165381,2.071194,1.549544,0.9999,-0.217809,2.089037,1.545839,0.9999,-0.122526,2.124070,1.543003,0.9998,-0.228390,2.148492,1.534379,0.9997,0.016739,2.192444,1.321477,0.9999,-0.331254,2.202700,1.312628,0.9999,0.030968,2.165278,1.057307,0.9797,-0.360685,2.168118,1.050552,0.7597,-0.001845,2.069016,0.845738,0.9853,-0.336888,2.071923,0.835329,0.8149,-0.066982,2.249472,0.863927,0.9994,-0.265427,2.247267,0.862814,0.9997,-0.097422,2.245856,0.474732,0.9298,-0.288857,2.253005,0.469734,0.9839,-0.097408,2.262773,0.102383,0.9592,-0.311052,2.258901,0.102317,0.9875
676,33.8000,0,-0.190906,2.065350,1.514650,1.0000,-0.161267,2.079945,1.551289,0.9999,-0.213901,2.097282,1.547459,0.9999,-0.119398,2.132875,1.543716,0.9998,-0.225309,2.159137,1.535804,0.9995,0.019181,2.196913,1.322364,0.9999,-0.328757,2.207270,1.314783,0.9999,0.031616,2.167874,1.057859,0.9754,-0.356878,2.168442,1.053851,0.8131,-0.000862,2.065606,0.847246,0.9827,-0.328759,2.059929,0.846099,0.8565,-0.063574,2.244401,0.867646,0.9991,-0.261170,2.241406,0.866314,0.9996,-0.095109,2.244678,0.479578,0.9469,-0.285916,2.250171,0.470477,0.9801,-0.097462,2.260067,0.103671,0.9572,-0.313114,2.256885,0.101205,0.9823
677,33.8500,0,-0.189016,2.072278,1.517471,1.0000,-0.159657,2.089721,1.554656,0.9999,-0.212431,2.104635,1.549975,0.9999,-0.118671,2.142167,1.546837,0.9998,-0.223685,2.164921,1.537166,0.9996,0.020372,2.200847,1.323691,0.9999,-0.327273,2.210466,1.316563,0.9999,0.031937,2.169825,1.059270,0.9580,-0.354474,2.167575,1.055760,0.7924,-0.000404,2.065460,0.849686,0.9746,-0.322095,2.050689,0.853225,0.8489,-0.061732,2.238638,0.868759,0.9994,-0.258104,2.234783,0.866912,0.9997,-0.095410,2.245553,0.479675,0.9407,-0.284594,2.249346,0.473088,0.9820,-0.095381,2.258653,0.105217,0.9674,-0.312624,2.256269,0.102582,0.9865
678,33.9000,0,-0.187981,2.076053,1.518400,1.0000,-0.158945,2.094941,1.556031,0.9999,-0.211817,2.108456,1.550831,0.9999,-0.118911,2.147523,1.548627,0.9999,-0.223206,2.168545,1.537701,0.9998,0.020719,2.203031,1.324427,0.9999,-0.326701,2.212193,1.318398,0.9999,0.032784,2.172778,1.059815,0.9614,-0.353593,2.166392,1.058581,0.8337,-0.000448,2.064922,0.852023,0.9778,-0.318004,2.038929,0.861080,0.8788,-0.060663,2.236134,0.870397,0.9994,-0.257024,2.231019,0.868878,0.9997,-0.095661,2.246414,0.478172,0.9235,-0.284696,2.248166,0.474616,0.9843,-0.094363,2.257302,0.104781,0.9622,-0.312881,2.255887,0.101567,0.9888
679,33.9500,0,-0.188486,2.079786,1.520118,1.0000,-0.159689,2.099915,1.557301,0.9999,-0.212612,2.111989,1.552030,0.9999,-0.120233,2.151727,1.549502,0.9998,-0.224188,2.170619,1.538399,0.9997,0.019483,2.204767,1.325455,0.9999,-0.327492,2.212007,1.320318,0.9999,0.031910,2.177010,1.060290,0.9607,-0.354484,2.164708,1.061910,0.8206,-0.001992,2.064193,0.853813,0.9754,-0.316376,2.027466,0.869551,0.8695,-0.061044,2.232709,0.871759,0.9994,-0.257190,2.228347,0.869588,0.9997,-0.095787,2.242833,0.479592,0.9400,-0.285113,2.248522,0.476025,0.9846,-0.094102,2.255785,0.104767,0.9623,-0.314206,2.256579,0.101200,0.9865
680,34.0000,0,-0.190491,2.082703,1.521172,1.0000,-0.161579,2.102631,1.558217,0.9999,-0.214874,2.114917,1.553204,0.9999,-0.121903,2.152971,1.550085,0.9998,-0.225894,2.172272,1.539480,0.9996,0.018250,2.204937,1.324875,0.9999,-0.329139,2.212668,1.321715,0.9998,0.031093,2.180568,1.059898,0.9534,-0.356657,2.163710,1.064679,0.8093,-0.004622,2.061563,0.856052,0.9690,-0.314640,2.019443,0.877025,0.8624,-0.063633,2.228142,0.873147,0.9993,-0.258269,2.224870,0.870039,0.9996,-0.096719,2.239758,0.480718,0.9359,-0.285601,2.246721,0.479229,0.9723,-0.091388,2.259500,0.103352,0.9610,-0.314043,2.257326,0.100580,0.9840
681,34.0500,0,-0.192695,2.081830,1.522627,1.0000,-0.164146,2.102426,1.559426,0.9999,-0.216845,2.114139,1.554809,0.9999,-0.124503,2.153426,1.551070,0.9999,-0.227790,2.172216,1.541028,0.9995,0.015114,2.204130,1.324811,0.9999,-0.332043,2.212503,1.323788,0.9998,0.028891,2.183275,1.060173,0.9664,-0.360845,2.162246,1.068467,0.7953,-0.011808,2.051442,0.860778,0.9790,-0.316136,2.011059,0.886407,0.8561,-0.068318,2.228652,0.872119,0.9991,-0.262540,2.226616,0.868885,0.9994,-0.099263,2.235985,0.479620,0.9273,-0.286372,2.245033,0.479439,0.9798,-0.091341,2.263133,0.101778,0.9508,-0.313932,2.256336,0.100231,0.9830
682,34.1000,0,-0.196088,2.082064,1.524619,0.9999,-0.166975,2.101764,1.560939,0.9998,-0.220048,2.115199,1.556464,0.9996,-0.127095,2.152324,1.551786,0.9998,-0.230669,2.172697,1.543058,0.9988,0.010944,2.203519,1.324844,1.0000,-0.333095,2.212095,1.324231,0.9997,0.027693,2.183658,1.061814,0.9732,-0.365129,2.162704,1.072620,0.6632,-0.021627,2.035403,0.874489,0.9854,-0.317621,1.999692,0.903181,0.7829,-0.071991,2.224706,0.870980,0.9995,-0.264456,2.224712,0.867494,0.9994,-0.102461,2.230477,0.482578,0.9259,-0.287400,2.243225,0.479468,0.9788,-0.090770,2.265017,0.102407,0.9654,-0.315108,2.256536,0.100898,0.9885
683,34.1500,0,-0.199259,2.083477,1.525573,1.0000,-0.169311,2.103480,1.562181,0.9998,-0.223563,2.115950,1.558143,0.9999,-0.129894,2.152102,1.552035,0.9993,-0.234768,2.171485,1.543470,0.9996,0.004515,2.203717,1.326544,0.9998,-0.336934,2.208680,1.323683,0.9998,0.026777,2.185050,1.065601,0.9324,-0.373014,2.155312,1.074480,0.7646,-0.034165,2.018373,0.898144,0.9618,-0.318360,1.980895,0.923017,0.8515,-0.076656,2.226432,0.867232,0.9988,-0.268892,2.226479,0.863275,0.9993,-0.103919,2.227562,0.481526,0.8699,-0.289792,2.242041,0.476562,0.9790,-0.090399,2.266666,0.103216,0.9260,-0.316386,2.258697,0.098501,0.9827
684,34.2000,0,-0.202980,2.082920,1.526146,1.0000,-0.172835,2.104938,1.562922,0.9999,-0.227359,2.115228,1.558261,0.9999,-0.133995,2.152730,1.551882,0.9996,-0.239861,2.170456,1.542851,0.9997,-0.000907,2.199390,1.327787,0.9999,-0.341554,2.205980,1.323577,0.9999,0.026183,2.181205,1.069617,0.9465,-0.383582,2.146364,1.079365,0.8391,-0.048429,1.999228,0.923834,0.9653,-0.319417,1.964739,0.952185,0.9065,-0.079078,2.224331,0.860808,0.9995,-0.272546,2.226012,0.856533,0.9995,-0.105602,2.225946,0.475817,0.9541,-0.292981,2.241176,0.474832,0.9842,-0.091387,2.265004,0.103875,0.9749,-0.317299,2.259515,0.101518,0.9881
685,34.2500,0,-0.206733,2.076192,1.525227,0.9999,-0.178099,2.098598,1.561434,0.9997,-0.231565,2.108824,1.557079,0.9997,-0.139798,2.149519,1.550520,0.9992,-0.245517,2.165827,1.541282,0.9992,-0.006033,2.196523,1.327737,0.9998,-0.347297,2.198780,1.323559,0.9997,0.023809,2.174669,1.073976,0.8735,-0.395522,2.131826,1.082291,0.8493,-0.065440,1.977718,0.957558,0.9219,-0.316647,1.949889,0.983040,0.8917,-0.082673,2.230148,0.855634,0.9987,-0.277497,2.229605,0.852059,0.9990,-0.108048,2.226867,0.470732,0.9413,-0.297149,2.239284,0.472028,0.9818,-0.094002,2.266471,0.104516,0.9681,-0.320400,2.261155,0.100304,0.9869
686,34.3000,0,-0.209356,2.072268,1.523333,0.9996,-0.181676,2.094651,1.559222,0.9990,-0.234846,2.104208,1.554887,0.9992,-0.144254,2.147295,1.548458,0.9985,-0.250869,2.161365,1.539355,0.9975,-0.011303,2.193827,1.326127,0.9993,-0.350643,2.195572,1.323318,0.9995,0.018216,2.161368,1.074500,0.8586,-0.405283,2.117007,1.084025,0.8505,-0.085683,1.950974,0.994878,0.8918,-0.316474,1.925135,1.017093,0.8471,-0.085668,2.240986,0.850797,0.9980,-0.282219,2.239180,0.848568,0.9989,-0.110182,2.228407,0.468005,0.9501,-0.301760,2.236082,0.470228,0.9766,-0.096611,2.265740,0.105090,0.9676,-0.322414,2.260736,0.100292,0.9859
687,34.3500,0,-0.214102,2.065142,1.517212,0.9996,-0.186415,2.088294,1.553298,0.9989,-0.239571,2.097265,1.549056,0.9993,-0.150172,2.142254,1.542843,0.9978,-0.256814,2.154794,1.533491,0.9980,-0.018378,2.190306,1.322812,0.9990,-0.356223,2.191702,1.317981,0.9995,0.008793,2.143356,1.071712,0.8044,-0.417560,2.094677,1.078697,0.9394,-0.104910,1.920172,1.034264,0.8837,-0.317048,1.903857,1.050767,0.9449,-0.086869,2.250479,0.842816,0.9983,-0.287012,2.248738,0.841102,0.9989,-0.109421,2.222869,0.464270,0.9586,-0.306925,2.227798,0.468492,0.9715,-0.097592,2.261874,0.107746,0.9721,-0.323063,2.258677,0.101357,0.9833
688,34.4000,0,-0.219394,2.056174,1.507100,0.9994,-0.190903,2.081279,1.543648,0.9988,-0.245083,2.088449,1.539104,0.9984,-0.155709,2.136259,1.533453,0.9964,-0.262221,2.147093,1.524463,0.9978,-0.024176,2.185085,1.314189,0.9986,-0.361650,2.187447,1.311588,0.9995,-0.001162,2.118025,1.064115,0.8420,-0.425462,2.073190,1.070413,0.9493,-0.120498,1.899679,1.066900,0.8521,-0.316946,1.886213,1.077678,0.9605,-0.087926,2.260941,0.836232,0.9986,-0.291096,2.256030,0.834493,0.9991,-0.106811,2.216482,0.462044,0.9437,-0.312043,2.218244,0.468761,0.9811,-0.097073,2.256365,0.110799,0.9612,-0.322179,2.258032,0.101783,0.9853
689,34.4500,0,-0.224208,2.045365,1.491280,0.9995,-0.195808,2.070822,1.527655,0.9991,-0.249639,2.077087,1.523144,0.9986,-0.160716,2.126573,1.517628,0.9981,-0.267427,2.138580,1.509575,0.9975,-0.031319,2.181223,1.300256,0.9991,-0.364154,2.183811,1.300335,0.9992,-0.010296,2.083981,1.053264,0.9280,-0.432515,2.048909,1.060781,0.9562,-0.135595,1.884723,1.094374,0.9186,-0.314705,1.872674,1.105740,0.9609,-0.088968,2.273192,0.828596,0.9987,-0.292327,2.265914,0.827374,0.9986,-0.105062,2.211782,0.460060,0.9591,-0.318253,2.207843,0.469035,0.9873,-0.096738,2.255130,0.110540,0.9610,-0.323022,2.256510,0.099078,0.9826
690,34.5000,0,-0.228653,2.036819,1.469870,0.9993,-0.200311,2.062091,1.506438,0.9990,-0.253912,2.067706,1.502147,0.9981,-0.164586,2.115453,1.497238,0.9984,-0.271861,2.129168,1.489806,0.9968,-0.035057,2.169225,1.284041,0.9992,-0.366171,2.179474,1.286277,0.9989,-0.016244,2.049811,1.040474,0.9679,-0.437993,2.028715,1.047034,0.9540,-0.145464,1.873723,1.110214,0.9539,-0.311061,1.864046,1.118256,0.9637,-0.089273,2.285778,0.819287,0.9991,-0.293859,2.278575,0.818222,0.9980,-0.103853,2.206767,0.458381,0.9658,-0.323280,2.197564,0.467575,0.9784,-0.096850,2.257528,0.109815,0.9570,-0.322828,2.253974,0.100201,0.9669
691,34.5500,0,-0.230565,2.028518,1.443372,0.9975,-0.202548,2.054039,1.479611,0.9965,-0.256250,2.058312,1.475362,0.9935,-0.167653,2.106138,1.470603,0.9951,-0.274450,2.119579,1.463790,0.9867,-0.039841,2.158186,1.263524,0.9992,-0.366050,2.177354,1.265131,0.9971,-0.020071,2.020264,1.023874,0.9713,-0.441488,2.009747,1.029369,0.9704,-0.155590,1.859622,1.119502,0.9482,-0.308003,1.858026,1.125667,0.9675,-0.088960,2.299987,0.804286,0.9988,-0.293478,2.293052,0.804433,0.9977,-0.101141,2.201411,0.455854,0.9586,-0.329223,2.185201,0.465777,0.9714,-0.095961,2.260164,0.109684,0.9207,-0.323355,2.253568,0.099953,0.9613
692,34.6000,0,-0.234525,2.018304,1.411462,0.9947,-0.206291,2.042906,1.446302,0.9930,-0.259770,2.045993,1.443183,0.9874,-0.171860,2.094338,1.435946,0.9900,-0.278588,2.109078,1.432081,0.9776,-0.044592,2.147017,1.237924,0.9989,-0.367712,2.169950,1.237419,0.9970,-0.019637,1.992242,1.006036,0.9625,-0.443794,1.994617,1.007080,0.9756,-0.162485,1.851984,1.117545,0.9212,-0.303806,1.854247,1.123290,0.9705,-0.087905,2.310036,0.789081,0.9985,-0.291371,2.305643,0.788965,0.9977,-0.097708,2.192104,0.452144,0.9582,-0.334482,2.172837,0.462464,0.9771,-0.097380,2.258399,0.110140,0.9212,-0.324615,2.249383,0.101074,0.9673
693,34.6500,0,-0.237496,2.006880,1.373761,0.9863,-0.209907,2.029592,1.406913,0.9756,-0.262750,2.034564,1.404254,0.9670,-0.175682,2.079043,1.396493,0.9606,-0.281689,2.096610,1.393004,0.9428,-0.047272,2.136204,1.204855,0.9964,-0.368969,2.163712,1.204825,0.9960,-0.015894,1.952549,0.983645,0.9596,-0.444915,1.978956,0.978356,0.9821,-0.166276,1.844727,1.108336,0.8630,-0.298514,1.851764,1.114172,0.9748,-0.086818,2.321057,0.766938,0.9970,-0.290712,2.319482,0.766981,0.9971,-0.090802,2.179423,0.450323,0.9466,-0.341302,2.164728,0.458198,0.9785,-0.095603,2.255140,0.109836,0.9190,-0.325130,2.250211,0.100323,0.9741
694,34.7000,0,-0.240265,1.995895,1.331334,0.9939,-0.212982,2.020251,1.364707,0.9928,-0.265590,2.023152,1.361870,0.9882,-0.179487,2.068933,1.354993,0.9914,-0.285046,2.085120,1.350292,0.9822,-0.051708,2.127594,1.170028,0.9972,-0.371668,2.156393,1.165139,0.9965,-0.014751,1.930264,0.957778,0.9673,-0.445633,1.962897,0.945638,0.9845,-0.170212,1.841684,1.095461,0.9095,-0.295808,1.853794,1.100453,0.9811,-0.084890,2.336514,0.745358,0.9982,-0.289227,2.334234,0.745041,0.9969,-0.086127,2.169265,0.449776,0.9506,-0.346642,2.156586,0.453695,0.9623,-0.095044,2.256652,0.106308,0.9401,-0.325431,2.251831,0.098740,0.9691
695,34.7500,0,-0.241098,1.986861,1.287480,0.9953,-0.214590,2.009994,1.319822,0.9937,-0.267382,2.012476,1.315759,0.9905,-0.181617,2.055582,1.309956,0.9919,-0.288621,2.071835,1.303437,0.9854,-0.052119,2.116268,1.129585,0.9976,-0.371814,2.149779,1.124298,0.9965,-0.013282,1.907946,0.923714,0.9747,-0.444899,1.949505,0.909923,0.9868,-0.173238,1.840656,1.075616,0.9160,-0.291521,1.850839,1.079728,0.9813,-0.082553,2.340437,0.721340,0.9985,-0.286278,2.345208,0.722544,0.9977,-0.079218,2.159771,0.445799,0.9662,-0.349123,2.145342,0.448241,0.9795,-0.094373,2.255780,0.105826,0.9538,-0.325266,2.254072,0.097615,0.9797
696,34.8000,0,-0.240488,1.974288,1.238219,0.9979,-0.214281,1.998851,1.272905,0.9977,-0.267305,1.999090,1.267937,0.9964,-0.182649,2.045311,1.263983,0.9973,-0.290610,2.057840,1.255340,0.9940,-0.053805,2.107654,1.086727,0.9986,-0.373831,2.141737,1.081458,0.9966,-0.011965,1.892806,0.887016,0.9839,-0.443972,1.937659,0.871137,0.9887,-0.174763,1.841231,1.046136,0.9331,-0.290837,1.850841,1.049053,0.9768,-0.082530,2.342934,0.700319,0.9986,-0.286438,2.352403,0.701305,0.9975,-0.074807,2.150916,0.446095,0.9694,-0.353993,2.135723,0.446933,0.9788,-0.093861,2.252527,0.107410,0.9433,-0.325986,2.255685,0.095422,0.9811
697,34.8500,0,-0.240271,1.961621,1.192110,0.9997,-0.214171,1.985677,1.227425,0.9997,-0.267726,1.986995,1.221549,0.9995,-0.183102,2.031341,1.218290,0.9996,-0.291794,2.045413,1.209044,0.9994,-0.053678,2.096891,1.045170,0.9996,-0.373757,2.133052,1.039066,0.9990,-0.011535,1.884798,0.848035,0.9832,-0.441046,1.927693,0.829727,0.9841,-0.176198,1.841452,1.012850,0.9540,-0.287904,1.850705,1.012502,0.9609,-0.080613,2.340552,0.674306,0.9995,-0.285459,2.354672,0.677865,0.9996,-0.071894,2.145590,0.440533,0.9831,-0.353993,2.135723,0.446933,0.0000,-0.095095,2.251849,0.106023,0.9756,-0.324811,2.255900,0.098303,0.9855
698,34.9000,0,-0.240231,1.950845,1.145907,0.9996,-0.214291,1.974171,1.181432,0.9994,-0.267925,1.976141,1.175232,0.9991,-0.183204,2.018850,1.172167,0.9992,-0.292040,2.034296,1.162285,0.9989,-0.052968,2.086115,1.004030,0.9994,-0.374116,2.124693,0.999680,0.9992,-0.011650,1.879281,0.805719,0.9764,-0.438544,1.922419,0.790180,0.9787,-0.177948,1.841194,0.974152,0.9275,-0.285724,1.853123,0.972820,0.9584,-0.080826,2.333427,0.649957,0.9996,-0.286493,2.350970,0.656122,0.9997,-0.070533,2.140691,0.431385,0.9813,-0.356814,2.136051,0.453408,0.9808,-0.095227,2.252814,0.103995,0.9756,-0.322963,2.256822,0.100831,0.9874
699,34.9500,0,-0.239316,1.941636,1.103943,0.9998,-0.213142,1.963906,1.139062,0.9996,-0.267480,1.967758,1.133011,0.9996,-0.182102,2.008421,1.130766,0.9989,-0.291983,2.026992,1.121180,0.9995,-0.053275,2.079636,0.965416,0.9990,-0.374976,2.118965,0.960241,0.9993,-0.013488,1.879094,0.765121,0.9691,-0.437726,1.917642,0.749107,0.9812,-0.179270,1.841143,0.932938,0.9222,-0.282441,1.854493,0.931909,0.9604,-0.085943,2.325519,0.623843,0.9993,-0.292320,2.342855,0.629698,0.9994,-0.068878,2.138070,0.432404,0.9743,-0.359552,2.133159,0.457458,0.9619,-0.095593,2.254620,0.102431,0.9640,-0.323512,2.255944,0.101486,0.9672
700,35.0000,0,-0.238007,1.933823,1.063839,0.9997,-0.211547,1.954442,1.098664,0.9997,-0.266838,1.960545,1.092234,0.9995,-0.180406,1.998775,1.090940,0.9995,-0.291601,2.020459,1.080221,0.9993,-0.051577,2.074080,0.928283,0.9994,-0.372514,2.117845,0.921496,0.9989,-0.014580,1.877719,0.724477,0.9704,-0.436954,1.915613,0.708793,0.9818,-0.179424,1.841331,0.893875,0.8819,-0.280642,1.854650,0.892083,0.9622,-0.085935,2.328298,0.601812,0.9993,-0.293386,2.347919,0.606252,0.9995,-0.065026,2.132113,0.435200,0.9794,-0.365909,2.128154,0.458899,0.9824,-0.095752,2.249745,0.106459,0.9686,-0.323004,2.255462,0.104104,0.9830
701,35.0500,0,-0.236416,1.926326,1.027414,0.9999,-0.210042,1.947183,1.061956,0.9999,-0.264822,1.953068,1.054855,0.9998,-0.179142,1.991956,1.056527,0.9998,-0.290126,2.013291,1.044846,0.9997,-0.049678,2.068905,0.900605,0.9995,-0.373851,2.109499,0.889787,0.9996,-0.014136,1.880010,0.686925,0.9714,-0.436622,1.916374,0.675331,0.9821,-0.178030,1.841975,0.856312,0.8758,-0.279471,1.856050,0.854854,0.9552,-0.088252,2.323174,0.584063,0.9997,-0.295622,2.341216,0.586581,0.9997,-0.063804,2.122958,0.433588,0.9851,-0.370679,2.123811,0.458728,0.9808,-0.096861,2.249445,0.105095,0.9792,-0.321912,2.251976,0.109486,0.9857
702,35.1000,0,-0.233932,1.919405,0.995987,0.9999,-0.207754,1.941251,1.030638,0.9999,-0.261747,1.946368,1.023678,0.9998,-0.176924,1.986377,1.026423,0.9999,-0.287564,2.007838,1.014681,0.9997,-0.049246,2.069826,0.875619,0.9996,-0.375061,2.104486,0.862404,0.9995,-0.014340,1.888348,0.655038,0.9656,-0.434165,1.916023,0.648640,0.9712,-0.176198,1.844179,0.826758,0.8785,-0.277021,1.858118,0.822680,0.9476,-0.091228,2.328022,0.568570,0.9996,-0.298311,2.345022,0.566642,0.9997,-0.061680,2.116321,0.436002,0.9765,-0.375414,2.124824,0.457853,0.9820,-0.097907,2.250899,0.103229,0.9612,-0.322616,2.249703,0.111736,0.9847
703,35.1500,0,-0.231093,1.915895,0.971550,0.9999,-0.203759,1.938331,1.006385,0.9999,-0.258157,1.942607,0.999094,0.9998,-0.173447,1.982008,1.002556,0.9999,-0.284622,2.004303,0.990302,0.9998,-0.046979,2.067865,0.851669,0.9995,-0.374246,2.099099,0.842070,0.9991,-0.014215,1.891847,0.626628,0.9529,-0.434195,1.918004,0.624429,0.9671,-0.174303,1.844854,0.798456,0.8472,-0.277117,1.861022,0.793699,0.9471,-0.091858,2.322491,0.546268,0.9995,-0.298869,2.347868,0.541690,0.9996,-0.057602,2.119200,0.437527,0.9601,-0.382183,2.130587,0.456826,0.9776,-0.100134,2.250542,0.105295,0.9373,-0.322289,2.247339,0.114263,0.9802
704,35.2000,0,-0.227878,1.914711,0.953829,0.9999,-0.200495,1.937131,0.989790,0.9998,-0.255193,1.941165,0.981894,0.9997,-0.170155,1.980133,0.986591,0.9998,-0.282300,2.002538,0.973090,0.9996,-0.043843,2.064411,0.836482,0.9995,-0.373819,2.098475,0.829232,0.9994,-0.013247,1.897437,0.604975,0.9614,-0.434512,1.920936,0.605615,0.9741,-0.172071,1.846013,0.777158,0.8773,-0.275524,1.861497,0.774878,0.9398,-0.092634,2.315740,0.531012,0.9995,-0.301934,2.345160,0.530791,0.9996,-0.056514,2.114428,0.436682,0.9628,-0.387256,2.133416,0.455848,0.9792,-0.100455,2.249266,0.106284,0.9437,-0.322823,2.247454,0.114917,0.9843
705,35.2500,0,-0.225782,1.917244,0.946444,0.9999,-0.198704,1.937846,0.983094,0.9998,-0.252912,1.942566,0.975652,0.9997,-0.167756,1.980367,0.980658,0.9998,-0.279614,2.002891,0.966969,0.9995,-0.041881,2.065921,0.830779,0.9996,-0.373316,2.099769,0.824063,0.9992,-0.013080,1.900960,0.597821,0.9644,-0.433956,1.923167,0.597487,0.9672,-0.170900,1.847397,0.767818,0.8487,-0.273955,1.861730,0.767796,0.9496,-0.094190,2.317324,0.528327,0.9996,-0.306143,2.349023,0.527786,0.9996,-0.054351,2.106200,0.439392,0.9710,-0.387953,2.135497,0.453815,0.9795,-0.099661,2.248655,0.106971,0.9465,-0.321554,2.249876,0.114316,0.9840
706,35.3000,0,-0.224246,1.921573,0.951250,0.9999,-0.196131,1.940801,0.987236,0.9998,-0.250768,1.945579,0.980811,0.9997,-0.164283,1.980454,0.984045,0.9995,-0.276745,2.003819,0.972279,0.9997,-0.039668,2.066265,0.832324,0.9989,-0.370448,2.101167,0.828628,0.9993,-0.013373,1.905628,0.600905,0.9511,-0.432194,1.926373,0.601377,0.9666,-0.168860,1.846691,0.769865,0.7986,-0.274128,1.861393,0.769149,0.9410,-0.095438,2.317333,0.531064,0.9994,-0.307959,2.349921,0.531232,0.9995,-0.055650,2.110650,0.439847,0.9472,-0.384015,2.133456,0.451491,0.9700,-0.100496,2.248062,0.107102,0.9293,-0.320875,2.251937,0.113932,0.9769
707,35.3500,0,-0.222101,1.923993,0.963539,0.9999,-0.193583,1.943341,0.998956,0.9998,-0.248290,1.948351,0.993156,0.9998,-0.162320,1.983525,0.995454,0.9994,-0.273877,2.007158,0.985126,0.9997,-0.037816,2.068117,0.842903,0.9991,-0.367307,2.105655,0.838044,0.9996,-0.015043,1.908089,0.614227,0.9662,-0.432085,1.930552,0.613532,0.9833,-0.168803,1.847354,0.783446,0.8403,-0.272668,1.862899,0.780705,0.9720,-0.095888,2.321804,0.537682,0.9994,-0.308166,2.352101,0.538503,0.9995,-0.055938,2.111533,0.434196,0.9688,-0.380673,2.136768,0.448261,0.9674,-0.099127,2.251517,0.104112,0.9542,-0.319962,2.252390,0.112632,0.9777
708,35.4000,0,-0.219780,1.928123,0.981900,0.9999,-0.191293,1.947159,1.016987,0.9997,-0.246987,1.953035,1.011434,0.9998,-0.159968,1.987691,1.012665,0.9992,-0.272776,2.012135,1.002395,0.9997,-0.037341,2.072066,0.858087,0.9992,-0.362653,2.112428,0.852541,0.9994,-0.015477,1.906952,0.633171,0.9783,-0.429856,1.931749,0.629307,0.9843,-0.168160,1.847026,0.802824,0.9198,-0.270932,1.863670,0.800454,0.9736,-0.091545,2.330334,0.548163,0.9991,-0.303556,2.360407,0.550384,0.9994,-0.054313,2.111963,0.433675,0.9790,-0.376568,2.135442,0.451557,0.9776,-0.097360,2.251393,0.103296,0.9698,-0.320119,2.252442,0.112904,0.9735
709,35.4500,0,-0.216639,1.933610,1.012908,0.9999,-0.188822,1.953434,1.047676,0.9999,-0.244011,1.958483,1.041771,0.9998,-0.157481,1.996083,1.041050,0.9998,-0.271649,2.016803,1.031464,0.9997,-0.037735,2.080303,0.883457,0.9995,-0.360446,2.115748,0.877030,0.9993,-0.018370,1.906969,0.663050,0.9791,-0.424783,1.930571,0.655593,0.9865,-0.166019,1.849407,0.838707,0.9125,-0.270410,1.865346,0.830548,0.9823,-0.087853,2.343744,0.566901,0.9995,-0.299176,2.366529,0.568480,0.9996,-0.054077,2.116942,0.432312,0.9777,-0.373845,2.134031,0.453723,0.9800,-0.097008,2.252724,0.103815,0.9652,-0.320278,2.253934,0.108882,0.9775
710,35.5000,0,-0.214803,1.940030,1.051921,0.9994,-0.186874,1.962317,1.086659,0.9994,-0.241769,1.966131,1.080665,0.9988,-0.156095,2.004698,1.078950,0.9991,-0.268754,2.024675,1.069604,0.9981,-0.035685,2.087142,0.915465,0.9993,-0.356838,2.123787,0.909418,0.9967,-0.015259,1.906334,0.700478,0.9794,-0.419942,1.930861,0.690561,0.9710,-0.164606,1.856093,0.880181,0.9446,-0.268167,1.871629,0.870863,0.9684,-0.086099,2.348416,0.592116,0.9992,-0.296791,2.372184,0.595262,0.9989,-0.058859,2.122449,0.431245,0.9642,-0.368474,2.137261,0.452979,0.9806,-0.098713,2.256903,0.101754,0.9552,-0.321794,2.257207,0.103011,0.9837
711,35.5500,0,-0.212849,1.951896,1.102213,0.9987,-0.185186,1.974359,1.136017,0.9986,-0.240365,1.978448,1.130292,0.9977,-0.153434,2.015980,1.126979,0.9985,-0.266765,2.036117,1.118276,0.9963,-0.033208,2.095701,0.955926,0.9991,-0.353391,2.130868,0.950124,0.9978,-0.012404,1.903269,0.744438,0.9676,-0.414415,1.934170,0.731246,0.9786,-0.162413,1.863668,0.926598,0.9160,-0.267791,1.873698,0.916779,0.9794,-0.084455,2.361157,0.615467,0.9993,-0.295033,2.380928,0.620742,0.9993,-0.060403,2.127536,0.432462,0.9445,-0.363176,2.137159,0.459601,0.9798,-0.095549,2.253578,0.102707,0.9333,-0.322820,2.256107,0.100811,0.9774
712,35.6000,0,-0.210270,1.963583,1.159295,0.9975,-0.182528,1.989020,1.193883,0.9974,-0.238089,1.990258,1.186962,0.9963,-0.151018,2.031438,1.182650,0.9966,-0.264261,2.047007,1.171788,0.9950,-0.030463,2.104082,1.003035,0.9977,-0.351352,2.137471,0.996001,0.9966,-0.007328,1.907204,0.796568,0.9734,-0.410747,1.944780,0.779814,0.9882,-0.159015,1.870301,0.971884,0.9300,-0.264979,1.882284,0.964738,0.9827,-0.083316,2.363201,0.644930,0.9979,-0.294478,2.376709,0.648909,0.9971,-0.064135,2.132792,0.437290,0.9583,-0.359469,2.141190,0.461153,0.9793,-0.097670,2.255526,0.103041,0.9381,-0.324117,2.252674,0.103529,0.9790
713,35.6500,0,-0.209569,1.977161,1.219796,0.9952,-0.181404,2.003628,1.254206,0.9938,-0.236722,2.004393,1.247952,0.9902,-0.148905,2.046678,1.241118,0.9919,-0.261703,2.062752,1.232961,0.9829,-0.028973,2.114152,1.054470,0.9978,-0.348701,2.145332,1.048189,0.9957,-0.004099,1.917555,0.849300,0.9729,-0.406581,1.957472,0.829551,0.9740,-0.156442,1.875528,1.017906,0.9322,-0.263068,1.889058,1.013618,0.9732,-0.084862,2.364631,0.676446,0.9975,-0.294582,2.372515,0.680602,0.9968,-0.066932,2.138865,0.439376,0.9393,-0.355779,2.150340,0.456872,0.9765,-0.098535,2.254015,0.104782,0.9029,-0.326122,2.250950,0.101503,0.9707
714,35.7000,0,-0.208572,1.987626,1.278801,0.9984,-0.179640,2.015618,1.312617,0.9976,-0.234156,2.016354,1.308342,0.9966,-0.145819,2.060871,1.299006,0.9962,-0.257683,2.079425,1.294316,0.9939,-0.026710,2.125307,1.107033,0.9972,-0.346420,2.154194,1.103571,0.9977,-0.002247,1.924971,0.896874,0.9688,-0.403656,1.973029,0.878601,0.9447,-0.155684,1.884491,1.060153,0.9471,-0.262303,1.893693,1.058080,0.9556,-0.086365,2.362489,0.707058,0.9979,-0.294031,2.362426,0.713109,0.9977,-0.072379,2.151256,0.442475,0.9563,-0.352040,2.160307,0.456721,0.9707,-0.097093,2.258002,0.106303,0.9443,-0.326223,2.250804,0.100965,0.9769
715,35.7500,0,-0.207653,2.001602,1.330922,0.9967,-0.177495,2.027611,1.364726,0.9953,-0.232628,2.032526,1.362932,0.9924,-0.142400,2.074100,1.352130,0.9926,-0.253925,2.092970,1.349219,0.9862,-0.026374,2.137630,1.156640,0.9982,-0.344553,2.162654,1.154952,0.9974,-0.001284,1.938961,0.940309,0.9490,-0.401082,1.986603,0.923709,0.9296,-0.154591,1.889588,1.097839,0.9078,-0.261257,1.897164,1.098115,0.9554,-0.088618,2.357107,0.736119,0.9985,-0.295067,2.353092,0.741281,0.9973,-0.079105,2.160101,0.446578,0.9447,-0.346777,2.170985,0.455342,0.9747,-0.097271,2.257795,0.105770,0.9420,-0.326771,2.253745,0.098346,0.9745
716,35.8000,0,-0.207458,2.016472,1.378943,0.9987,-0.177124,2.043115,1.413501,0.9977,-0.232281,2.046414,1.411086,0.9964,-0.140721,2.089943,1.401642,0.9965,-0.253852,2.105985,1.397641,0.9929,-0.025772,2.148854,1.202926,0.9982,-0.344460,2.168567,1.204377,0.9981,-0.001029,1.951219,0.982553,0.9674,-0.400312,1.998293,0.965661,0.9082,-0.154661,1.895016,1.134982,0.9336,-0.263041,1.900636,1.133712,0.9458,-0.092877,2.347860,0.758516,0.9978,-0.297713,2.341709,0.763794,0.9978,-0.086371,2.174100,0.444697,0.9612,-0.340003,2.184385,0.451999,0.9786,-0.098268,2.261233,0.107151,0.9454,-0.326715,2.254003,0.094584,0.9738
717,35.8500,0,-0.208211,2.031045,1.420183,0.9992,-0.177868,2.055302,1.455014,0.9984,-0.233389,2.059373,1.450584,0.9980,-0.139951,2.104361,1.445048,0.9967,-0.254363,2.119008,1.439370,0.9957,-0.025185,2.158082,1.245228,0.9982,-0.345085,2.173830,1.246503,0.9984,-0.000712,1.965019,1.021768,0.9723,-0.401628,2.008734,1.005657,0.9139,-0.151284,1.901278,1.166719,0.9617,-0.263114,1.909579,1.167626,0.9435,-0.096087,2.336243,0.782360,0.9969,-0.300637,2.326861,0.787583,0.9976,-0.092207,2.188339,0.447591,0.9649,-0.333890,2.199382,0.452132,0.9821,-0.100280,2.263857,0.108021,0.9682,-0.326710,2.252849,0.092908,0.9818
718,35.9000,0,-0.209307,2.044621,1.453953,0.9992,-0.179881,2.067788,1.489309,0.9986,-0.235516,2.070602,1.483541,0.9979,-0.140119,2.116868,1.480251,0.9977,-0.256752,2.128931,1.472510,0.9970,-0.025119,2.166179,1.278079,0.9990,-0.347255,2.180516,1.280808,0.9990,-0.002202,1.978257,1.053311,0.9735,-0.403466,2.019973,1.038395,0.9202,-0.150617,1.910130,1.195754,0.9641,-0.262594,1.922214,1.195847,0.9462,-0.098341,2.324206,0.802993,0.9975,-0.302673,2.314228,0.808723,0.9980,-0.097002,2.199011,0.453663,0.9620,-0.327921,2.210503,0.455800,0.9814,-0.099288,2.264770,0.107365,0.9675,-0.326668,2.252829,0.092796,0.9801
719,35.9500,0,-0.211996,2.055949,1.476991,0.9993,-0.182922,2.078103,1.513341,0.9989,-0.238965,2.082176,1.507447,0.9984,-0.141786,2.127271,1.505367,0.9982,-0.259718,2.140387,1.497898,0.9976,-0.027364,2.176454,1.299737,0.9994,-0.350937,2.185408,1.301938,0.9989,-0.003049,1.991362,1.076959,0.9613,-0.405329,2.026877,1.061292,0.9290,-0.146844,1.916257,1.210501,0.9395,-0.265124,1.928506,1.212687,0.9579,-0.102669,2.310020,0.819221,0.9984,-0.306430,2.300115,0.825073,0.9980,-0.101532,2.209668,0.457121,0.9709,-0.322494,2.221615,0.457790,0.9838,-0.097996,2.263376,0.107705,0.9728,-0.326663,2.254237,0.092832,0.9842
720,36.0000,0,-0.213789,2.068020,1.493352,0.9995,-0.184782,2.088646,1.529437,0.9992,-0.241054,2.094938,1.524200,0.9989,-0.143531,2.139056,1.523288,0.9987,-0.261024,2.154036,1.516896,0.9982,-0.029400,2.185210,1.318618,0.9994,-0.353083,2.193728,1.318387,0.9992,-0.003879,2.002189,1.096861,0.9681,-0.407966,2.033948,1.079734,0.9254,-0.145580,1.923732,1.224408,0.9477,-0.266132,1.938031,1.226663,0.9557,-0.106279,2.296484,0.831728,0.9983,-0.308908,2.287640,0.837572,0.9984,-0.105443,2.219977,0.458444,0.9745,-0.318366,2.233551,0.457971,0.9853,-0.098936,2.264448,0.108466,0.9762,-0.326372,2.256221,0.092850,0.9863
721,36.0500,0,-0.214211,2.078760,1.507613,0.9996,-0.186148,2.099400,1.543544,0.9994,-0.241861,2.105676,1.537508,0.9992,-0.144833,2.150660,1.536546,0.9990,-0.262153,2.165452,1.529703,0.9990,-0.030456,2.190247,1.332600,0.9994,-0.354149,2.200474,1.330269,0.9994,-0.004735,2.009858,1.111492,0.9624,-0.411553,2.038930,1.094031,0.9342,-0.145932,1.929670,1.233455,0.9421,-0.266717,1.947140,1.237781,0.9562,-0.109421,2.280201,0.842147,0.9980,-0.309918,2.274396,0.847288,0.9986,-0.109221,2.229889,0.460092,0.9732,-0.313666,2.243054,0.460446,0.9832,-0.099732,2.266873,0.107189,0.9745,-0.325637,2.258600,0.095497,0.9817
722,36.1000,0,-0.212949,2.086746,1.515520,0.9998,-0.185565,2.108027,1.551710,0.9995,-0.241323,2.113625,1.545595,0.9995,-0.144910,2.159908,1.544073,0.9992,-0.263400,2.173026,1.536365,0.9985,-0.031649,2.195068,1.338854,0.9994,-0.357570,2.205585,1.336853,0.9994,-0.004515,2.014264,1.119085,0.9755,-0.413641,2.039967,1.103802,0.9234,-0.148795,1.933537,1.241490,0.9649,-0.266763,1.958145,1.246046,0.9406,-0.111628,2.268061,0.852413,0.9981,-0.310276,2.264036,0.856897,0.9986,-0.111795,2.238047,0.461476,0.9831,-0.310344,2.250679,0.462659,0.9821,-0.100081,2.266361,0.107910,0.9835,-0.325048,2.258490,0.097564,0.9852
723,36.1500,0,-0.214387,2.092495,1.518501,0.9997,-0.187399,2.115130,1.555058,0.9996,-0.242309,2.120292,1.548857,0.9995,-0.146675,2.167076,1.547031,0.9993,-0.264684,2.181217,1.539143,0.9991,-0.033150,2.200787,1.342651,0.9993,-0.359164,2.210226,1.341636,0.9994,-0.003698,2.020539,1.124569,0.9625,-0.415731,2.040545,1.110597,0.9431,-0.151345,1.936035,1.244171,0.9478,-0.266610,1.964659,1.252614,0.9608,-0.113371,2.258297,0.860480,0.9976,-0.309597,2.255928,0.864398,0.9987,-0.114340,2.245014,0.464861,0.9712,-0.307404,2.257862,0.465157,0.9822,-0.100253,2.266047,0.107342,0.9776,-0.325003,2.260048,0.098173,0.9847
724,36.2000,0,-0.215819,2.100555,1.521695,0.9998,-0.188270,2.121612,1.558383,0.9997,-0.244436,2.129664,1.552401,0.9996,-0.147222,2.173250,1.549405,0.9995,-0.265927,2.187873,1.540968,0.9991,-0.034155,2.205085,1.345577,0.9995,-0.360765,2.215360,1.344920,0.9995,-0.003702,2.025603,1.126511,0.9763,-0.416952,2.039599,1.115307,0.9311,-0.155317,1.942041,1.248441,0.9697,-0.266400,1.968070,1.256889,0.9457,-0.113336,2.249191,0.865326,0.9983,-0.309269,2.249660,0.868613,0.9989,-0.115029,2.249032,0.467221,0.9820,-0.305372,2.262150,0.466978,0.9810,-0.100067,2.266818,0.108354,0.9851,-0.324054,2.259610,0.099908,0.9858
725,36.2500,0,-0.216644,2.105335,1.523311,0.9998,-0.189406,2.126884,1.560588,0.9997,-0.245632,2.135064,1.554274,0.9996,-0.148054,2.178168,1.551541,0.9995,-0.266703,2.193308,1.542226,0.9993,-0.034212,2.206995,1.347584,0.9995,-0.362229,2.217657,1.346275,0.9995,-0.003597,2.030663,1.126566,0.9690,-0.417459,2.039005,1.116847,0.9280,-0.156887,1.949438,1.251107,0.9618,-0.267037,1.969875,1.258042,0.9520,-0.114382,2.244194,0.869721,0.9985,-0.309695,2.244669,0.872336,0.9990,-0.117048,2.252437,0.469480,0.9619,-0.303244,2.264857,0.468327,0.9760,-0.099716,2.265619,0.108298,0.9740,-0.323652,2.261679,0.099331,0.9807
726,36.3000,0,-0.215407,2.111351,1.524587,0.9998,-0.188597,2.132595,1.562005,0.9997,-0.244741,2.141749,1.555897,0.9996,-0.147542,2.183308,1.552316,0.9995,-0.266215,2.198382,1.542993,0.9991,-0.034719,2.207650,1.348902,0.9995,-0.362852,2.219486,1.346254,0.9995,-0.003087,2.033555,1.128911,0.9737,-0.418105,2.038698,1.118426,0.9379,-0.159005,1.951908,1.252217,0.9652,-0.267641,1.971172,1.259929,0.9509,-0.114125,2.239772,0.872163,0.9987,-0.308771,2.241776,0.874038,0.9990,-0.117393,2.254958,0.470502,0.9769,-0.301546,2.266362,0.469721,0.9811,-0.099482,2.264632,0.108561,0.9794,-0.322857,2.262636,0.098826,0.9847
727,36.3500,0,-0.215807,2.113744,1.524843,0.9998,-0.188734,2.136565,1.562780,0.9997,-0.245175,2.144199,1.556470,0.9995,-0.148252,2.187395,1.553560,0.9995,-0.266976,2.200320,1.543416,0.9993,-0.034503,2.208676,1.350243,0.9995,-0.363133,2.219995,1.347234,0.9995,-0.003221,2.036707,1.128513,0.9740,-0.418358,2.037389,1.119011,0.9363,-0.159114,1.957799,1.254270,0.9666,-0.267382,1.972711,1.261003,0.9556,-0.114410,2.235037,0.875092,0.9985,-0.309061,2.237789,0.876507,0.9990,-0.117824,2.255788,0.471354,0.9810,-0.301359,2.269139,0.469745,0.9792,-0.098559,2.266346,0.107814,0.9795,-0.322748,2.262173,0.099850,0.9805
728,36.4000,0,-0.217108,2.113533,1.525214,0.9998,-0.190433,2.134989,1.563415,0.9997,-0.247140,2.144186,1.556695,0.9996,-0.149550,2.186712,1.554681,0.9996,-0.268097,2.200433,1.543377,0.9992,-0.034762,2.209679,1.350803,0.9995,-0.363477,2.221398,1.347349,0.9995,-0.003130,2.037359,1.129153,0.9748,-0.418504,2.036027,1.120015,0.9276,-0.160431,1.958823,1.255280,0.9650,-0.267229,1.973669,1.262453,0.9497,-0.114449,2.232830,0.875886,0.9985,-0.308980,2.235981,0.877134,0.9990,-0.118616,2.256347,0.471271,0.9791,-0.301318,2.270670,0.469774,0.9811,-0.099725,2.266074,0.108396,0.9816,-0.321820,2.263671,0.099774,0.9847
729,36.4500,0,-0.217984,2.114132,1.525360,0.9998,-0.191275,2.134538,1.563780,0.9997,-0.248296,2.144634,1.556502,0.9996,-0.150412,2.186698,1.555450,0.9995,-0.268379,2.200511,1.543280,0.9992,-0.035270,2.209022,1.351255,0.9996,-0.363581,2.221953,1.347534,0.9994,-0.003271,2.036867,1.129226,0.9736,-0.418419,2.035122,1.121019,0.9246,-0.160467,1.960930,1.256758,0.9622,-0.267436,1.971657,1.264766,0.9480,-0.113938,2.230166,0.876753,0.9988,-0.308450,2.234067,0.877981,0.9990,-0.118979,2.256097,0.471443,0.9806,-0.301113,2.270850,0.470455,0.9805,-0.099723,2.267488,0.107935,0.9838,-0.321265,2.263430,0.100852,0.9853
730,36.5000,0,-0.219717,2.112111,1.526502,0.9998,-0.192707,2.132592,1.565092,0.9997,-0.250339,2.143292,1.557594,0.9996,-0.151514,2.184181,1.556399,0.9995,-0.270005,2.199492,1.544666,0.9993,-0.035632,2.206622,1.351892,0.9994,-0.364935,2.219622,1.348402,0.9994,-0.003983,2.033831,1.130135,0.9761,-0.418799,2.034667,1.121887,0.9355,-0.159517,1.964203,1.258050,0.9660,-0.268453,1.969338,1.266450,0.9575,-0.112775,2.231094,0.875894,0.9983,-0.307727,2.233532,0.877697,0.9989,-0.119010,2.256386,0.470269,0.9754,-0.301987,2.269304,0.471028,0.9765,-0.099450,2.268139,0.107879,0.9782,-0.320765,2.261941,0.103479,0.9768
731,36.5500,0,-0.221917,2.110233,1.527238,0.9997,-0.193487,2.129985,1.565067,0.9991,-0.251851,2.140124,1.558412,0.9992,-0.151941,2.181394,1.556468,0.9983,-0.270698,2.194053,1.545727,0.9978,-0.036422,2.205110,1.351474,0.9986,-0.365496,2.216876,1.349385,0.9991,-0.006464,2.030076,1.130881,0.9720,-0.419832,2.032539,1.123600,0.9358,-0.160444,1.960030,1.258893,0.9614,-0.269689,1.967517,1.269257,0.9505,-0.110122,2.234232,0.874176,0.9971,-0.306343,2.234110,0.876670,0.9981,-0.118730,2.255106,0.470067,0.9719,-0.303331,2.265333,0.472021,0.9709,-0.099549,2.266087,0.107671,0.9715,-0.322456,2.260710,0.101749,0.9756
732,36.6000,0,-0.221868,2.105165,1.527949,0.9995,-0.193664,2.127214,1.565190,0.9986,-0.251443,2.134097,1.558918,0.9988,-0.152091,2.179461,1.556178,0.9970,-0.271589,2.189674,1.545914,0.9968,-0.037028,2.201512,1.351260,0.9973,-0.365908,2.211008,1.350190,0.9991,-0.010105,2.022826,1.132517,0.9616,-0.421447,2.028535,1.124889,0.9428,-0.162171,1.953975,1.263027,0.9563,-0.270131,1.963380,1.273663,0.9519,-0.107663,2.239303,0.871448,0.9967,-0.304712,2.237098,0.874278,0.9980,-0.119316,2.252148,0.469795,0.9723,-0.305570,2.260645,0.472783,0.9788,-0.101429,2.262296,0.109420,0.9769,-0.322490,2.260300,0.103358,0.9809
733,36.6500,0,-0.222452,2.099418,1.527775,0.9991,-0.193840,2.123100,1.563978,0.9986,-0.251937,2.127258,1.558434,0.9981,-0.152748,2.175691,1.554330,0.9976,-0.273910,2.182895,1.545773,0.9972,-0.039911,2.198101,1.349094,0.9986,-0.366193,2.204461,1.349841,0.9986,-0.014132,2.015155,1.134175,0.9612,-0.422108,2.023894,1.124020,0.9413,-0.162059,1.946493,1.264639,0.9337,-0.269264,1.957612,1.276458,0.9577,-0.106298,2.249285,0.866053,0.9976,-0.304141,2.245032,0.868973,0.9978,-0.118094,2.246416,0.468160,0.9664,-0.308534,2.253747,0.470991,0.9845,-0.101869,2.261100,0.109323,0.9731,-0.322885,2.257157,0.102117,0.9840
734,36.7000,0,-0.224534,2.089333,1.520612,0.9986,-0.194973,2.115608,1.555826,0.9976,-0.252613,2.118086,1.550900,0.9970,-0.155072,2.167748,1.545548,0.9946,-0.275264,2.173884,1.537942,0.9955,-0.043889,2.191208,1.343668,0.9985,-0.365912,2.199247,1.345791,0.9985,-0.016949,2.004485,1.133379,0.9471,-0.422775,2.015911,1.120154,0.9515,-0.165175,1.942802,1.266816,0.9156,-0.271386,1.947012,1.276092,0.9704,-0.104572,2.262111,0.856297,0.9981,-0.301906,2.258999,0.859016,0.9983,-0.116059,2.238906,0.464170,0.9323,-0.312484,2.244197,0.469462,0.9808,-0.101494,2.260811,0.108818,0.9465,-0.323623,2.257407,0.101918,0.9740
735,36.7500,0,-0.226070,2.074083,1.507125,0.9987,-0.195596,2.104094,1.541371,0.9979,-0.252756,2.104113,1.536735,0.9976,-0.157089,2.156159,1.529619,0.9955,-0.275964,2.162660,1.523083,0.9968,-0.046413,2.186874,1.331333,0.9974,-0.365123,2.190414,1.335909,0.9986,-0.020886,1.990761,1.127327,0.9481,-0.421195,2.003761,1.112889,0.9602,-0.168834,1.931907,1.264360,0.9237,-0.272760,1.934777,1.272451,0.9685,-0.101275,2.277353,0.845508,0.9973,-0.300352,2.272889,0.849153,0.9973,-0.113131,2.232104,0.464518,0.9187,-0.319683,2.231534,0.470976,0.9781,-0.101598,2.260563,0.108335,0.9427,-0.326541,2.257491,0.099575,0.9773
736,36.8000,0,-0.227852,2.058277,1.482638,0.9977,-0.197545,2.091001,1.517125,0.9964,-0.252863,2.089864,1.513123,0.9948,-0.160071,2.143024,1.504791,0.9943,-0.275702,2.151424,1.499254,0.9917,-0.050368,2.179753,1.313225,0.9979,-0.364644,2.186366,1.318980,0.9971,-0.022179,1.979341,1.113918,0.9555,-0.420480,1.995721,1.095531,0.9598,-0.167967,1.921026,1.254168,0.9230,-0.275060,1.924835,1.259777,0.9751,-0.096952,2.295997,0.830889,0.9989,-0.297560,2.290672,0.834424,0.9972,-0.108004,2.223922,0.463229,0.9612,-0.325301,2.219635,0.469535,0.9679,-0.101171,2.262275,0.107294,0.9460,-0.325452,2.258331,0.101843,0.9541
737,36.8500,0,-0.228902,2.042610,1.451575,0.9962,-0.198901,2.076244,1.485643,0.9941,-0.253623,2.072789,1.482631,0.9919,-0.162588,2.127645,1.471611,0.9911,-0.277463,2.137664,1.468926,0.9869,-0.053532,2.173746,1.285644,0.9986,-0.364866,2.182078,1.289342,0.9975,-0.025300,1.967045,1.092925,0.9384,-0.420556,1.986504,1.069678,0.9755,-0.167901,1.904056,1.234977,0.9120,-0.277811,1.913543,1.239638,0.9808,-0.091071,2.313507,0.818295,0.9987,-0.293347,2.307362,0.821072,0.9972,-0.101108,2.217471,0.463546,0.9355,-0.331130,2.206358,0.467146,0.9587,-0.100694,2.259702,0.106518,0.9338,-0.327089,2.256030,0.100802,0.9630
738,36.9000,0,-0.228249,2.026896,1.413011,0.9973,-0.200634,2.059517,1.446164,0.9965,-0.253464,2.054986,1.443372,0.9945,-0.165790,2.112731,1.432083,0.9956,-0.278620,2.120805,1.429900,0.9915,-0.056444,2.165802,1.250064,0.9987,-0.366134,2.173187,1.252956,0.9974,-0.027901,1.947374,1.060042,0.9712,-0.420308,1.972690,1.035028,0.9778,-0.169777,1.890410,1.208455,0.9501,-0.277475,1.903275,1.212369,0.9788,-0.085450,2.330673,0.799415,0.9984,-0.288225,2.322776,0.801937,0.9973,-0.094088,2.207796,0.460469,0.9515,-0.336696,2.190941,0.466308,0.9729,-0.100937,2.257682,0.108930,0.9221,-0.327005,2.254289,0.101852,0.9712
739,36.9500,0,-0.229947,2.007621,1.367571,0.9962,-0.202879,2.042383,1.401459,0.9954,-0.254694,2.037014,1.398101,0.9927,-0.170214,2.097645,1.387328,0.9946,-0.279931,2.103844,1.383846,0.9889,-0.059816,2.156115,1.206292,0.9986,-0.366947,2.166542,1.208321,0.9964,-0.028738,1.921403,1.017873,0.9666,-0.420204,1.960056,0.993271,0.9797,-0.173343,1.877208,1.171999,0.9243,-0.278000,1.894619,1.176790,0.9770,-0.082168,2.343510,0.775210,0.9984,-0.284514,2.336210,0.775622,0.9965,-0.085024,2.192834,0.461656,0.9549,-0.342502,2.175911,0.460720,0.9683,-0.099162,2.258165,0.107284,0.9352,-0.328038,2.255123,0.099998,0.9661
740,37.0000,0,-0.230854,1.992704,1.319437,0.9945,-0.205223,2.027215,1.352695,0.9937,-0.255791,2.021405,1.348670,0.9901,-0.173921,2.082574,1.339788,0.9929,-0.281846,2.088999,1.334525,0.9834,-0.061954,2.146324,1.160753,0.9982,-0.366638,2.158323,1.160967,0.9949,-0.031162,1.906769,0.974745,0.9658,-0.417373,1.946984,0.949847,0.9764,-0.179299,1.868550,1.131394,0.9128,-0.279638,1.885601,1.135865,0.9765,-0.079027,2.358098,0.747587,0.9980,-0.281298,2.354061,0.747074,0.9962,-0.078846,2.180497,0.455623,0.9459,-0.348443,2.167209,0.452397,0.9703,-0.100063,2.258656,0.103660,0.9197,-0.329285,2.254858,0.098581,0.9691
741,37.0500,0,-0.231299,1.979628,1.270286,0.9932,-0.206450,2.013651,1.304351,0.9926,-0.257181,2.008101,1.299496,0.9884,-0.175703,2.067556,1.291690,0.9920,-0.283868,2.073151,1.283445,0.9821,-0.061157,2.130129,1.112070,0.9970,-0.366400,2.150337,1.113178,0.9934,-0.032054,1.891808,0.927117,0.9680,-0.415222,1.936265,0.903705,0.9803,-0.184443,1.859470,1.087180,0.9021,-0.279625,1.875810,1.091997,0.9781,-0.077778,2.365193,0.719519,0.9979,-0.279406,2.366643,0.720123,0.9967,-0.073542,2.169193,0.450430,0.9548,-0.351870,2.156758,0.451927,0.9784,-0.098028,2.259503,0.102566,0.9383,-0.327644,2.255816,0.097753,0.9763
742,37.1000,0,-0.230125,1.965674,1.220982,0.9969,-0.206724,1.998895,1.254748,0.9964,-0.257429,1.994496,1.249125,0.9949,-0.177144,2.052752,1.243233,0.9953,-0.284498,2.059108,1.232724,0.9915,-0.058477,2.116447,1.064872,0.9981,-0.366379,2.142849,1.063769,0.9962,-0.032049,1.879047,0.881213,0.9762,-0.414589,1.927568,0.857881,0.9797,-0.188478,1.851320,1.042362,0.9015,-0.280049,1.869356,1.047504,0.9741,-0.077618,2.362458,0.690982,0.9987,-0.278301,2.373428,0.693009,0.9985,-0.068947,2.160460,0.442228,0.9687,-0.352629,2.144168,0.453626,0.9812,-0.097310,2.258778,0.101590,0.9472,-0.325197,2.258069,0.098235,0.9790
743,37.1500,0,-0.229203,1.955313,1.173950,0.9963,-0.206217,1.987683,1.207682,0.9959,-0.257611,1.984135,1.201696,0.9936,-0.177363,2.039932,1.196170,0.9949,-0.285461,2.046543,1.184696,0.9906,-0.056690,2.106526,1.021416,0.9981,-0.365969,2.135865,1.018697,0.9956,-0.034489,1.872536,0.837839,0.9676,-0.414541,1.919293,0.815730,0.9784,-0.191788,1.844695,1.000254,0.8770,-0.279488,1.865071,1.005290,0.9698,-0.079643,2.356069,0.658990,0.9993,-0.280803,2.370951,0.664256,0.9985,-0.067499,2.150675,0.433484,0.9433,-0.353014,2.132596,0.448862,0.9721,-0.098188,2.256542,0.100480,0.9265,-0.324322,2.259068,0.096471,0.9673
744,37.2000,0,-0.229347,1.947267,1.129582,0.9992,-0.205940,1.977067,1.163293,0.9993,-0.258613,1.975837,1.156557,0.9985,-0.176612,2.025979,1.151486,0.9994,-0.287269,2.036583,1.139497,0.9981,-0.054300,2.092334,0.980688,0.9995,-0.365460,2.130912,0.974848,0.9983,-0.036280,1.866504,0.796477,0.9777,-0.414984,1.911605,0.774465,0.9760,-0.193940,1.841079,0.960656,0.9338,-0.278261,1.860826,0.964762,0.9775,-0.079197,2.350682,0.624700,0.9995,-0.282266,2.371013,0.630148,0.9995,-0.067016,2.141407,0.432803,0.9810,-0.353014,2.132596,0.448862,0.0000,-0.098614,2.255117,0.101453,0.9720,-0.321327,2.252598,0.107327,0.9715
745,37.2500,0,-0.230140,1.936907,1.085686,0.9988,-0.206522,1.965743,1.119073,0.9989,-0.259984,1.964875,1.111463,0.9979,-0.176992,2.014370,1.108443,0.9987,-0.288141,2.026045,1.096227,0.9969,-0.056258,2.087780,0.943915,0.9993,-0.364644,2.126196,0.932961,0.9970,-0.038116,1.866784,0.755917,0.9508,-0.414616,1.904428,0.734900,0.9694,-0.194310,1.839747,0.923431,0.8410,-0.276835,1.858124,0.926653,0.9686,-0.078712,2.358321,0.593651,0.9996,-0.280943,2.378643,0.597666,0.9996,-0.064053,2.129478,0.433517,0.9759,-0.355723,2.124254,0.453940,0.9714,-0.097468,2.250592,0.105768,0.9560,-0.319751,2.250090,0.113118,0.9727
746,37.3000,0,-0.230265,1.929565,1.043573,0.9992,-0.206634,1.956822,1.077250,0.9993,-0.260374,1.955950,1.069192,0.9986,-0.177146,2.003967,1.068674,0.9992,-0.289653,2.017708,1.054817,0.9980,-0.056115,2.081939,0.908823,0.9988,-0.364144,2.121768,0.895931,0.9985,-0.038826,1.866406,0.718888,0.9526,-0.415276,1.900955,0.699255,0.9723,-0.196211,1.837662,0.885775,0.8396,-0.275833,1.856340,0.890969,0.9657,-0.080243,2.363118,0.566388,0.9993,-0.281693,2.385839,0.568078,0.9995,-0.061063,2.116765,0.437736,0.9737,-0.359589,2.120713,0.455523,0.9765,-0.097083,2.246230,0.108383,0.9553,-0.319045,2.244373,0.117026,0.9764
747,37.3500,0,-0.230063,1.921808,1.009042,0.9990,-0.206845,1.947092,1.042139,0.9993,-0.260139,1.948741,1.034203,0.9984,-0.176890,1.994027,1.035957,0.9991,-0.289556,2.012172,1.020937,0.9982,-0.054055,2.076655,0.877687,0.9971,-0.362664,2.120338,0.865583,0.9990,-0.040232,1.868308,0.685136,0.9495,-0.416121,1.900284,0.668641,0.9793,-0.198333,1.835602,0.852108,0.8347,-0.274316,1.856807,0.858720,0.9739,-0.084906,2.363250,0.541742,0.9991,-0.283700,2.385902,0.541089,0.9995,-0.055574,2.113695,0.444124,0.9787,-0.362495,2.110011,0.458339,0.9831,-0.098668,2.244834,0.110031,0.9558,-0.318070,2.245616,0.116776,0.9823
748,37.4000,0,-0.231352,1.917492,0.983085,0.9994,-0.207300,1.941769,1.016325,0.9996,-0.260488,1.944459,1.008753,0.9991,-0.176990,1.987305,1.011430,0.9988,-0.289201,2.009023,0.996218,0.9988,-0.053415,2.075576,0.854006,0.9963,-0.362402,2.116976,0.839590,0.9990,-0.041004,1.871659,0.659780,0.9540,-0.416048,1.901536,0.644407,0.9778,-0.199760,1.834833,0.827809,0.8299,-0.273231,1.858685,0.833412,0.9729,-0.086931,2.361539,0.523850,0.9993,-0.286282,2.386523,0.519833,0.9996,-0.054490,2.103508,0.448208,0.9824,-0.364401,2.102923,0.460916,0.9807,-0.099325,2.243295,0.112091,0.9578,-0.316610,2.245595,0.118770,0.9834
749,37.4500,0,-0.231044,1.915968,0.969141,0.9996,-0.207268,1.938448,1.002160,0.9997,-0.259992,1.943371,0.994522,0.9994,-0.175612,1.983997,0.997816,0.9993,-0.288256,2.009020,0.981669,0.9993,-0.052081,2.076426,0.838357,0.9984,-0.360998,2.117227,0.829003,0.9993,-0.042679,1.877219,0.641929,0.9568,-0.416239,1.904047,0.629544,0.9760,-0.199311,1.833970,0.811567,0.8351,-0.272234,1.860563,0.815230,0.9568,-0.090233,2.358096,0.514688,0.9988,-0.290200,2.382307,0.509966,0.9994,-0.048546,2.103745,0.452310,0.9797,-0.365154,2.093977,0.462156,0.9775,-0.099934,2.241873,0.114648,0.9539,-0.316800,2.244744,0.116558,0.9774
750,37.5000,0,-0.229476,1.917648,0.965856,0.9997,-0.205233,1.939428,0.999069,0.9990,-0.258395,1.944342,0.991157,0.9995,-0.173944,1.983795,0.994838,0.9974,-0.286856,2.009775,0.978291,0.9987,-0.050943,2.077656,0.835051,0.9950,-0.359376,2.117724,0.826259,0.9994,-0.042779,1.881331,0.638226,0.9495,-0.415823,1.906515,0.625781,0.9785,-0.199388,1.835970,0.807123,0.8173,-0.271859,1.861805,0.811594,0.9714,-0.091194,2.353004,0.510826,0.9986,-0.293013,2.378573,0.505523,0.9993,-0.044474,2.104315,0.453763,0.9839,-0.367163,2.093791,0.461580,0.9788,-0.100427,2.241181,0.113973,0.9623,-0.316358,2.245938,0.115722,0.9773
751,37.5500,0,-0.227120,1.921996,0.973070,0.9995,-0.203256,1.943540,1.006086,0.9996,-0.256886,1.947998,0.998191,0.9992,-0.171841,1.988885,1.001395,0.9996,-0.285753,2.011944,0.985691,0.9989,-0.050112,2.078640,0.842976,0.9992,-0.357438,2.119002,0.833004,0.9989,-0.042647,1.884302,0.645694,0.9717,-0.415458,1.907419,0.632258,0.9870,-0.197628,1.841375,0.814664,0.8896,-0.271514,1.865420,0.817645,0.9832,-0.088146,2.360189,0.512993,0.9995,-0.288598,2.383119,0.509542,0.9996,-0.044104,2.099601,0.456361,0.9893,-0.364962,2.087130,0.462617,0.9797,-0.099472,2.239810,0.116890,0.9711,-0.318547,2.242365,0.118771,0.9792
752,37.6000,0,-0.227158,1.926153,0.988474,0.9998,-0.202729,1.948228,1.020788,0.9994,-0.256451,1.953952,1.013049,0.9996,-0.172014,1.993877,1.015207,0.9985,-0.284184,2.017987,1.000419,0.9994,-0.050280,2.082573,0.857185,0.9988,-0.355620,2.123750,0.844861,0.9993,-0.041803,1.883143,0.661261,0.9711,-0.414108,1.910528,0.647041,0.9812,-0.197872,1.842849,0.829693,0.8752,-0.271204,1.867617,0.834160,0.9739,-0.090213,2.362328,0.524521,0.9994,-0.290567,2.382738,0.522214,0.9997,-0.046201,2.095164,0.450330,0.9819,-0.365297,2.096092,0.457742,0.9667,-0.098887,2.240593,0.114630,0.9661,-0.317114,2.244308,0.116611,0.9753
753,37.6500,0,-0.227453,1.932262,1.010749,0.9993,-0.202275,1.954104,1.042580,0.9993,-0.256945,1.960734,1.034799,0.9987,-0.171115,1.998138,1.036121,0.9993,-0.283696,2.023318,1.021768,0.9985,-0.046902,2.082904,0.874229,0.9988,-0.353873,2.127811,0.862374,0.9985,-0.042280,1.880201,0.680362,0.9591,-0.412410,1.911239,0.666373,0.9677,-0.196491,1.845336,0.851912,0.8986,-0.270831,1.868882,0.855396,0.9693,-0.085855,2.356642,0.536235,0.9995,-0.287149,2.379791,0.535527,0.9993,-0.049952,2.103625,0.449039,0.9743,-0.365297,2.096092,0.457742,0.0000,-0.098642,2.243178,0.113578,0.9629,-0.314797,2.245577,0.120775,0.9804
754,37.7000,0,-0.228745,1.939660,1.043068,0.9985,-0.202068,1.962844,1.075222,0.9985,-0.257037,1.970349,1.067422,0.9972,-0.169744,2.004415,1.066898,0.9984,-0.282208,2.032618,1.054207,0.9960,-0.045713,2.085660,0.901509,0.9989,-0.352348,2.133275,0.891199,0.9973,-0.041768,1.874457,0.712806,0.9737,-0.409898,1.912563,0.697761,0.9758,-0.194946,1.852147,0.887644,0.9225,-0.270196,1.872879,0.887830,0.9679,-0.083714,2.359550,0.554124,0.9993,-0.286040,2.383641,0.556796,0.9995,-0.053073,2.109072,0.445605,0.9767,-0.362446,2.102183,0.461257,0.9699,-0.098373,2.246435,0.111232,0.9667,-0.316065,2.249637,0.117915,0.9717
755,37.7500,0,-0.228095,1.951365,1.086538,0.9985,-0.201014,1.975505,1.119566,0.9982,-0.256059,1.982955,1.112269,0.9975,-0.167519,2.015581,1.108859,0.9978,-0.279204,2.044536,1.098330,0.9962,-0.044036,2.091616,0.941274,0.9987,-0.349736,2.141485,0.931220,0.9973,-0.039002,1.873255,0.755649,0.9786,-0.409260,1.916959,0.739157,0.9789,-0.191667,1.861979,0.931065,0.9136,-0.270005,1.878218,0.927124,0.9764,-0.080470,2.364959,0.583585,0.9992,-0.283859,2.389382,0.587148,0.9991,-0.056659,2.114658,0.440781,0.9668,-0.359856,2.109746,0.464626,0.9775,-0.095851,2.250316,0.107713,0.9474,-0.317140,2.252066,0.113417,0.9781
756,37.8000,0,-0.226235,1.965296,1.137068,0.9957,-0.199571,1.990805,1.170086,0.9946,-0.254126,1.997121,1.163104,0.9928,-0.165628,2.030208,1.157507,0.9930,-0.276371,2.057663,1.147451,0.9905,-0.042919,2.102175,0.985111,0.9973,-0.348367,2.148793,0.976299,0.9967,-0.035529,1.876073,0.805067,0.9699,-0.408414,1.922429,0.787925,0.9853,-0.187561,1.869535,0.979404,0.9363,-0.268321,1.884716,0.973679,0.9810,-0.080396,2.371673,0.617411,0.9972,-0.284396,2.391083,0.620371,0.9971,-0.061259,2.122790,0.442421,0.9464,-0.357920,2.120703,0.461477,0.9738,-0.094545,2.254115,0.107214,0.9098,-0.319906,2.252494,0.109070,0.9694
757,37.8500,0,-0.225285,1.977443,1.190269,0.9975,-0.197344,2.004745,1.222520,0.9970,-0.252478,2.008230,1.215814,0.9957,-0.163155,2.043891,1.208127,0.9961,-0.274840,2.068228,1.198736,0.9941,-0.041922,2.113435,1.032283,0.9963,-0.348254,2.152214,1.024795,0.9970,-0.030362,1.879393,0.855949,0.9667,-0.407730,1.925482,0.839687,0.9819,-0.183050,1.878277,1.030342,0.9375,-0.265487,1.892568,1.025060,0.9754,-0.083649,2.375602,0.650303,0.9986,-0.287604,2.387446,0.652225,0.9978,-0.065150,2.127399,0.444955,0.9512,-0.354969,2.132458,0.458795,0.9787,-0.095834,2.255147,0.107968,0.9361,-0.322543,2.251431,0.108014,0.9787
758,37.9000,0,-0.224151,1.991763,1.244577,0.9967,-0.196382,2.020577,1.277975,0.9960,-0.250847,2.022026,1.270807,0.9939,-0.162156,2.061211,1.263870,0.9948,-0.272148,2.083345,1.254892,0.9903,-0.042546,2.130333,1.085466,0.9982,-0.347223,2.162116,1.077953,0.9971,-0.026172,1.888623,0.907945,0.9697,-0.405717,1.936703,0.891232,0.9630,-0.177572,1.886778,1.078464,0.9316,-0.265504,1.898822,1.073601,0.9671,-0.085197,2.375863,0.686529,0.9986,-0.289734,2.382374,0.686619,0.9979,-0.071121,2.136287,0.447892,0.9524,-0.350838,2.146847,0.453543,0.9751,-0.096974,2.254570,0.106426,0.9294,-0.324727,2.252995,0.105128,0.9808
759,37.9500,0,-0.223722,2.003187,1.296797,0.9960,-0.194939,2.033024,1.330349,0.9947,-0.249455,2.035018,1.324569,0.9923,-0.159594,2.075121,1.316439,0.9925,-0.270192,2.098245,1.309468,0.9877,-0.044413,2.143406,1.136637,0.9978,-0.346535,2.173044,1.130818,0.9968,-0.023772,1.904301,0.959984,0.9686,-0.404391,1.948210,0.942667,0.9523,-0.172820,1.895369,1.125705,0.9421,-0.265497,1.903148,1.119184,0.9706,-0.087112,2.373308,0.721490,0.9987,-0.291639,2.375645,0.721704,0.9978,-0.078349,2.152672,0.451552,0.9534,-0.346428,2.159708,0.452866,0.9680,-0.097421,2.258700,0.105996,0.9441,-0.324984,2.253292,0.102328,0.9773
760,38.0000,0,-0.221409,2.014397,1.345504,0.9914,-0.192131,2.047416,1.380508,0.9860,-0.246081,2.047143,1.375086,0.9819,-0.156698,2.094255,1.367745,0.9762,-0.267893,2.112098,1.361605,0.9734,-0.047691,2.159131,1.187200,0.9976,-0.347455,2.184278,1.183422,0.9978,-0.024584,1.924308,1.006872,0.9291,-0.406390,1.958344,0.985823,0.9539,-0.167725,1.900605,1.167338,0.9139,-0.264925,1.910339,1.162287,0.9652,-0.090806,2.366516,0.748638,0.9975,-0.294405,2.367802,0.748627,0.9974,-0.085919,2.165275,0.454342,0.9194,-0.340021,2.175296,0.451638,0.9670,-0.099200,2.260293,0.107384,0.9083,-0.326453,2.253515,0.097269,0.9679
761,38.0500,0,-0.221336,2.029232,1.388614,0.9932,-0.191267,2.064541,1.425254,0.9903,-0.246669,2.062043,1.418262,0.9863,-0.156255,2.111477,1.413035,0.9829,-0.269315,2.125012,1.405002,0.9812,-0.048408,2.172945,1.229841,0.9974,-0.349471,2.191263,1.226598,0.9960,-0.025776,1.939715,1.046294,0.9373,-0.407059,1.966903,1.025509,0.9554,-0.167599,1.912051,1.206427,0.8826,-0.263800,1.920743,1.202611,0.9625,-0.094536,2.360079,0.769450,0.9977,-0.297089,2.358550,0.770140,0.9957,-0.092421,2.178138,0.454907,0.9247,-0.333513,2.189022,0.450907,0.9644,-0.101247,2.261640,0.108272,0.9281,-0.325872,2.252418,0.097161,0.9572
762,38.1000,0,-0.221210,2.040684,1.424859,0.9973,-0.191817,2.076861,1.462715,0.9952,-0.246577,2.072824,1.455015,0.9948,-0.157782,2.127365,1.452028,0.9885,-0.270321,2.135748,1.442148,0.9923,-0.050265,2.186089,1.268770,0.9977,-0.351350,2.198788,1.262845,0.9979,-0.024529,1.955246,1.085032,0.9183,-0.407254,1.973009,1.058421,0.9619,-0.166888,1.918558,1.233879,0.8612,-0.262352,1.930253,1.238203,0.9668,-0.097652,2.348424,0.789647,0.9973,-0.298576,2.345947,0.790661,0.9971,-0.097961,2.189421,0.456279,0.9098,-0.327477,2.202991,0.454249,0.9787,-0.100595,2.259407,0.108903,0.9348,-0.326546,2.251889,0.097640,0.9753
763,38.1500,0,-0.222649,2.051173,1.454836,0.9989,-0.193985,2.085310,1.492488,0.9984,-0.247751,2.083372,1.485209,0.9980,-0.158571,2.139915,1.483708,0.9964,-0.271128,2.147238,1.473150,0.9968,-0.049968,2.192797,1.298435,0.9985,-0.352992,2.203255,1.290950,0.9986,-0.022652,1.963714,1.112420,0.9347,-0.407480,1.977042,1.087075,0.9549,-0.165514,1.929174,1.260799,0.8819,-0.260917,1.936985,1.266598,0.9655,-0.100328,2.334354,0.807522,0.9977,-0.300918,2.328698,0.809461,0.9985,-0.102990,2.202700,0.458363,0.9389,-0.322482,2.216337,0.456717,0.9835,-0.099854,2.258721,0.110276,0.9605,-0.327316,2.252373,0.097226,0.9814
764,38.2000,0,-0.223787,2.066018,1.480055,0.9985,-0.195032,2.099718,1.517721,0.9976,-0.249477,2.096274,1.510225,0.9970,-0.158100,2.153036,1.507894,0.9959,-0.273166,2.157421,1.497552,0.9957,-0.048461,2.198619,1.319704,0.9977,-0.355916,2.209024,1.314271,0.9979,-0.021748,1.972496,1.134147,0.9600,-0.408297,1.983434,1.111587,0.9560,-0.165830,1.940639,1.283650,0.9261,-0.260614,1.947510,1.291416,0.9629,-0.103550,2.321077,0.821724,0.9969,-0.303480,2.315269,0.824765,0.9973,-0.107168,2.212824,0.460488,0.9509,-0.317949,2.227602,0.458959,0.9746,-0.100709,2.260386,0.110396,0.9559,-0.327397,2.252134,0.097881,0.9746
765,38.2500,0,-0.224580,2.077016,1.494857,0.9989,-0.195265,2.110807,1.532956,0.9985,-0.250705,2.106998,1.525631,0.9980,-0.158076,2.164025,1.524006,0.9967,-0.275275,2.166875,1.513275,0.9962,-0.047188,2.202840,1.333498,0.9976,-0.357907,2.212747,1.328387,0.9979,-0.021631,1.980484,1.147699,0.9647,-0.408626,1.987112,1.128877,0.9615,-0.164870,1.949789,1.299951,0.9400,-0.260924,1.952786,1.308789,0.9657,-0.105641,2.306214,0.832673,0.9973,-0.305683,2.301441,0.836296,0.9981,-0.109181,2.223258,0.461864,0.9650,-0.313350,2.236837,0.460031,0.9693,-0.100064,2.261934,0.110391,0.9657,-0.326554,2.252558,0.098475,0.9739
766,38.3000,0,-0.223938,2.088042,1.505121,0.9996,-0.193575,2.120042,1.543423,0.9989,-0.250882,2.118045,1.536613,0.9989,-0.156653,2.172988,1.535029,0.9975,-0.275078,2.174426,1.524155,0.9971,-0.047680,2.212116,1.343066,0.9981,-0.358817,2.217231,1.338910,0.9991,-0.021291,1.988681,1.158135,0.9560,-0.408415,1.990390,1.143960,0.9652,-0.164617,1.959691,1.311599,0.9414,-0.260655,1.959563,1.321922,0.9668,-0.108546,2.293360,0.843816,0.9975,-0.307029,2.287895,0.848097,0.9984,-0.111706,2.233365,0.464914,0.9547,-0.310108,2.244478,0.464374,0.9647,-0.100661,2.263304,0.109470,0.9572,-0.327768,2.256211,0.098159,0.9676
767,38.3500,0,-0.223754,2.099621,1.514490,0.9995,-0.192283,2.130130,1.552219,0.9987,-0.250959,2.129129,1.545878,0.9989,-0.155494,2.182742,1.544255,0.9968,-0.273804,2.182500,1.533462,0.9970,-0.047701,2.224472,1.349721,0.9951,-0.358699,2.222663,1.345891,0.9990,-0.021654,1.996663,1.167321,0.9551,-0.407850,1.994011,1.155451,0.9589,-0.166199,1.969142,1.319577,0.9408,-0.258264,1.966650,1.330992,0.9579,-0.111347,2.280282,0.851765,0.9962,-0.306949,2.275017,0.856507,0.9981,-0.113008,2.241435,0.466192,0.9720,-0.308401,2.249252,0.468212,0.9761,-0.101680,2.264466,0.110076,0.9739,-0.328040,2.258718,0.098081,0.9798
768,38.4000,0,-0.223330,2.106443,1.518124,0.9998,-0.191220,2.136993,1.555893,0.9995,-0.249911,2.137156,1.549860,0.9995,-0.154628,2.189590,1.548131,0.9990,-0.272411,2.189023,1.538209,0.9988,-0.047611,2.232338,1.352733,0.9985,-0.359539,2.228115,1.349544,0.9994,-0.021143,2.005629,1.171032,0.9480,-0.406599,1.997435,1.162197,0.9616,-0.166880,1.981331,1.324128,0.9427,-0.256456,1.973263,1.334266,0.9649,-0.111454,2.270369,0.857402,0.9979,-0.306100,2.264633,0.861653,0.9988,-0.114630,2.248567,0.467118,0.9709,-0.306240,2.256140,0.469715,0.9735,-0.102201,2.265551,0.108887,0.9721,-0.329037,2.261328,0.096728,0.9767
769,38.4500,0,-0.222690,2.112505,1.520654,0.9998,-0.190145,2.143103,1.558409,0.9994,-0.248564,2.143775,1.552122,0.9994,-0.153524,2.196031,1.550131,0.9988,-0.270488,2.195398,1.540752,0.9984,-0.047146,2.239293,1.353815,0.9981,-0.358730,2.231870,1.350754,0.9992,-0.020243,2.012135,1.172665,0.9473,-0.405384,1.999941,1.166101,0.9553,-0.165515,1.987669,1.324290,0.9247,-0.253870,1.978780,1.335987,0.9567,-0.111562,2.262799,0.861065,0.9969,-0.304885,2.256567,0.865012,0.9983,-0.115051,2.252664,0.468595,0.9693,-0.304009,2.262708,0.471076,0.9755,-0.101616,2.263259,0.109497,0.9727,-0.327940,2.262886,0.096832,0.9775
770,38.5000,0,-0.221584,2.118954,1.522285,0.9998,-0.188625,2.148891,1.559755,0.9995,-0.247530,2.150139,1.553352,0.9994,-0.152433,2.200907,1.551639,0.9991,-0.269079,2.200721,1.542011,0.9986,-0.046795,2.244420,1.355378,0.9992,-0.357430,2.234582,1.352383,0.9994,-0.017657,2.018170,1.174135,0.9529,-0.404928,2.003235,1.168022,0.9551,-0.165184,1.995551,1.323227,0.9388,-0.251931,1.984534,1.335684,0.9633,-0.112067,2.256665,0.864728,0.9983,-0.304393,2.249778,0.868988,0.9988,-0.115226,2.255517,0.470109,0.9614,-0.303292,2.266898,0.472415,0.9731,-0.101559,2.264421,0.109191,0.9652,-0.328737,2.265064,0.096168,0.9756
771,38.5500,0,-0.221420,2.121995,1.523108,0.9998,-0.188177,2.151503,1.561230,0.9997,-0.246628,2.154076,1.554873,0.9996,-0.151862,2.204067,1.552848,0.9993,-0.267376,2.205200,1.543175,0.9989,-0.046025,2.248149,1.356586,0.9995,-0.355612,2.238322,1.353311,0.9994,-0.015624,2.023304,1.173705,0.9505,-0.403909,2.008622,1.168102,0.9398,-0.164027,2.000503,1.321815,0.9407,-0.251151,1.988254,1.333383,0.9524,-0.111840,2.250612,0.867772,0.9986,-0.303082,2.243798,0.872102,0.9989,-0.115252,2.256268,0.469741,0.9639,-0.302625,2.268572,0.472156,0.9672,-0.101325,2.265313,0.108261,0.9625,-0.328896,2.264546,0.097206,0.9656
772,38.6000,0,-0.220040,2.125112,1.522489,0.9998,-0.186878,2.153880,1.560572,0.9994,-0.244859,2.157511,1.554349,0.9994,-0.150827,2.206322,1.551982,0.9990,-0.265238,2.208642,1.542476,0.9984,-0.045102,2.251637,1.356713,0.9990,-0.353971,2.240661,1.352670,0.9994,-0.013717,2.027072,1.172439,0.9401,-0.402930,2.010839,1.167213,0.9511,-0.164113,2.003740,1.319576,0.9174,-0.249641,1.993439,1.331840,0.9596,-0.111495,2.246042,0.870061,0.9980,-0.301549,2.238785,0.874588,0.9987,-0.115385,2.256285,0.471203,0.9545,-0.301514,2.271016,0.472571,0.9721,-0.100631,2.266134,0.109481,0.9636,-0.328923,2.267363,0.096356,0.9713
773,38.6500,0,-0.218219,2.128947,1.523088,0.9997,-0.185057,2.157084,1.560960,0.9993,-0.243825,2.160265,1.554172,0.9992,-0.149429,2.208763,1.552104,0.9988,-0.264619,2.209670,1.542136,0.9979,-0.044525,2.253024,1.356009,0.9991,-0.353310,2.240531,1.351240,0.9992,-0.011824,2.027954,1.171516,0.9660,-0.402812,2.012121,1.166112,0.9412,-0.162366,2.006067,1.316976,0.9503,-0.249732,1.997597,1.328234,0.9507,-0.110900,2.242021,0.871151,0.9982,-0.300959,2.234569,0.875549,0.9986,-0.115994,2.256993,0.472729,0.9643,-0.301076,2.271514,0.473634,0.9700,-0.100908,2.267625,0.110775,0.9650,-0.328381,2.266108,0.099014,0.9691
774,38.7000,0,-0.218396,2.128103,1.522566,0.9998,-0.185550,2.156419,1.560573,0.9996,-0.243089,2.160321,1.554272,0.9996,-0.149438,2.208637,1.551847,0.9992,-0.262831,2.210758,1.542389,0.9989,-0.043624,2.253646,1.355578,0.9991,-0.352038,2.241602,1.350914,0.9994,-0.011521,2.029809,1.170616,0.9511,-0.402371,2.013949,1.165097,0.9466,-0.163671,2.009403,1.316622,0.9373,-0.248760,2.001030,1.326659,0.9589,-0.110821,2.238613,0.873012,0.9983,-0.299728,2.230662,0.877530,0.9989,-0.116324,2.256020,0.473688,0.9510,-0.300015,2.272707,0.474349,0.9689,-0.101104,2.266842,0.110172,0.9619,-0.328070,2.270146,0.097039,0.9700
775,38.7500,0,-0.217049,2.128423,1.521675,0.9997,-0.184460,2.156847,1.559684,0.9994,-0.242042,2.159852,1.553313,0.9994,-0.148716,2.209285,1.550800,0.9990,-0.261777,2.210143,1.540978,0.9985,-0.042568,2.254029,1.354621,0.9989,-0.352028,2.241314,1.350301,0.9994,-0.011026,2.031176,1.169498,0.9539,-0.402369,2.014100,1.164695,0.9526,-0.165153,2.014480,1.315649,0.9370,-0.248054,2.002172,1.325517,0.9587,-0.110108,2.237300,0.873471,0.9980,-0.299033,2.230096,0.877709,0.9987,-0.116640,2.257157,0.473452,0.9640,-0.299450,2.274771,0.473503,0.9777,-0.100558,2.267752,0.109456,0.9718,-0.327972,2.272202,0.095634,0.9796
776,38.8000,0,-0.216325,2.130423,1.522820,0.9997,-0.183917,2.158489,1.560490,0.9996,-0.241835,2.160900,1.554466,0.9996,-0.148397,2.210382,1.551764,0.9992,-0.261311,2.209948,1.541970,0.9989,-0.042585,2.253779,1.354285,0.9992,-0.350534,2.241839,1.350021,0.9993,-0.010757,2.029996,1.169972,0.9577,-0.401522,2.015361,1.164137,0.9458,-0.165350,2.016291,1.315537,0.9424,-0.248004,2.002156,1.324532,0.9533,-0.110247,2.235211,0.874334,0.9984,-0.297936,2.226571,0.878924,0.9988,-0.116250,2.256577,0.473585,0.9429,-0.298384,2.275123,0.474151,0.9723,-0.101338,2.266342,0.109561,0.9585,-0.328077,2.274068,0.094975,0.9723
777,38.8500,0,-0.216195,2.129073,1.522577,0.9998,-0.183727,2.157299,1.560412,0.9995,-0.241008,2.160818,1.554750,0.9995,-0.148135,2.209244,1.551441,0.9991,-0.259761,2.210167,1.542316,0.9987,-0.041506,2.252846,1.353667,0.9989,-0.350096,2.240689,1.349638,0.9994,-0.010316,2.029936,1.168200,0.9587,-0.401190,2.015335,1.164046,0.9443,-0.165375,2.015479,1.314659,0.9459,-0.246928,2.002385,1.324223,0.9521,-0.109882,2.233513,0.874463,0.9982,-0.297438,2.225437,0.878645,0.9988,-0.116240,2.256128,0.474209,0.9593,-0.298676,2.276213,0.472934,0.9769,-0.101544,2.266982,0.109493,0.9699,-0.328253,2.276018,0.094095,0.9790
778,38.9000,0,-0.216036,2.129397,1.522017,0.9997,-0.183247,2.157311,1.559860,0.9994,-0.240903,2.161386,1.553958,0.9994,-0.147418,2.208632,1.551278,0.9989,-0.259307,2.210023,1.541761,0.9984,-0.040729,2.252076,1.353252,0.9987,-0.349601,2.240165,1.349274,0.9993,-0.008909,2.029200,1.168843,0.9643,-0.400903,2.014428,1.164220,0.9492,-0.163970,2.013193,1.313717,0.9465,-0.246703,2.003927,1.323203,0.9564,-0.109501,2.231937,0.874453,0.9976,-0.296788,2.224566,0.878461,0.9986,-0.116666,2.255599,0.473972,0.9612,-0.298676,2.276966,0.472615,0.9699,-0.102024,2.266917,0.110574,0.9642,-0.327364,2.275601,0.094546,0.9719
779,38.9500,0,-0.214516,2.130886,1.521937,0.9998,-0.181624,2.157690,1.559654,0.9995,-0.240295,2.162288,1.553925,0.9995,-0.145989,2.207850,1.550968,0.9991,-0.259053,2.209893,1.541490,0.9987,-0.040172,2.251099,1.352931,0.9990,-0.348656,2.237661,1.349862,0.9994,-0.007954,2.027931,1.169227,0.9553,-0.400333,2.013387,1.164156,0.9539,-0.162490,2.012122,1.312168,0.9311,-0.245675,2.004066,1.321761,0.9577,-0.108866,2.229869,0.875123,0.9981,-0.295702,2.222241,0.879054,0.9988,-0.116989,2.255390,0.473721,0.9427,-0.298131,2.276371,0.472833,0.9728,-0.102616,2.266203,0.110604,0.9583,-0.326640,2.276723,0.094300,0.9728
780,39.0000,0,-0.214192,2.130141,1.521225,0.9997,-0.181254,2.156681,1.558989,0.9992,-0.239786,2.162112,1.553831,0.9993,-0.145896,2.207122,1.550790,0.9985,-0.258644,2.210390,1.541539,0.9980,-0.039863,2.250901,1.353831,0.9987,-0.347501,2.238169,1.349683,0.9992,-0.007779,2.028055,1.169420,0.9423,-0.399920,2.013431,1.163355,0.9526,-0.160625,2.010886,1.311104,0.9259,-0.246438,2.003947,1.320692,0.9561,-0.107888,2.228332,0.874901,0.9979,-0.294257,2.219162,0.879723,0.9986,-0.115706,2.255668,0.472550,0.9463,-0.298406,2.273569,0.473962,0.9745,-0.102887,2.267300,0.109841,0.9594,-0.328258,2.274799,0.095771,0.9755
781,39.0500,0,-0.213753,2.130479,1.521925,0.9997,-0.180235,2.156932,1.559612,0.9992,-0.239408,2.162300,1.555075,0.9992,-0.144854,2.207024,1.551268,0.9985,-0.258038,2.209185,1.542997,0.9980,-0.040057,2.249873,1.353479,0.9984,-0.347650,2.236169,1.350558,0.9992,-0.008040,2.027297,1.168853,0.9486,-0.399132,2.012365,1.162633,0.9495,-0.158975,2.009434,1.310545,0.9298,-0.246119,2.003945,1.319811,0.9489,-0.107480,2.226056,0.874442,0.9975,-0.293788,2.216104,0.879172,0.9983,-0.115209,2.255239,0.471923,0.9510,-0.298686,2.273484,0.472888,0.9781,-0.103097,2.266768,0.109983,0.9664,-0.328896,2.275090,0.095373,0.9791
782,39.1000,0,-0.212894,2.130302,1.521820,0.9996,-0.179047,2.156386,1.560120,0.9993,-0.239029,2.162214,1.555454,0.9993,-0.143668,2.206092,1.551757,0.9986,-0.257858,2.208750,1.543589,0.9981,-0.039630,2.249241,1.353350,0.9984,-0.347718,2.234233,1.351473,0.9992,-0.008254,2.026626,1.168285,0.9382,-0.397875,2.013611,1.161791,0.9414,-0.157021,2.006763,1.308889,0.9212,-0.246338,2.003991,1.318506,0.9457,-0.107545,2.227190,0.873320,0.9976,-0.293774,2.215480,0.878412,0.9982,-0.114920,2.255069,0.471063,0.9306,-0.298427,2.271864,0.474255,0.9709,-0.104069,2.267225,0.109409,0.9518,-0.329251,2.273664,0.096296,0.9734
783,39.1500,0,-0.211941,2.130805,1.522646,0.9997,-0.178023,2.157026,1.560926,0.9993,-0.238573,2.162286,1.556230,0.9993,-0.142451,2.206471,1.552477,0.9986,-0.257499,2.207728,1.544127,0.9982,-0.038476,2.248780,1.353846,0.9986,-0.347518,2.232718,1.351766,0.9992,-0.007610,2.026909,1.167979,0.9444,-0.397387,2.013182,1.161354,0.9453,-0.155573,2.006261,1.307175,0.9205,-0.245329,2.005878,1.317438,0.9476,-0.106541,2.226846,0.872240,0.9981,-0.292951,2.214893,0.877256,0.9985,-0.113696,2.255294,0.471159,0.9496,-0.298484,2.270688,0.473693,0.9753,-0.103855,2.267211,0.109676,0.9618,-0.329791,2.272178,0.097599,0.9766
784,39.2000,0,-0.210396,2.132519,1.522988,0.9996,-0.176674,2.157897,1.561517,0.9990,-0.237700,2.162948,1.556672,0.9990,-0.141131,2.206294,1.552683,0.9981,-0.256936,2.206878,1.544173,0.9975,-0.038052,2.247338,1.353946,0.9987,-0.346875,2.233094,1.352196,0.9992,-0.006944,2.026871,1.167398,0.9547,-0.397352,2.014133,1.160645,0.9515,-0.155069,2.003905,1.304989,0.9399,-0.244248,2.008337,1.316785,0.9553,-0.106564,2.226309,0.872471,0.9977,-0.293325,2.214509,0.878090,0.9983,-0.113266,2.255681,0.470944,0.9634,-0.299409,2.270380,0.473524,0.9768,-0.103532,2.267200,0.108685,0.9682,-0.330493,2.270864,0.096939,0.9790
785,39.2500,0,-0.209737,2.131496,1.523411,0.9997,-0.175818,2.157139,1.560989,0.9991,-0.237002,2.162211,1.556867,0.9991,-0.140109,2.206120,1.552551,0.9983,-0.256130,2.206291,1.544800,0.9977,-0.037417,2.247655,1.353556,0.9985,-0.347012,2.230772,1.351443,0.9991,-0.006644,2.026952,1.167033,0.9520,-0.396648,2.014487,1.159290,0.9439,-0.154154,2.004115,1.304524,0.9289,-0.243331,2.006997,1.316413,0.9485,-0.105670,2.226144,0.871818,0.9976,-0.292803,2.214174,0.876737,0.9983,-0.112601,2.256174,0.470534,0.9484,-0.298855,2.270893,0.473597,0.9729,-0.103581,2.265959,0.109705,0.9572,-0.328615,2.272021,0.097328,0.9705
786,39.3000,0,-0.208559,2.132184,1.523894,0.9997,-0.174634,2.157580,1.561708,0.9993,-0.236334,2.162767,1.557522,0.9993,-0.138999,2.206096,1.552874,0.9986,-0.255895,2.206398,1.545265,0.9981,-0.036529,2.246922,1.353690,0.9982,-0.346742,2.230216,1.351767,0.9991,-0.005825,2.025535,1.166350,0.9560,-0.396333,2.015530,1.158969,0.9441,-0.152949,2.004497,1.304008,0.9401,-0.242928,2.006956,1.315574,0.9450,-0.104822,2.225455,0.871951,0.9973,-0.292289,2.214294,0.876483,0.9983,-0.112535,2.256401,0.470651,0.9527,-0.298565,2.271905,0.472855,0.9701,-0.104301,2.266149,0.109557,0.9573,-0.329430,2.273522,0.095212,0.9736
787,39.3500,0,-0.207934,2.130897,1.523548,0.9997,-0.173916,2.156259,1.561056,0.9993,-0.235616,2.161183,1.556829,0.9993,-0.138486,2.205276,1.552544,0.9987,-0.255479,2.205065,1.545156,0.9983,-0.036257,2.246192,1.353214,0.9986,-0.346650,2.229543,1.351520,0.9993,-0.005150,2.025783,1.165794,0.9507,-0.396837,2.014249,1.157542,0.9498,-0.152344,2.005597,1.304104,0.9340,-0.244312,2.006347,1.313883,0.9517,-0.104111,2.225518,0.871150,0.9977,-0.291817,2.213469,0.875838,0.9984,-0.112182,2.257019,0.470581,0.9415,-0.298293,2.271401,0.473223,0.9704,-0.103989,2.266118,0.110137,0.9580,-0.329710,2.273498,0.095921,0.9711
788,39.4000,0,-0.207621,2.131214,1.523122,0.9998,-0.173354,2.156173,1.560601,0.9995,-0.235465,2.161068,1.556280,0.9995,-0.137828,2.204603,1.552257,0.9991,-0.255453,2.204025,1.544576,0.9986,-0.035783,2.244607,1.353273,0.9990,-0.346694,2.228637,1.351599,0.9993,-0.004302,2.025997,1.165119,0.9582,-0.396474,2.015378,1.157207,0.9487,-0.151764,2.005996,1.303063,0.9399,-0.243721,2.005523,1.312882,0.9530,-0.103565,2.226194,0.872657,0.9979,-0.291402,2.214058,0.877150,0.9986,-0.112382,2.257519,0.472067,0.9612,-0.297606,2.271960,0.474775,0.9776,-0.104357,2.265270,0.110144,0.9687,-0.329068,2.272600,0.095945,0.9811
789,39.4500,0,-0.207521,2.130625,1.523510,0.9997,-0.173400,2.155747,1.560856,0.9995,-0.235243,2.160362,1.556469,0.9995,-0.137780,2.204767,1.552729,0.9989,-0.255172,2.203435,1.544968,0.9988,-0.035534,2.246078,1.352846,0.9987,-0.346969,2.228913,1.351736,0.9994,-0.003910,2.025961,1.164220,0.9396,-0.395625,2.017106,1.156096,0.9393,-0.150555,2.003478,1.302544,0.9193,-0.243365,2.006155,1.312493,0.9429,-0.103806,2.228599,0.872479,0.9977,-0.291500,2.215961,0.877005,0.9986,-0.112813,2.257417,0.472311,0.9341,-0.297170,2.272560,0.474849,0.9736,-0.105034,2.266442,0.110347,0.9567,-0.329786,2.272591,0.096107,0.9762
790,39.5000,0,-0.207136,2.129347,1.523364,0.9997,-0.173345,2.155051,1.560706,0.9992,-0.234551,2.158545,1.555798,0.9992,-0.137420,2.204477,1.552427,0.9983,-0.254131,2.202730,1.544618,0.9979,-0.034750,2.245971,1.352145,0.9983,-0.346138,2.230262,1.350991,0.9992,-0.003721,2.026634,1.163161,0.9576,-0.395613,2.017043,1.155605,0.9461,-0.151645,2.005658,1.303362,0.9428,-0.243795,2.006239,1.311871,0.9448,-0.103709,2.229651,0.870858,0.9976,-0.291790,2.217201,0.875917,0.9983,-0.112392,2.259367,0.471419,0.9620,-0.297884,2.272526,0.474325,0.9770,-0.103684,2.265950,0.110023,0.9724,-0.330315,2.270314,0.096739,0.9797
791,39.5500,0,-0.206931,2.128766,1.523164,0.9997,-0.173052,2.154360,1.560478,0.9993,-0.234299,2.158349,1.555797,0.9993,-0.136886,2.204113,1.552214,0.9985,-0.253839,2.202217,1.544427,0.9979,-0.034736,2.246112,1.352848,0.9985,-0.345674,2.230114,1.349955,0.9991,-0.003026,2.027853,1.163697,0.9470,-0.394726,2.017726,1.155277,0.9441,-0.151822,2.005802,1.301629,0.9200,-0.242924,2.006714,1.311059,0.9504,-0.103293,2.230618,0.870664,0.9978,-0.291471,2.218962,0.875485,0.9983,-0.112444,2.260316,0.470894,0.9486,-0.297783,2.272589,0.474523,0.9755,-0.103621,2.264916,0.110124,0.9616,-0.329886,2.269573,0.098026,0.9743
792,39.6000,0,-0.205940,2.128756,1.523789,0.9997,-0.172264,2.154315,1.561018,0.9992,-0.233886,2.158441,1.556425,0.9992,-0.136309,2.203534,1.552812,0.9984,-0.253974,2.201768,1.544732,0.9977,-0.033955,2.245166,1.353446,0.9986,-0.345117,2.228948,1.351109,0.9991,-0.002451,2.028356,1.162474,0.9534,-0.393875,2.019110,1.154607,0.9362,-0.150967,2.004556,1.300373,0.9396,-0.241738,2.006535,1.310095,0.9409,-0.102403,2.231100,0.871428,0.9978,-0.290730,2.219402,0.876283,0.9984,-0.111853,2.261661,0.471101,0.9557,-0.297779,2.272178,0.474921,0.9766,-0.103547,2.265276,0.108920,0.9661,-0.330215,2.268913,0.097455,0.9806
793,39.6500,0,-0.206874,2.128028,1.523044,0.9997,-0.173122,2.153098,1.560109,0.9993,-0.234385,2.157531,1.555399,0.9993,-0.136676,2.201907,1.552412,0.9986,-0.253640,2.200685,1.544023,0.9980,-0.033902,2.244099,1.353685,0.9990,-0.344613,2.229676,1.350372,0.9993,-0.001750,2.028229,1.162355,0.9583,-0.393099,2.021570,1.153270,0.9445,-0.150904,2.001966,1.298839,0.9403,-0.241707,2.008439,1.309212,0.9551,-0.101598,2.233181,0.871611,0.9985,-0.290531,2.221196,0.876238,0.9987,-0.111632,2.261863,0.470492,0.9585,-0.298036,2.271743,0.474625,0.9766,-0.103516,2.265718,0.108762,0.9689,-0.329820,2.267926,0.098178,0.9787
794,39.7000,0,-0.208309,2.124572,1.521889,0.9997,-0.175286,2.148607,1.559454,0.9992,-0.235357,2.154089,1.554509,0.9992,-0.137928,2.198761,1.552630,0.9986,-0.253171,2.199001,1.543598,0.9978,-0.032985,2.243474,1.354992,0.9989,-0.343196,2.231780,1.349877,0.9992,-0.001090,2.027087,1.162125,0.9473,-0.392429,2.024165,1.151286,0.9284,-0.152099,1.998120,1.295464,0.9199,-0.243781,2.005383,1.307962,0.9499,-0.100421,2.235234,0.872225,0.9980,-0.289433,2.223613,0.877006,0.9986,-0.111462,2.261542,0.470657,0.9503,-0.297739,2.271317,0.474713,0.9795,-0.103384,2.266129,0.108706,0.9653,-0.329502,2.268682,0.097996,0.9804
795,39.7500,0,-0.211212,2.121471,1.521315,0.9997,-0.178982,2.142328,1.559313,0.9992,-0.237469,2.151760,1.554641,0.9993,-0.139942,2.193320,1.553050,0.9984,-0.253492,2.198335,1.543520,0.9979,-0.032460,2.240188,1.356420,0.9985,-0.341006,2.234046,1.350519,0.9992,-0.002327,2.025129,1.162076,0.9460,-0.393092,2.027033,1.148535,0.9270,-0.152981,1.990281,1.291717,0.9219,-0.246341,2.004498,1.305235,0.9447,-0.098374,2.236816,0.873766,0.9978,-0.287073,2.226833,0.878059,0.9986,-0.110708,2.261864,0.469561,0.9520,-0.296439,2.270656,0.474437,0.9792,-0.102274,2.266991,0.106946,0.9666,-0.328881,2.267875,0.097880,0.9793
796,39.8000,0,-0.213186,2.118363,1.518677,0.9998,-0.182193,2.135959,1.557211,0.9995,-0.239683,2.148076,1.551996,0.9995,-0.141865,2.187837,1.552645,0.9992,-0.254105,2.197468,1.542140,0.9987,-0.029988,2.233367,1.356198,0.9992,-0.338399,2.237899,1.349020,0.9994,-0.003754,2.019767,1.160595,0.9701,-0.394623,2.032023,1.145363,0.9136,-0.153350,1.975923,1.286137,0.9477,-0.250443,2.003002,1.300323,0.9384,-0.095269,2.238253,0.872104,0.9984,-0.283219,2.232364,0.875657,0.9986,-0.108709,2.262467,0.468197,0.9569,-0.295376,2.272648,0.472499,0.9763,-0.101248,2.268762,0.105259,0.9654,-0.329361,2.269753,0.096756,0.9793
797,39.8500,0,-0.220051,2.109588,1.513835,0.9997,-0.190583,2.124155,1.552538,0.9995,-0.244850,2.141770,1.547346,0.9995,-0.147159,2.177523,1.549836,0.9991,-0.255850,2.198365,1.539571,0.9984,-0.026839,2.224936,1.355853,0.9994,-0.335682,2.242303,1.346392,0.9993,-0.006717,2.012516,1.157994,0.9689,-0.396519,2.039221,1.141350,0.8657,-0.156120,1.952355,1.279418,0.9586,-0.258518,1.994462,1.295298,0.9295,-0.091429,2.239457,0.869588,0.9983,-0.278593,2.238293,0.872697,0.9981,-0.106448,2.261367,0.467118,0.9542,-0.292067,2.273947,0.472350,0.9682,-0.099722,2.268974,0.105357,0.9674,-0.327880,2.268622,0.098661,0.9806
798,39.9000,0,-0.227794,2.102641,1.508239,0.9996,-0.199552,2.112370,1.547117,0.9993,-0.251429,2.137325,1.542889,0.9992,-0.154798,2.162310,1.546888,0.9986,-0.257912,2.199494,1.537559,0.9989,-0.024551,2.214703,1.355804,0.9995,-0.334542,2.244733,1.344140,0.9994,-0.010485,2.003597,1.155797,0.9777,-0.398251,2.052993,1.134602,0.8020,-0.164852,1.934512,1.271535,0.9679,-0.272630,1.984672,1.285771,0.9121,-0.089063,2.241024,0.866929,0.9986,-0.275141,2.248179,0.869829,0.9984,-0.104819,2.261756,0.465795,0.9628,-0.289763,2.277854,0.471577,0.9680,-0.097678,2.269259,0.106054,0.9705,-0.327642,2.269095,0.097142,0.9856
799,39.9500,0,-0.236157,2.098639,1.501333,0.9994,-0.208826,2.104210,1.540270,0.9989,-0.258751,2.133636,1.536674,0.9987,-0.161143,2.151530,1.542575,0.9976,-0.260566,2.198885,1.534161,0.9983,-0.023929,2.201221,1.354419,0.9995,-0.332703,2.248311,1.343931,0.9995,-0.016006,1.995803,1.151148,0.9767,-0.400335,2.079445,1.127094,0.7669,-0.177370,1.931030,1.264553,0.9696,-0.290635,1.976812,1.274144,0.8914,-0.085263,2.243564,0.864561,0.9986,-0.271729,2.258505,0.866974,0.9983,-0.104902,2.259005,0.464296,0.9586,-0.287615,2.279673,0.472155,0.9568,-0.098266,2.264726,0.104041,0.9742,-0.327962,2.268962,0.095738,0.9813
800,40.0000,0,-0.248083,2.088661,1.491027,0.9994,-0.221519,2.090646,1.530548,0.9988,-0.268037,2.124601,1.526833,0.9987,-0.172933,2.134855,1.536596,0.9976,-0.265691,2.193923,1.527866,0.9985,-0.026378,2.185212,1.355383,0.9995,-0.332978,2.251250,1.342685,0.9995,-0.024990,1.984198,1.146880,0.9820,-0.403498,2.117522,1.120135,0.5631,-0.193524,1.923731,1.250371,0.9586,-0.312615,1.973296,1.261389,0.8057,-0.082970,2.242374,0.863549,0.9979,-0.269214,2.266871,0.865152,0.9981,-0.105489,2.256748,0.465092,0.9799,-0.285003,2.278963,0.473297,0.9417,-0.099593,2.261960,0.103723,0.9798,-0.322834,2.268278,0.095267,0.9751
801,40.0500,0,-0.263292,2.082460,1.480791,0.9998,-0.236961,2.081418,1.520680,0.9995,-0.281672,2.118049,1.516444,0.9995,-0.187013,2.121561,1.529667,0.9993,-0.274271,2.189842,1.521622,0.9993,-0.032604,2.169441,1.355533,0.9998,-0.334415,2.253260,1.340969,0.9996,-0.038664,1.974588,1.142748,0.9868,-0.409425,2.155051,1.115650,0.4031,-0.220510,1.926777,1.234251,0.9669,-0.339822,1.970406,1.242139,0.6946,-0.081369,2.241017,0.863587,0.9985,-0.266657,2.274257,0.862296,0.9988,-0.104597,2.258533,0.466305,0.9913,-0.282101,2.282390,0.473403,0.9420,-0.101292,2.259682,0.104377,0.9869,-0.317382,2.266555,0.097162,0.9809
802,40.1000,0,-0.279922,2.082237,1.470373,0.9995,-0.253963,2.077830,1.510301,0.9994,-0.296363,2.115908,1.506299,0.9990,-0.201699,2.112791,1.521224,0.9993,-0.284077,2.185669,1.514593,0.9972,-0.040618,2.155143,1.352845,0.9998,-0.339119,2.254428,1.337719,0.9991,-0.056020,1.964041,1.133521,0.9886,-0.409425,2.155051,1.115650,0.0000,-0.246828,1.920945,1.209081,0.9706,-0.381361,1.976232,1.212657,0.5551,-0.080405,2.241112,0.862796,0.9979,-0.265655,2.281378,0.858961,0.9986,-0.104541,2.258198,0.468271,0.9906,-0.278688,2.284009,0.474396,0.9156,-0.102334,2.261304,0.106837,0.9849,-0.310376,2.267234,0.099036,0.9706
803,40.1500,0,-0.297571,2.082320,1.456542,0.9996,-0.273637,2.074813,1.495516,0.9994,-0.312458,2.111867,1.491765,0.9992,-0.219599,2.104617,1.509270,0.9993,-0.295637,2.178610,1.504150,0.9980,-0.051958,2.141221,1.350000,0.9999,-0.343098,2.258355,1.335144,0.9995,-0.075221,1.962311,1.123878,0.9858,-0.409425,2.155051,1.115650,0.0000,-0.273751,1.917370,1.179949,0.9698,-0.421564,1.984239,1.179073,0.5388,-0.080721,2.241786,0.863340,0.9983,-0.265223,2.288567,0.856924,0.9991,-0.104778,2.259561,0.469398,0.9913,-0.275563,2.284637,0.474689,0.9159,-0.101219,2.260309,0.105479,0.9861,-0.303091,2.267885,0.098559,0.9720
804,40.2000,0,-0.317112,2.082884,1.444079,0.9990,-0.295066,2.072775,1.483271,0.9986,-0.331396,2.107675,1.478579,0.9979,-0.240218,2.097794,1.500275,0.9982,-0.312298,2.172059,1.493803,0.9953,-0.065893,2.129085,1.346429,0.9998,-0.350591,2.259412,1.329568,0.9991,-0.093227,1.959641,1.115741,0.9823,-0.409425,2.155051,1.115650,0.0000,-0.301820,1.916827,1.147690,0.9563,-0.465369,2.004931,1.137653,0.4573,-0.081524,2.243638,0.861651,0.9989,-0.264969,2.294720,0.853072,0.9989,-0.103856,2.263201,0.466252,0.9893,-0.274055,2.286135,0.474584,0.9036,-0.100994,2.260034,0.104630,0.9903,-0.301279,2.263856,0.099929,0.9608
805,40.2500,0,-0.338853,2.079639,1.429922,0.9979,-0.318536,2.065960,1.469005,0.9974,-0.354199,2.103642,1.464959,0.9959,-0.264118,2.088129,1.487132,0.9962,-0.332850,2.166616,1.481432,0.9900,-0.084924,2.117062,1.340128,0.9999,-0.360650,2.263862,1.321867,0.9990,-0.114506,1.959276,1.105622,0.9911,-0.409425,2.155051,1.115650,0.0000,-0.331686,1.912651,1.108503,0.9786,-0.504553,2.028322,1.096457,0.4356,-0.082240,2.243658,0.859023,0.9990,-0.262345,2.302330,0.847524,0.9981,-0.107494,2.255878,0.468316,0.9886,-0.273661,2.284808,0.476073,0.8425,-0.103129,2.256975,0.104085,0.9920,-0.300119,2.255367,0.103530,0.9309
806,40.3000,0,-0.363681,2.079747,1.415081,0.9974,-0.344779,2.062302,1.453779,0.9971,-0.379730,2.102261,1.449874,0.9953,-0.290126,2.079922,1.473727,0.9959,-0.355668,2.161860,1.468103,0.9883,-0.106876,2.105043,1.332151,0.9999,-0.371393,2.269189,1.314623,0.9989,-0.137988,1.956078,1.095559,0.9933,-0.409425,2.155051,1.115650,0.0000,-0.357281,1.906102,1.069497,0.9816,-0.535761,2.042021,1.047734,0.3563,-0.085324,2.244828,0.855639,0.9985,-0.260513,2.310314,0.841012,0.9980,-0.113147,2.245490,0.470057,0.9884,-0.274122,2.284810,0.476085,0.8414,-0.105914,2.249672,0.107033,0.9869,-0.298174,2.255621,0.103326,0.9374
807,40.3500,0,-0.389874,2.072602,1.395254,0.9967,-0.371922,2.053074,1.434528,0.9963,-0.406877,2.095016,1.431220,0.9940,-0.318341,2.068577,1.456678,0.9946,-0.382415,2.153450,1.452044,0.9884,-0.131693,2.090533,1.320957,0.9999,-0.386237,2.272095,1.308469,0.9988,-0.161610,1.955278,1.082349,0.9919,-0.409425,2.155051,1.115650,0.0000,-0.381065,1.903141,1.026889,0.9757,-0.556385,2.066007,0.999757,0.3323,-0.086651,2.249137,0.854049,0.9970,-0.256777,2.322494,0.838848,0.9985,-0.124636,2.229398,0.474413,0.9854,-0.279315,2.277570,0.477769,0.8267,-0.109483,2.243007,0.109431,0.9839,-0.294745,2.259986,0.101824,0.9115
808,40.4000,0,-0.420410,2.063452,1.373958,0.9941,-0.402749,2.043956,1.414498,0.9929,-0.437168,2.084940,1.411474,0.9909,-0.349421,2.056228,1.438347,0.9879,-0.411744,2.138535,1.434435,0.9816,-0.157568,2.079093,1.309717,0.9997,-0.404650,2.268741,1.299130,0.9987,-0.184264,1.955720,1.066436,0.9891,-0.434261,2.205093,1.089704,0.3243,-0.403025,1.907235,0.980779,0.9677,-0.574818,2.088872,0.946025,0.4247,-0.088529,2.256283,0.855310,0.9963,-0.253802,2.337999,0.838684,0.9966,-0.136395,2.212143,0.480504,0.9682,-0.282096,2.277423,0.476096,0.6099,-0.114611,2.233122,0.112154,0.9806,-0.295724,2.260192,0.100255,0.7607
809,40.4500,0,-0.447801,2.060054,1.348210,0.9960,-0.431449,2.039150,1.389469,0.9950,-0.466113,2.079699,1.385024,0.9945,-0.379115,2.048395,1.415784,0.9921,-0.442122,2.130710,1.410230,0.9913,-0.183805,2.069988,1.297703,0.9998,-0.424040,2.267913,1.283551,0.9993,-0.202596,1.957553,1.050721,0.9902,-0.455583,2.243472,1.059649,0.4156,-0.419141,1.921004,0.937833,0.9713,-0.590041,2.125571,0.893720,0.4973,-0.088897,2.261014,0.858906,0.9978,-0.248449,2.351611,0.840362,0.9964,-0.152901,2.195844,0.487583,0.8558,-0.285400,2.277037,0.474969,0.3102,-0.121755,2.226730,0.113975,0.8729,-0.286012,2.274865,0.095071,0.3656
810,40.5000,0,-0.473936,2.053200,1.317527,0.9910,-0.459606,2.031947,1.359643,0.9905,-0.492950,2.072057,1.354146,0.9906,-0.407446,2.038722,1.388224,0.9878,-0.469145,2.120715,1.381104,0.9860,-0.210739,2.054641,1.278841,0.9997,-0.440499,2.270396,1.266995,0.9989,-0.223896,1.960186,1.027434,0.9787,-0.455583,2.243472,1.059649,0.0000,-0.433846,1.934444,0.887366,0.9494,-0.599069,2.151617,0.845772,0.3938,-0.089006,2.262882,0.864399,0.9978,-0.238915,2.370839,0.845136,0.9963,-0.168080,2.188687,0.492832,0.8589,-0.285400,2.277037,0.474969,0.0000,-0.134242,2.204644,0.120754,0.9123,-0.280595,2.280832,0.093367,0.3593
811,40.5500,0,-0.497840,2.052869,1.279381,0.9917,-0.487869,2.031600,1.320266,0.9919,-0.517182,2.067148,1.315255,0.9909,-0.436720,2.038553,1.352834,0.9906,-0.492246,2.111702,1.344592,0.9868,-0.237038,2.043252,1.254059,0.9997,-0.451876,2.276814,1.247169,0.9982,-0.244903,1.960756,0.999795,0.9733,-0.455583,2.243472,1.059649,0.0000,-0.438405,1.947901,0.838650,0.9237,-0.599069,2.151617,0.845772,0.0000,-0.088980,2.266494,0.864042,0.9955,-0.226466,2.393153,0.847081,0.9927,-0.182390,2.182308,0.495164,0.8322,-0.285400,2.277037,0.474969,0.0000,-0.145674,2.188969,0.125452,0.8957,-0.279617,2.289249,0.090586,0.3076
812,40.6000,0,-0.521254,2.052808,1.235391,0.9792,-0.514707,2.029588,1.274586,0.9818,-0.541532,2.063379,1.270723,0.9803,-0.465899,2.036262,1.310260,0.9808,-0.517354,2.105285,1.301872,0.9709,-0.263196,2.030117,1.222030,0.9994,-0.463588,2.282870,1.225567,0.9960,-0.267077,1.956515,0.965675,0.9552,-0.455583,2.243472,1.059649,0.0000,-0.445774,1.961078,0.779718,0.8155,-0.599069,2.151617,0.845772,0.0000,-0.088144,2.262957,0.861843,0.9875,-0.212675,2.410563,0.844836,0.9798,-0.200230,2.181606,0.498532,0.7930,-0.285400,2.277037,0.474969,0.0000,-0.162977,2.172200,0.126589,0.8399,-0.279617,2.289249,0.090586,0.0000
813,40.6500,0,-0.543874,2.055726,1.186585,0.9860,-0.538745,2.029812,1.224849,0.9885,-0.563486,2.062217,1.220484,0.9869,-0.490815,2.033287,1.261959,0.9893,-0.538971,2.099620,1.253728,0.9789,-0.288496,2.013927,1.183813,0.9997,-0.474586,2.285706,1.189967,0.9962,-0.284989,1.954357,0.929033,0.9677,-0.455583,2.243472,1.059649,0.0000,-0.445313,1.976100,0.726146,0.8589,-0.599069,2.151617,0.845772,0.0000,-0.086950,2.256054,0.854275,0.9914,-0.197238,2.427796,0.836778,0.9838,-0.213315,2.175056,0.499913,0.8431,-0.285400,2.277037,0.474969,0.0000,-0.179268,2.164065,0.127065,0.8931,-0.277975,2.287443,0.092575,0.3581
814,40.7000,0,-0.564701,2.060874,1.127537,0.9933,-0.563783,2.032277,1.166227,0.9938,-0.584993,2.061487,1.161292,0.9944,-0.516150,2.031923,1.205635,0.9910,-0.558407,2.092485,1.196721,0.9907,-0.308867,2.006442,1.140977,0.9997,-0.483987,2.281648,1.141369,0.9985,-0.298957,1.957291,0.886234,0.9618,-0.455583,2.243472,1.059649,0.0000,-0.443223,1.984557,0.665242,0.8992,-0.599069,2.151617,0.845772,0.0000,-0.077816,2.243485,0.847548,0.9949,-0.180012,2.420548,0.831580,0.9924,-0.218696,2.174173,0.496531,0.8654,-0.285400,2.277037,0.474969,0.0000,-0.191237,2.165925,0.119871,0.9242,-0.275775,2.275478,0.095019,0.4315
815,40.7500,0,-0.581509,2.061220,1.064903,0.9946,-0.584377,2.029849,1.103091,0.9956,-0.603922,2.057632,1.097231,0.9955,-0.539486,2.028936,1.145369,0.9942,-0.578049,2.086273,1.135061,0.9916,-0.329037,2.000313,1.095214,0.9997,-0.494207,2.277441,1.085756,0.9983,-0.315989,1.964472,0.837096,0.9595,-0.455583,2.243472,1.059649,0.0000,-0.441614,2.003848,0.604183,0.8913,-0.599069,2.151617,0.845772,0.0000,-0.068733,2.237857,0.839251,0.9918,-0.163574,2.420394,0.822943,0.9900,-0.226608,2.174507,0.492197,0.8000,-0.285400,2.277037,0.474969,0.0000,-0.211049,2.177829,0.111490,0.9261,-0.268396,2.252620,0.096519,0.3348
816,40.8000,0,-0.592907,2.060600,0.999040,0.9898,-0.601205,2.029020,1.036038,0.9817,-0.618585,2.055599,1.031195,0.9796,-0.559845,2.028697,1.079960,0.9712,-0.593113,2.080950,1.071478,0.9720,-0.349088,1.996960,1.047430,0.9996,-0.502038,2.273000,1.037745,0.9982,-0.331210,1.973993,0.788278,0.9654,-0.455583,2.243472,1.059649,0.0000,-0.441278,2.024265,0.544618,0.9165,-0.599069,2.151617,0.845772,0.0000,-0.059408,2.228446,0.830717,0.9884,-0.143963,2.405699,0.815962,0.9887,-0.233531,2.181128,0.488434,0.6939,-0.285400,2.277037,0.474969,0.0000,-0.230282,2.197580,0.100323,0.8946,-0.264509,2.246696,0.094428,0.3415
817,40.8500,0,-0.599662,2.055352,0.933778,0.9828,-0.611176,2.023225,0.967347,0.9805,-0.627493,2.048471,0.963356,0.9754,-0.574353,2.025779,1.013819,0.9661,-0.605573,2.074028,1.006592,0.9657,-0.365088,1.996739,0.997475,0.9992,-0.508296,2.269004,0.986473,0.9968,-0.341325,1.982819,0.736166,0.9608,-0.455583,2.243472,1.059649,0.0000,-0.438677,2.042225,0.482806,0.8967,-0.599069,2.151617,0.845772,0.0000,-0.052772,2.222108,0.822076,0.9814,-0.130665,2.396480,0.809829,0.9802,-0.248717,2.185941,0.486805,0.7812,-0.285400,2.277037,0.474969,0.0000,-0.243265,2.208357,0.092764,0.9378,-0.264509,2.246696,0.094428,0.0000
818,40.9000,0,-0.604237,2.049860,0.871693,0.9770,-0.618063,2.019458,0.904240,0.9718,-0.634539,2.043743,0.900254,0.9649,-0.585302,2.023644,0.950339,0.9434,-0.615890,2.068466,0.944358,0.9445,-0.382953,2.004222,0.947713,0.9992,-0.516808,2.264961,0.935391,0.9964,-0.352073,2.003672,0.682964,0.9581,-0.455583,2.243472,1.059649,0.0000,-0.431832,2.050167,0.415343,0.9031,-0.599069,2.151617,0.845772,0.0000,-0.052279,2.224836,0.819622,0.9836,-0.124631,2.396112,0.807786,0.9758,-0.257704,2.180604,0.488415,0.8427,-0.285400,2.277037,0.474969,0.0000,-0.255696,2.218513,0.081412,0.9544,-0.264509,2.246696,0.094428,0.0000
819,40.9500,0,-0.603377,2.048685,0.815708,0.9206,-0.619587,2.018599,0.845462,0.9170,-0.635895,2.042815,0.841634,0.8870,-0.589962,2.022212,0.891867,0.8463,-0.621364,2.067772,0.885954,0.8336,-0.395999,2.006784,0.899351,0.9988,-0.523970,2.270956,0.890210,0.9973,-0.356814,2.009248,0.625797,0.9561,-0.455583,2.243472,1.059649,0.0000,-0.428563,2.052872,0.346803,0.9144,-0.599069,2.151617,0.845772,0.0000,-0.047112,2.215800,0.814259,0.9843,-0.115364,2.386898,0.803611,0.9774,-0.266441,2.177156,0.485758,0.7270,-0.285400,2.277037,0.474969,0.0000,-0.257472,2.218205,0.074957,0.9119,-0.264509,2.246696,0.094428,0.0000
820,41.0000,0,-0.600855,2.058977,0.758880,0.9528,-0.619821,2.026842,0.786573,0.9517,-0.635351,2.050297,0.783076,0.9312,-0.594682,2.029990,0.833597,0.9141,-0.625211,2.074724,0.828029,0.8953,-0.408830,2.015384,0.857550,0.9991,-0.532402,2.275660,0.846369,0.9985,-0.361639,2.021276,0.581219,0.9663,-0.455583,2.243472,1.059649,0.0000,-0.429181,2.065512,0.295946,0.9108,-0.599069,2.151617,0.845772,0.0000,-0.045240,2.217370,0.804602,0.9876,-0.110893,2.384191,0.793420,0.9884,-0.278479,2.183494,0.482638,0.7930,-0.285400,2.277037,0.474969,0.0000,-0.260503,2.229406,0.070274,0.9175,-0.264509,2.246696,0.094428,0.0000
821,41.0500,0,-0.601759,2.070544,0.708542,0.9836,-0.622106,2.037107,0.734229,0.9843,-0.636700,2.060062,0.732334,0.9792,-0.598721,2.038526,0.782058,0.9717,-0.628250,2.082547,0.776863,0.9718,-0.418684,2.022470,0.815591,0.9989,-0.538570,2.280166,0.810726,0.9979,-0.363864,2.027492,0.536663,0.9554,-0.455583,2.243472,1.059649,0.0000,-0.434491,2.075717,0.251382,0.9005,-0.599069,2.151617,0.845772,0.0000,-0.043100,2.214981,0.792280,0.9858,-0.101953,2.372525,0.785339,0.9873,-0.296536,2.198848,0.479606,0.8064,-0.285400,2.277037,0.474969,0.0000,-0.259754,2.237207,0.065062,0.9016,-0.264509,2.246696,0.094428,0.0000
822,41.1000,0,-0.600314,2.083246,0.666386,0.9871,-0.621049,2.049155,0.690613,0.9871,-0.634756,2.071037,0.689274,0.9814,-0.599904,2.048223,0.740119,0.9766,-0.627880,2.090976,0.735382,0.9732,-0.429327,2.035174,0.781157,0.9994,-0.538970,2.283708,0.776794,0.9987,-0.373447,2.048707,0.504289,0.9692,-0.455583,2.243472,1.059649,0.0000,-0.436716,2.082844,0.230416,0.9419,-0.599069,2.151617,0.845772,0.0000,-0.042468,2.214717,0.783973,0.9820,-0.098556,2.374264,0.777996,0.9888,-0.303184,2.195446,0.473927,0.8427,-0.285400,2.277037,0.474969,0.0000,-0.256370,2.234301,0.063010,0.9165,-0.264509,2.246696,0.094428,0.0000
823,41.1500,0,-0.600025,2.091597,0.630536,0.9968,-0.621198,2.058017,0.654360,0.9974,-0.633973,2.078754,0.653052,0.9966,-0.601499,2.055502,0.704296,0.9951,-0.627728,2.095914,0.700520,0.9935,-0.436447,2.046182,0.749456,0.9995,-0.540169,2.286524,0.747348,0.9991,-0.378336,2.065708,0.476609,0.9659,-0.455583,2.243472,1.059649,0.0000,-0.433317,2.077400,0.212955,0.9512,-0.599069,2.151617,0.845772,0.0000,-0.041733,2.215513,0.775613,0.9942,-0.097427,2.374773,0.769910,0.9932,-0.310424,2.193359,0.467746,0.9390,-0.285400,2.277037,0.474969,0.0000,-0.248792,2.222640,0.064306,0.9405,-0.264509,2.246696,0.094428,0.0000
824,41.2000,0,-0.597265,2.097596,0.604188,0.9939,-0.618580,2.062902,0.627874,0.9954,-0.631007,2.083337,0.625475,0.9935,-0.600785,2.059852,0.679004,0.9907,-0.626553,2.100278,0.673682,0.9862,-0.438076,2.048762,0.731516,0.9990,-0.542681,2.292097,0.725202,0.9993,-0.375056,2.060475,0.462437,0.9631,-0.455583,2.243472,1.059649,0.0000,-0.430655,2.072171,0.204434,0.9241,-0.599069,2.151617,0.845772,0.0000,-0.041301,2.215133,0.769871,0.9934,-0.098980,2.382144,0.761338,0.9943,-0.313412,2.188250,0.466767,0.8968,-0.285400,2.277037,0.474969,0.0000,-0.245251,2.217273,0.064475,0.9161,-0.264509,2.246696,0.094428,0.0000
825,41.2500,0,-0.592372,2.092679,0.588396,0.9844,-0.615201,2.059511,0.611235,0.9875,-0.627657,2.080042,0.606757,0.9834,-0.599352,2.059746,0.663003,0.9818,-0.625489,2.100902,0.654167,0.9739,-0.437826,2.048548,0.721482,0.9991,-0.544640,2.294053,0.702063,0.9988,-0.374882,2.062561,0.455011,0.9654,-0.455583,2.243472,1.059649,0.0000,-0.427736,2.063125,0.196980,0.9189,-0.599069,2.151617,0.845772,0.0000,-0.037132,2.206197,0.765883,0.9941,-0.095664,2.373829,0.750353,0.9909,-0.298177,2.144641,0.467736,0.6889,-0.285400,2.277037,0.474969,0.0000,-0.217790,2.163799,0.079158,0.8406,-0.264509,2.246696,0.094428,0.0000
826,41.3000,0,-0.588317,2.088907,0.579278,0.9734,-0.612416,2.056017,0.602406,0.9811,-0.624877,2.077185,0.596389,0.9764,-0.598200,2.058546,0.653379,0.9684,-0.624663,2.101275,0.642493,0.9543,-0.441242,2.051185,0.713679,0.9987,-0.547831,2.302483,0.688259,0.9986,-0.373074,2.058744,0.450628,0.9557,-0.455583,2.243472,1.059649,0.0000,-0.427563,2.063075,0.192020,0.8827,-0.599069,2.151617,0.845772,0.0000,-0.038742,2.208527,0.761391,0.9919,-0.093969,2.373321,0.745681,0.9884,-0.302884,2.148542,0.462090,0.7868,-0.285400,2.277037,0.474969,0.0000,-0.220839,2.173430,0.076877,0.8661,-0.264509,2.246696,0.094428,0.0000
827,41.3500,0,-0.586216,2.087250,0.572266,0.9810,-0.611394,2.054609,0.594862,0.9857,-0.623723,2.075964,0.588491,0.9844,-0.598263,2.057374,0.646591,0.9723,-0.625038,2.100887,0.634237,0.9663,-0.442842,2.050699,0.708118,0.9973,-0.550492,2.302534,0.680250,0.9988,-0.371054,2.052915,0.441588,0.9338,-0.455583,2.243472,1.059649,0.0000,-0.429517,2.061514,0.180374,0.7958,-0.599069,2.151617,0.845772,0.0000,-0.038734,2.205934,0.760328,0.9921,-0.093308,2.368318,0.745586,0.9902,-0.305368,2.151314,0.457650,0.7883,-0.285400,2.277037,0.474969,0.0000,-0.223619,2.179042,0.073338,0.9035,-0.264509,2.246696,0.094428,0.0000
828,41.4000,0,-0.584792,2.085382,0.570467,0.9631,-0.610259,2.053748,0.592704,0.9770,-0.622505,2.074575,0.586220,0.9709,-0.598266,2.057193,0.643989,0.9614,-0.625083,2.100387,0.631692,0.9496,-0.442468,2.048649,0.707412,0.9980,-0.553073,2.305764,0.676575,0.9989,-0.365286,2.040775,0.443543,0.9443,-0.455583,2.243472,1.059649,0.0000,-0.427380,2.060094,0.180462,0.8158,-0.599069,2.151617,0.845772,0.0000,-0.039127,2.203538,0.759322,0.9931,-0.098721,2.380377,0.741869,0.9887,-0.302321,2.141368,0.453152,0.7187,-0.285400,2.277037,0.474969,0.0000,-0.224824,2.181322,0.070409,0.9097,-0.264509,2.246696,0.094428,0.0000
829,41.4500,0,-0.584002,2.084650,0.569901,0.9775,-0.610291,2.054183,0.591013,0.9826,-0.622189,2.074256,0.584832,0.9807,-0.599070,2.058005,0.642633,0.9658,-0.625182,2.099854,0.630413,0.9644,-0.442114,2.047339,0.707519,0.9977,-0.552301,2.304830,0.676555,0.9984,-0.365429,2.037325,0.441127,0.9319,-0.455583,2.243472,1.059649,0.0000,-0.428899,2.057935,0.175830,0.7997,-0.599069,2.151617,0.845772,0.0000,-0.035692,2.196332,0.759877,0.9910,-0.093120,2.364768,0.745348,0.9859,-0.302156,2.137419,0.453767,0.7288,-0.285400,2.277037,0.474969,0.0000,-0.224832,2.185489,0.067857,0.9037,-0.264509,2.246696,0.094428,0.0000
830,41.5000,0,-0.584872,2.082607,0.570284,0.9800,-0.610917,2.051826,0.591204,0.9842,-0.622612,2.071604,0.585575,0.9831,-0.599527,2.055547,0.643131,0.9650,-0.625620,2.097443,0.631341,0.9675,-0.443147,2.047549,0.706845,0.9972,-0.552263,2.305106,0.677890,0.9989,-0.366586,2.037272,0.438404,0.9328,-0.455583,2.243472,1.059649,0.0000,-0.425907,2.052258,0.173900,0.7941,-0.599069,2.151617,0.845772,0.0000,-0.036256,2.193914,0.759857,0.9908,-0.094250,2.365633,0.745462,0.9889,-0.303841,2.140720,0.454839,0.7601,-0.285400,2.277037,0.474969,0.0000,-0.227214,2.185404,0.067002,0.9211,-0.264509,2.246696,0.094428,0.0000
831,41.5500,0,-0.584446,2.078914,0.572988,0.9812,-0.610071,2.047626,0.594249,0.9832,-0.621815,2.067155,0.588787,0.9781,-0.598654,2.051409,0.646199,0.9660,-0.625164,2.093242,0.634471,0.9543,-0.443107,2.046150,0.709479,0.9982,-0.552743,2.305295,0.678437,0.9988,-0.366379,2.036043,0.439855,0.9504,-0.455583,2.243472,1.059649,0.0000,-0.425002,2.046032,0.176097,0.8298,-0.599069,2.151617,0.845772,0.0000,-0.036052,2.193724,0.760882,0.9940,-0.097626,2.373897,0.744590,0.9910,-0.303437,2.135864,0.457047,0.7415,-0.285400,2.277037,0.474969,0.0000,-0.229824,2.190530,0.065425,0.9223,-0.264509,2.246696,0.094428,0.0000
832,41.6000,0,-0.586289,2.077314,0.576740,0.9908,-0.611320,2.045277,0.599235,0.9924,-0.623436,2.065524,0.593844,0.9898,-0.598593,2.048891,0.651273,0.9807,-0.625425,2.091397,0.640064,0.9790,-0.442532,2.041301,0.712793,0.9989,-0.552616,2.305959,0.683252,0.9990,-0.370763,2.043548,0.437282,0.9678,-0.455583,2.243472,1.059649,0.0000,-0.418931,2.036508,0.182302,0.8887,-0.599069,2.151617,0.845772,0.0000,-0.039733,2.198389,0.761941,0.9908,-0.100125,2.382495,0.744964,0.9902,-0.304464,2.141393,0.457109,0.8689,-0.285400,2.277037,0.474969,0.0000,-0.229874,2.185745,0.068890,0.9096,-0.264509,2.246696,0.094428,0.0000
833,41.6500,0,-0.589038,2.075799,0.583118,0.9941,-0.613148,2.042533,0.606263,0.9943,-0.625394,2.063248,0.601241,0.9923,-0.599179,2.046305,0.658076,0.9884,-0.626649,2.089708,0.647388,0.9884,-0.442864,2.041315,0.717910,0.9994,-0.553787,2.303349,0.690784,0.9983,-0.370610,2.045649,0.442011,0.9593,-0.455583,2.243472,1.059649,0.0000,-0.419207,2.028845,0.191191,0.9133,-0.599069,2.151617,0.845772,0.0000,-0.040855,2.198899,0.764717,0.9882,-0.099223,2.379333,0.749389,0.9865,-0.308831,2.148823,0.457805,0.8538,-0.285400,2.277037,0.474969,0.0000,-0.232085,2.189263,0.069650,0.9031,-0.264509,2.246696,0.094428,0.0000
834,41.7000,0,-0.587975,2.068389,0.595276,0.9895,-0.611915,2.035792,0.618172,0.9900,-0.624372,2.056389,0.613317,0.9858,-0.598080,2.041203,0.668695,0.9848,-0.625929,2.084447,0.658739,0.9810,-0.440572,2.041068,0.726346,0.9985,-0.553227,2.294155,0.704478,0.9964,-0.372134,2.053218,0.450351,0.9462,-0.455583,2.243472,1.059649,0.0000,-0.425905,2.031713,0.204245,0.8606,-0.599069,2.151617,0.845772,0.0000,-0.039864,2.195503,0.769847,0.9809,-0.095348,2.356529,0.757456,0.9750,-0.308326,2.167283,0.460151,0.7560,-0.285400,2.277037,0.474969,0.0000,-0.236740,2.204116,0.067335,0.8536,-0.264509,2.246696,0.094428,0.0000
835,41.7500,0,-0.587566,2.060992,0.612700,0.9878,-0.610596,2.027699,0.636552,0.9886,-0.624121,2.049309,0.630536,0.9836,-0.596843,2.034685,0.686651,0.9757,-0.626554,2.079088,0.676065,0.9685,-0.438673,2.040790,0.742344,0.9992,-0.553770,2.291043,0.720833,0.9980,-0.370633,2.054644,0.461896,0.9639,-0.455583,2.243472,1.059649,0.0000,-0.432551,2.036268,0.220124,0.9029,-0.599069,2.151617,0.845772,0.0000,-0.039165,2.193687,0.778428,0.9869,-0.094899,2.350431,0.768672,0.9811,-0.304141,2.178019,0.468416,0.8359,-0.285400,2.277037,0.474969,0.0000,-0.239607,2.205725,0.068676,0.9023,-0.264509,2.246696,0.094428,0.0000
836,41.8000,0,-0.586621,2.050838,0.634571,0.9838,-0.608715,2.018556,0.658515,0.9836,-0.622557,2.040050,0.652318,0.9752,-0.594906,2.026644,0.708264,0.9680,-0.625381,2.071123,0.698018,0.9648,-0.433686,2.039143,0.760021,0.9983,-0.551616,2.284089,0.743819,0.9973,-0.364634,2.050005,0.480056,0.9293,-0.455583,2.243472,1.059649,0.0000,-0.433718,2.024133,0.237683,0.8095,-0.599069,2.151617,0.845772,0.0000,-0.036759,2.190439,0.782932,0.9806,-0.094611,2.348523,0.774599,0.9801,-0.305865,2.207381,0.473189,0.7429,-0.285400,2.277037,0.474969,0.0000,-0.247589,2.218841,0.071045,0.9186,-0.264509,2.246696,0.094428,0.0000
837,41.8500,0,-0.584306,2.035327,0.664538,0.9560,-0.606926,2.007097,0.687670,0.9546,-0.620660,2.028011,0.681426,0.9357,-0.592411,2.019898,0.736125,0.9193,-0.622725,2.062646,0.725295,0.9087,-0.430098,2.041447,0.783728,0.9983,-0.551869,2.285736,0.768225,0.9973,-0.357999,2.048036,0.503633,0.9450,-0.455583,2.243472,1.059649,0.0000,-0.446202,2.032248,0.266688,0.8852,-0.599069,2.151617,0.845772,0.0000,-0.037220,2.191158,0.789715,0.9775,-0.096697,2.351749,0.782638,0.9808,-0.297542,2.204322,0.476532,0.8260,-0.285400,2.277037,0.474969,0.0000,-0.247331,2.214275,0.077406,0.8965,-0.264509,2.246696,0.094428,0.0000
838,41.9000,0,-0.582322,2.025746,0.698136,0.9810,-0.604893,1.998477,0.722292,0.9813,-0.618906,2.019930,0.715719,0.9718,-0.589285,2.014042,0.770768,0.9656,-0.620812,2.058449,0.758902,0.9641,-0.423339,2.040583,0.811766,0.9984,-0.550215,2.289679,0.793925,0.9971,-0.351004,2.043048,0.528808,0.9213,-0.455583,2.243472,1.059649,0.0000,-0.455765,2.033832,0.302460,0.8629,-0.599069,2.151617,0.845772,0.0000,-0.038957,2.196364,0.792959,0.9862,-0.104807,2.363127,0.784757,0.9860,-0.289326,2.207333,0.475449,0.6881,-0.285400,2.277037,0.474969,0.0000,-0.242493,2.210939,0.078259,0.8635,-0.264509,2.246696,0.094428,0.0000
839,41.9500,0,-0.516412,2.162922,0.736433,0.8612,-0.532190,2.147532,0.757683,0.8919,-0.541215,2.185147,0.748615,0.8358,-0.521403,2.147237,0.797168,0.9154,-0.535246,2.238675,0.786235,0.8543,-0.386130,2.086758,0.835194,0.9978,-0.476282,2.437893,0.800778,0.9924,-0.351004,2.043048,0.528808,0.0000,-0.455583,2.243472,1.059649,0.0000,-0.466621,2.014086,0.339968,0.8208,-0.581665,2.184804,0.669569,0.3375,-0.065426,2.152777,0.814562,0.9982,-0.115770,2.355256,0.788934,0.9985,-0.289326,2.207333,0.475449,0.0000,-0.285400,2.277037,0.474969,0.0000,-0.242493,2.210939,0.078259,0.0000,-0.264509,2.246696,0.094428,0.0000
840,42.0000,0,-0.516412,2.162922,0.736433,0.0000,-0.532190,2.147532,0.757683,0.0000,-0.541215,2.185147,0.748615,0.0000,-0.521403,2.147237,0.797168,0.0000,-0.535246,2.238675,0.786235,0.0000,-0.386130,2.086758,0.835194,0.0000,-0.476282,2.437893,0.800778,0.0000,-0.351004,2.043048,0.528808,0.0000,-0.455583,2.243472,1.059649,0.0000,-0.466621,2.014086,0.339968,0.0000,-0.581665,2.184804,0.669569,0.0000,-0.065426,2.152777,0.814562,0.0000,-0.115770,2.355256,0.788934,0.0000,-0.289326,2.207333,0.475449,0.0000,-0.285400,2.277037,0.474969,0.0000,-0.242493,2.210939,0.078259,0.0000,-0.264509,2.246696,0.094428,0.0000
841,42.0500,0,-0.516412,2.162922,0.736433,0.0000,-0.532190,2.147532,0.757683,0.0000,-0.541215,2.185147,0.748615,0.0000,-0.521403,2.147237,0.797168,0.0000,-0.535246,2.238675,0.786235,0.0000,-0.386130,2.086758,0.835194,0.0000,-0.476282,2.437893,0.800778,0.0000,-0.351004,2.043048,0.528808,0.0000,-0.455583,2.243472,1.059649,0.0000,-0.466621,2.014086,0.339968,0.0000,-0.581665,2.184804,0.669569,0.0000,-0.065426,2.152777,0.814562,0.0000,-0.115770,2.355256,0.788934,0.0000,-0.289326,2.207333,0.475449,0.0000,-0.285400,2.277037,0.474969,0.0000,-0.242493,2.210939,0.078259,0.0000,-0.264509,2.246696,0.094428,0.0000
842,42.1000,0,-0.516412,2.162922,0.736433,0.0000,-0.532190,2.147532,0.757683,0.0000,-0.541215,2.185147,0.748615,0.0000,-0.521403,2.147237,0.797168,0.0000,-0.535246,2.238675,0.786235,0.0000,-0.386130,2.086758,0.835194,0.0000,-0.476282,2.437893,0.800778,0.0000,-0.351004,2.043048,0.528808,0.0000,-0.455583,2.243472,1.059649,0.0000,-0.466621,2.014086,0.339968,0.0000,-0.581665,2.184804,0.669569,0.0000,-0.065426,2.152777,0.814562,0.0000,-0.115770,2.355256,0.788934,0.0000,-0.289326,2.207333,0.475449,0.0000,-0.285400,2.277037,0.474969,0.0000,-0.242493,2.210939,0.078259,0.0000,-0.264509,2.246696,0.094428,0.0000
843,42.1500,0,-0.533515,2.133688,0.835123,0.9954,-0.547505,2.119680,0.862621,0.9971,-0.556884,2.152979,0.855635,0.9965,-0.528984,2.123543,0.903269,0.9974,-0.545592,2.201694,0.894673,0.9932,-0.371396,2.059666,0.914868,0.9994,-0.473796,2.394474,0.893327,0.9965,-0.335650,2.028944,0.624566,0.9538,-0.455583,2.243472,1.059649,0.0000,-0.479808,2.011910,0.472985,0.8494,-0.581665,2.184804,0.669569,0.0000,-0.065426,2.152777,0.814562,0.0000,-0.121820,2.355633,0.792631,0.9946,-0.269724,2.201726,0.478819,0.8842,-0.285400,2.277037,0.474969,0.0000,-0.235744,2.202719,0.085103,0.9170,-0.262949,2.251218,0.092751,0.3882
844,42.2000,0,-0.552254,2.103002,0.925640,0.9953,-0.564612,2.089091,0.958109,0.9973,-0.575624,2.117492,0.953605,0.9962,-0.537678,2.097532,0.997501,0.9972,-0.558322,2.159129,0.991179,0.9922,-0.360042,2.038167,0.979957,0.9994,-0.476048,2.351827,0.973377,0.9943,-0.321499,2.014751,0.700971,0.9593,-0.455583,2.243472,1.059649,0.0000,-0.496785,2.017833,0.583970,0.9054,-0.581665,2.184804,0.669569,0.0000,-0.065426,2.152777,0.814562,0.0000,-0.127244,2.355635,0.797190,0.9923,-0.254647,2.194973,0.481842,0.8902,-0.285400,2.277037,0.474969,0.0000,-0.229066,2.196317,0.090635,0.9266,-0.263187,2.254788,0.095160,0.3472
845,42.2500,0,-0.566818,2.076173,1.005216,0.9968,-0.576194,2.063270,1.042351,0.9971,-0.589148,2.086164,1.039360,0.9961,-0.541436,2.077689,1.079869,0.9960,-0.565921,2.125027,1.073896,0.9894,-0.350371,2.021114,1.037102,0.9994,-0.479395,2.315289,1.035184,0.9922,-0.307457,2.001831,0.766029,0.9716,-0.455583,2.243472,1.059649,0.0000,-0.505443,2.014889,0.676030,0.9281,-0.581665,2.184804,0.669569,0.0000,-0.067206,2.168438,0.817947,0.9960,-0.135204,2.366726,0.805090,0.9934,-0.243724,2.183247,0.482460,0.9093,-0.285400,2.277037,0.474969,0.0000,-0.222492,2.187578,0.095272,0.9103,-0.265889,2.259635,0.097532,0.3087
846,42.3000,0,-0.571623,2.061153,1.078137,0.9962,-0.578077,2.049814,1.116485,0.9960,-0.592397,2.071094,1.114248,0.9936,-0.538507,2.062858,1.150111,0.9947,-0.565889,2.105042,1.144099,0.9833,-0.342728,2.007358,1.085266,0.9994,-0.478477,2.286053,1.086967,0.9903,-0.297056,1.988961,0.819912,0.9633,-0.455583,2.243472,1.059649,0.0000,-0.513096,1.999644,0.754248,0.9161,-0.581665,2.184804,0.669569,0.0000,-0.068639,2.176023,0.825147,0.9974,-0.141868,2.368851,0.816217,0.9965,-0.232625,2.174273,0.484327,0.9347,-0.285400,2.277037,0.474969,0.0000,-0.212738,2.174654,0.100810,0.9430,-0.266239,2.263988,0.096651,0.4019
847,42.3500,0,-0.569047,2.056947,1.137858,0.9974,-0.572577,2.045969,1.179492,0.9932,-0.587940,2.067955,1.177067,0.9907,-0.527650,2.058307,1.214399,0.9913,-0.557106,2.103127,1.208751,0.9772,-0.330251,2.002126,1.131329,0.9996,-0.466403,2.287436,1.137215,0.9979,-0.288194,1.972817,0.865396,0.9620,-0.455583,2.243472,1.059649,0.0000,-0.513561,1.989243,0.822285,0.9147,-0.581665,2.184804,0.669569,0.0000,-0.073041,2.175702,0.827115,0.9956,-0.148363,2.367396,0.818852,0.9962,-0.225574,2.163587,0.484201,0.9417,-0.285400,2.277037,0.474969,0.0000,-0.207094,2.163061,0.105417,0.9586,-0.267635,2.269338,0.095974,0.4623
848,42.4000,0,-0.564567,2.058588,1.199957,0.9968,-0.564408,2.047359,1.242422,0.9919,-0.580606,2.068943,1.239908,0.9919,-0.515109,2.054226,1.273859,0.9891,-0.545678,2.099533,1.268194,0.9816,-0.316820,2.000949,1.175254,0.9987,-0.455466,2.283363,1.176623,0.9946,-0.278566,1.959248,0.905340,0.9613,-0.455583,2.243472,1.059649,0.0000,-0.510569,1.973239,0.887322,0.7408,-0.581665,2.184804,0.669569,0.0000,-0.077684,2.174484,0.835155,0.9904,-0.156247,2.361785,0.824860,0.9953,-0.220209,2.155152,0.485375,0.9470,-0.285400,2.277037,0.474969,0.0000,-0.205530,2.155120,0.110105,0.9609,-0.270279,2.273846,0.097821,0.5450
849,42.4500,0,-0.556912,2.059588,1.256557,0.9951,-0.551746,2.050740,1.300331,0.9959,-0.569075,2.072508,1.298391,0.9955,-0.497429,2.054314,1.326955,0.9948,-0.530389,2.100200,1.322383,0.9890,-0.301713,2.000854,1.209486,0.9986,-0.446102,2.273676,1.209840,0.9795,-0.265643,1.950473,0.939927,0.9659,-0.455583,2.243472,1.059649,0.0000,-0.506482,1.966733,0.946343,0.9139,-0.581665,2.184804,0.669569,0.0000,-0.082347,2.173656,0.843329,0.9911,-0.165399,2.353828,0.831135,0.9951,-0.214467,2.151198,0.487669,0.9440,-0.285400,2.277037,0.474969,0.0000,-0.201194,2.150274,0.111016,0.9607,-0.268725,2.276936,0.098701,0.5266
850,42.5000,0,-0.543666,2.065980,1.302427,0.9993,-0.535926,2.056739,1.346672,0.9986,-0.553875,2.080625,1.344777,0.9989,-0.477973,2.058391,1.371510,0.9977,-0.513608,2.110667,1.367555,0.9967,-0.286714,1.999654,1.243809,0.9985,-0.429767,2.278384,1.237840,0.9983,-0.261904,1.939794,0.970936,0.9657,-0.455583,2.243472,1.059649,0.0000,-0.500448,1.967178,1.004767,0.8531,-0.581665,2.184804,0.669569,0.0000,-0.094324,2.163837,0.847759,0.9944,-0.175045,2.352152,0.835412,0.9965,-0.212523,2.142142,0.490832,0.9609,-0.283010,2.274144,0.477832,0.3626,-0.198580,2.151122,0.112033,0.9645,-0.265495,2.281769,0.100170,0.6082
851,42.5500,0,-0.526430,2.075264,1.345973,0.9993,-0.516062,2.067081,1.390769,0.9993,-0.535900,2.092075,1.387659,0.9995,-0.454882,2.066681,1.411762,0.9989,-0.494404,2.123636,1.406726,0.9985,-0.270517,2.003326,1.268888,0.9987,-0.409707,2.287846,1.260462,0.9986,-0.253780,1.935106,0.996163,0.9691,-0.455583,2.243472,1.059649,0.0000,-0.490686,1.968211,1.052997,0.8794,-0.581665,2.184804,0.669569,0.0000,-0.102976,2.158050,0.849278,0.9958,-0.184008,2.350411,0.837080,0.9963,-0.209830,2.138470,0.493289,0.9620,-0.279019,2.271417,0.480442,0.3547,-0.196956,2.151334,0.111866,0.9675,-0.262854,2.281168,0.104083,0.5941
852,42.6000,0,-0.508396,2.084716,1.383059,0.9995,-0.496343,2.077028,1.427855,0.9990,-0.516598,2.102221,1.423413,0.9993,-0.432204,2.074804,1.444429,0.9985,-0.473125,2.133596,1.438959,0.9979,-0.253808,2.007820,1.288972,0.9979,-0.390686,2.296805,1.278448,0.9992,-0.247056,1.930379,1.016356,0.9738,-0.455583,2.243472,1.059649,0.0000,-0.480863,1.976268,1.094184,0.8745,-0.581665,2.184804,0.669569,0.0000,-0.114536,2.150126,0.850604,0.9917,-0.194194,2.346881,0.838759,0.9966,-0.206250,2.133477,0.496322,0.9765,-0.275142,2.270896,0.481593,0.4250,-0.193488,2.150300,0.113428,0.9736,-0.258950,2.286136,0.107026,0.6577
853,42.6500,0,-0.489268,2.093489,1.415235,0.9997,-0.474029,2.085616,1.460049,0.9993,-0.496192,2.114207,1.455827,0.9994,-0.407926,2.079849,1.471708,0.9989,-0.453089,2.147281,1.467904,0.9982,-0.238345,2.009219,1.304980,0.9986,-0.375638,2.303748,1.296623,0.9984,-0.241888,1.925071,1.033795,0.9762,-0.455583,2.243472,1.059649,0.0000,-0.469919,1.980433,1.126698,0.8724,-0.581665,2.184804,0.669569,0.0000,-0.125566,2.141109,0.854144,0.9935,-0.204950,2.338861,0.841498,0.9968,-0.204114,2.130916,0.498730,0.9685,-0.272493,2.272862,0.483983,0.4382,-0.190590,2.151378,0.112945,0.9757,-0.256018,2.291876,0.109968,0.6473
854,42.7000,0,-0.469887,2.100796,1.437527,0.9995,-0.451639,2.090410,1.480795,0.9988,-0.475059,2.121881,1.477781,0.9989,-0.384899,2.084926,1.488473,0.9980,-0.432468,2.158278,1.486867,0.9966,-0.224429,2.012996,1.313772,0.9981,-0.360738,2.317368,1.310871,0.9983,-0.237562,1.922108,1.046301,0.9759,-0.455583,2.243472,1.059649,0.0000,-0.460518,1.985221,1.151944,0.9049,-0.581665,2.184804,0.669569,0.0000,-0.138106,2.127943,0.855592,0.9939,-0.214216,2.335335,0.841918,0.9964,-0.199362,2.127482,0.498316,0.9520,-0.269871,2.274531,0.480271,0.3960,-0.188139,2.152711,0.114514,0.9642,-0.254447,2.294195,0.109712,0.5765
855,42.7500,0,-0.449120,2.107087,1.456042,0.9994,-0.427770,2.095442,1.498148,0.9987,-0.452809,2.129915,1.495636,0.9988,-0.360949,2.089512,1.502731,0.9978,-0.410907,2.170183,1.502409,0.9958,-0.211149,2.017103,1.322142,0.9986,-0.348795,2.322599,1.319151,0.9975,-0.232305,1.922442,1.057296,0.9749,-0.455583,2.243472,1.059649,0.0000,-0.450918,1.989081,1.171792,0.8802,-0.581665,2.184804,0.669569,0.0000,-0.149031,2.118058,0.858547,0.9941,-0.225607,2.325879,0.844376,0.9950,-0.195827,2.125184,0.499500,0.9444,-0.266980,2.279296,0.477732,0.4025,-0.187703,2.152340,0.115259,0.9593,-0.253240,2.296636,0.108259,0.6122
856,42.8000,0,-0.430763,2.113410,1.469067,0.9993,-0.406621,2.100087,1.510276,0.9985,-0.432845,2.138758,1.509001,0.9986,-0.340004,2.094000,1.511764,0.9975,-0.391150,2.181281,1.513328,0.9961,-0.199128,2.020972,1.326961,0.9988,-0.336557,2.335247,1.326900,0.9991,-0.228175,1.925606,1.064207,0.9815,-0.455583,2.243472,1.059649,0.0000,-0.439461,1.992055,1.184635,0.9208,-0.581665,2.184804,0.669569,0.0000,-0.160574,2.104682,0.862600,0.9951,-0.231824,2.325096,0.846965,0.9970,-0.196060,2.119514,0.500063,0.9675,-0.266799,2.278572,0.478766,0.4759,-0.186119,2.151119,0.115312,0.9609,-0.252307,2.297791,0.109855,0.5790
857,42.8500,0,-0.413218,2.118898,1.478797,0.9990,-0.387620,2.104233,1.518883,0.9979,-0.414498,2.144249,1.518052,0.9982,-0.320619,2.098807,1.518749,0.9958,-0.372570,2.189234,1.520720,0.9943,-0.189130,2.023261,1.331013,0.9979,-0.327420,2.340065,1.331861,0.9984,-0.224584,1.926650,1.069480,0.9756,-0.455583,2.243472,1.059649,0.0000,-0.427981,1.996836,1.193841,0.8791,-0.581665,2.184804,0.669569,0.0000,-0.170511,2.098026,0.868246,0.9940,-0.240388,2.319205,0.850960,0.9966,-0.196431,2.116325,0.502901,0.9679,-0.267689,2.275397,0.480873,0.4762,-0.185450,2.150653,0.115127,0.9704,-0.251731,2.300817,0.110740,0.6360
858,42.9000,0,-0.398243,2.123682,1.485626,0.9987,-0.370962,2.108196,1.524326,0.9975,-0.397865,2.150173,1.524401,0.9974,-0.304870,2.100915,1.521535,0.9954,-0.356398,2.195062,1.524735,0.9924,-0.181687,2.026349,1.331998,0.9983,-0.315409,2.346224,1.334089,0.9985,-0.223257,1.926948,1.071139,0.9704,-0.455583,2.243472,1.059649,0.0000,-0.419663,1.999249,1.203720,0.8800,-0.581665,2.184804,0.669569,0.0000,-0.181845,2.092273,0.871353,0.9937,-0.245930,2.317808,0.853572,0.9957,-0.196285,2.116193,0.503153,0.9761,-0.267713,2.275734,0.479540,0.6950,-0.185591,2.154627,0.111765,0.9813,-0.250981,2.299905,0.113047,0.8046
859,42.9500,0,-0.384728,2.131444,1.489132,0.9995,-0.357061,2.115566,1.527916,0.9991,-0.383152,2.158218,1.527152,0.9991,-0.291824,2.106386,1.524129,0.9983,-0.342748,2.202107,1.525755,0.9974,-0.173783,2.032557,1.332031,0.9991,-0.305138,2.352020,1.334946,0.9993,-0.218020,1.928972,1.073159,0.9762,-0.455583,2.243472,1.059649,0.0000,-0.405736,2.006994,1.206516,0.8899,-0.581665,2.184804,0.669569,0.0000,-0.189399,2.089149,0.871824,0.9967,-0.251261,2.316316,0.853934,0.9977,-0.196864,2.116011,0.503826,0.9877,-0.268571,2.276282,0.480175,0.6963,-0.185790,2.154982,0.111185,0.9848,-0.250742,2.301275,0.113763,0.7806
860,43.0000,0,-0.372913,2.135140,1.493020,0.9998,-0.345119,2.120921,1.531530,0.9996,-0.370454,2.164574,1.530731,0.9996,-0.280669,2.110770,1.526924,0.9993,-0.329832,2.206236,1.528305,0.9988,-0.167551,2.037087,1.332674,0.9995,-0.295078,2.356383,1.336950,0.9994,-0.213331,1.929036,1.073702,0.9649,-0.455583,2.243472,1.059649,0.0000,-0.394586,2.008957,1.210359,0.8304,-0.581665,2.184804,0.669569,0.0000,-0.195742,2.087220,0.873851,0.9968,-0.254326,2.315384,0.855691,0.9977,-0.197154,2.113734,0.505061,0.9869,-0.268949,2.274265,0.482451,0.7751,-0.184660,2.155877,0.111020,0.9910,-0.251509,2.302189,0.117368,0.8551
861,43.0500,0,-0.364399,2.136166,1.498098,0.9998,-0.335532,2.121375,1.536027,0.9996,-0.360695,2.165965,1.535619,0.9996,-0.271983,2.111485,1.529324,0.9993,-0.320875,2.208153,1.530678,0.9990,-0.162123,2.040932,1.331515,0.9994,-0.289047,2.357154,1.336764,0.9994,-0.208875,1.929159,1.073341,0.9569,-0.455583,2.243472,1.059649,0.0000,-0.381876,2.014251,1.212396,0.8086,-0.581665,2.184804,0.669569,0.0000,-0.199028,2.084640,0.873572,0.9973,-0.257092,2.313683,0.856316,0.9977,-0.197329,2.113617,0.504209,0.9867,-0.268691,2.273473,0.481849,0.7052,-0.183727,2.156024,0.110438,0.9866,-0.251149,2.305456,0.120612,0.7940
862,43.1000,0,-0.356199,2.137369,1.502353,0.9998,-0.327116,2.122966,1.539968,0.9995,-0.352042,2.168509,1.539507,0.9995,-0.264606,2.113686,1.531596,0.9992,-0.312253,2.210025,1.533062,0.9986,-0.156275,2.042453,1.331057,0.9994,-0.284843,2.357567,1.337336,0.9994,-0.203633,1.929945,1.072506,0.9586,-0.455583,2.243472,1.059649,0.0000,-0.370402,2.015834,1.214075,0.8101,-0.581665,2.184804,0.669569,0.0000,-0.201556,2.083554,0.874453,0.9973,-0.259897,2.310940,0.857780,0.9979,-0.196472,2.114161,0.502476,0.9855,-0.267789,2.272560,0.481194,0.6930,-0.182851,2.157239,0.110183,0.9860,-0.251297,2.305853,0.120749,0.8017
863,43.1500,0,-0.350184,2.139684,1.503050,0.9997,-0.320497,2.125885,1.540985,0.9995,-0.345893,2.170343,1.540603,0.9996,-0.257779,2.117634,1.533060,0.9991,-0.305267,2.211297,1.535289,0.9989,-0.150411,2.045947,1.331751,0.9991,-0.280768,2.358113,1.339252,0.9993,-0.197069,1.933262,1.072511,0.9426,-0.455583,2.243472,1.059649,0.0000,-0.362195,2.019259,1.215768,0.7228,-0.581665,2.184804,0.669569,0.0000,-0.203105,2.082992,0.873206,0.9962,-0.262562,2.309005,0.857771,0.9975,-0.197375,2.113558,0.500341,0.9619,-0.268113,2.272475,0.478741,0.6080,-0.183137,2.157192,0.110628,0.9562,-0.250819,2.307565,0.118736,0.6957
864,43.2000,0,-0.345466,2.139557,1.502787,0.9998,-0.315253,2.125847,1.540473,0.9996,-0.340579,2.170559,1.540244,0.9996,-0.252689,2.117559,1.532940,0.9993,-0.300363,2.211282,1.536021,0.9988,-0.147336,2.045430,1.331003,0.9993,-0.275714,2.361183,1.340010,0.9993,-0.193074,1.935375,1.070671,0.9424,-0.455583,2.243472,1.059649,0.0000,-0.355154,2.021337,1.217231,0.7434,-0.581665,2.184804,0.669569,0.0000,-0.204819,2.081345,0.874627,0.9963,-0.263462,2.308863,0.858212,0.9975,-0.197848,2.114085,0.499611,0.9772,-0.268847,2.272015,0.478576,0.7207,-0.182887,2.155727,0.112281,0.9761,-0.250947,2.307705,0.118956,0.7870
865,43.2500,0,-0.340690,2.139617,1.504335,0.9998,-0.310099,2.126402,1.541902,0.9996,-0.334579,2.169878,1.541563,0.9996,-0.247280,2.116768,1.533403,0.9994,-0.295007,2.210379,1.536536,0.9990,-0.143843,2.044651,1.329968,0.9994,-0.272770,2.360428,1.339872,0.9993,-0.188362,1.938232,1.070134,0.9406,-0.455583,2.243472,1.059649,0.0000,-0.348388,2.024403,1.217215,0.7519,-0.581665,2.184804,0.669569,0.0000,-0.205255,2.081596,0.875050,0.9972,-0.263660,2.309466,0.859266,0.9979,-0.197777,2.112568,0.499442,0.9745,-0.268863,2.271417,0.478815,0.7033,-0.182289,2.156204,0.112386,0.9709,-0.249810,2.308295,0.117656,0.7505
866,43.3000,0,-0.337524,2.138506,1.505088,0.9998,-0.306528,2.124945,1.542472,0.9996,-0.331096,2.169043,1.542082,0.9996,-0.243664,2.115281,1.534191,0.9994,-0.292277,2.211164,1.537855,0.9990,-0.140823,2.046195,1.329727,0.9994,-0.270073,2.362036,1.341413,0.9994,-0.184458,1.939240,1.069638,0.9431,-0.455583,2.243472,1.059649,0.0000,-0.342766,2.028594,1.216240,0.7420,-0.581665,2.184804,0.669569,0.0000,-0.204634,2.082618,0.874614,0.9970,-0.263881,2.308529,0.858900,0.9977,-0.197122,2.114129,0.498396,0.9725,-0.269210,2.269888,0.479274,0.6532,-0.182508,2.157050,0.109438,0.9783,-0.249393,2.306468,0.118716,0.7692
867,43.3500,0,-0.334442,2.138495,1.505240,0.9998,-0.303208,2.124703,1.542111,0.9997,-0.328360,2.169211,1.542092,0.9997,-0.240712,2.115942,1.533998,0.9994,-0.289126,2.211332,1.538256,0.9990,-0.138717,2.046767,1.329071,0.9994,-0.267238,2.364897,1.342299,0.9994,-0.181324,1.940306,1.067583,0.9461,-0.455583,2.243472,1.059649,0.0000,-0.337015,2.028004,1.216030,0.7380,-0.581665,2.184804,0.669569,0.0000,-0.204820,2.081496,0.875438,0.9965,-0.263463,2.307905,0.859600,0.9974,-0.196869,2.113697,0.498131,0.9690,-0.268747,2.269149,0.479256,0.6547,-0.182317,2.155900,0.110417,0.9679,-0.249946,2.306731,0.118336,0.7354
868,43.4000,0,-0.331423,2.139254,1.506632,0.9999,-0.299700,2.125691,1.543711,0.9998,-0.325692,2.169823,1.543663,0.9998,-0.237073,2.117846,1.535205,0.9997,-0.286471,2.211754,1.539609,0.9995,-0.134804,2.050256,1.328503,0.9995,-0.266311,2.363436,1.342577,0.9992,-0.176673,1.943993,1.066411,0.9500,-0.455583,2.243472,1.059649,0.0000,-0.332034,2.029457,1.216592,0.7656,-0.581665,2.184804,0.669569,0.0000,-0.203509,2.083316,0.874897,0.9972,-0.264125,2.307041,0.860027,0.9979,-0.195952,2.113940,0.496239,0.9671,-0.268071,2.268801,0.477955,0.5885,-0.181864,2.154229,0.108991,0.9702,-0.249516,2.306228,0.118300,0.6911
869,43.4500,0,-0.328672,2.138592,1.508260,0.9998,-0.296895,2.124945,1.545196,0.9997,-0.323161,2.169356,1.545383,0.9997,-0.234307,2.117684,1.536048,0.9994,-0.284443,2.212258,1.541357,0.9991,-0.132636,2.051666,1.328667,0.9991,-0.264087,2.364579,1.343375,0.9993,-0.173714,1.948164,1.066091,0.9460,-0.455583,2.243472,1.059649,0.0000,-0.327907,2.032048,1.215101,0.7371,-0.581665,2.184804,0.669569,0.0000,-0.203413,2.083489,0.873568,0.9960,-0.262590,2.308316,0.858423,0.9973,-0.195547,2.114537,0.494633,0.9785,-0.267496,2.269852,0.475030,0.7121,-0.181670,2.154103,0.107643,0.9757,-0.248994,2.304965,0.117356,0.7862
870,43.5000,0,-0.327285,2.138101,1.508465,0.9998,-0.294602,2.124374,1.545331,0.9997,-0.321483,2.168532,1.545905,0.9997,-0.231799,2.117697,1.535883,0.9995,-0.283053,2.212197,1.541824,0.9992,-0.130887,2.052003,1.327790,0.9991,-0.265081,2.362219,1.343813,0.9994,-0.169852,1.950095,1.067144,0.9422,-0.455583,2.243472,1.059649,0.0000,-0.325141,2.033612,1.215127,0.7382,-0.581665,2.184804,0.669569,0.0000,-0.202065,2.084384,0.871951,0.9960,-0.262361,2.308404,0.857661,0.9974,-0.195115,2.114506,0.494764,0.9736,-0.267377,2.268401,0.475055,0.6818,-0.181520,2.155605,0.107726,0.9705,-0.248446,2.303910,0.117772,0.7507
871,43.5500,0,-0.326125,2.138014,1.508315,0.9999,-0.292918,2.124192,1.544946,0.9998,-0.320249,2.168463,1.545829,0.9998,-0.230456,2.118420,1.535615,0.9997,-0.281843,2.211502,1.541793,0.9996,-0.129566,2.053923,1.328065,0.9996,-0.265907,2.360954,1.343820,0.9995,-0.166070,1.951373,1.067920,0.9403,-0.455583,2.243472,1.059649,0.0000,-0.322304,2.034163,1.215811,0.7098,-0.581665,2.184804,0.669569,0.0000,-0.201114,2.085351,0.871600,0.9979,-0.261860,2.309222,0.857338,0.9983,-0.195660,2.114190,0.494322,0.9678,-0.267160,2.268509,0.474572,0.6650,-0.182503,2.155104,0.107128,0.9646,-0.247505,2.306571,0.118891,0.7498
872,43.6000,0,-0.324947,2.136422,1.509644,0.9997,-0.291192,2.122441,1.546157,0.9994,-0.319042,2.167937,1.547429,0.9994,-0.229512,2.117842,1.536163,0.9989,-0.280662,2.211969,1.542390,0.9981,-0.129287,2.053555,1.328668,0.9991,-0.264735,2.361646,1.343786,0.9992,-0.163724,1.950548,1.068410,0.9506,-0.455583,2.243472,1.059649,0.0000,-0.321094,2.036289,1.215813,0.7395,-0.581665,2.184804,0.669569,0.0000,-0.201596,2.086526,0.870921,0.9969,-0.261556,2.312350,0.856074,0.9975,-0.195205,2.117550,0.494217,0.9795,-0.267206,2.272491,0.473401,0.7079,-0.182809,2.157875,0.107624,0.9734,-0.248878,2.304738,0.115361,0.7693
873,43.6500,0,-0.323072,2.135331,1.510590,0.9998,-0.289286,2.120681,1.546944,0.9996,-0.317794,2.167745,1.548318,0.9996,-0.228267,2.117671,1.536575,0.9993,-0.279954,2.213268,1.542732,0.9988,-0.128505,2.053445,1.329489,0.9993,-0.263385,2.364094,1.344060,0.9993,-0.160659,1.951612,1.067766,0.9252,-0.455583,2.243472,1.059649,0.0000,-0.318844,2.037210,1.214852,0.6664,-0.581665,2.184804,0.669569,0.0000,-0.200672,2.088395,0.871032,0.9973,-0.261438,2.313919,0.856521,0.9977,-0.196495,2.117633,0.494623,0.9604,-0.268244,2.272531,0.475458,0.6348,-0.183063,2.159701,0.108511,0.9674,-0.246493,2.309209,0.119225,0.7352
874,43.7000,0,-0.320754,2.138293,1.512371,0.9998,-0.286773,2.123646,1.548099,0.9997,-0.315368,2.170496,1.549544,0.9997,-0.226249,2.119662,1.537106,0.9996,-0.278152,2.216092,1.543013,0.9993,-0.127710,2.053788,1.328807,0.9995,-0.263526,2.360946,1.343487,0.9993,-0.158512,1.951869,1.067897,0.9464,-0.455583,2.243472,1.059649,0.0000,-0.316079,2.037180,1.214443,0.7413,-0.581665,2.184804,0.669569,0.0000,-0.200523,2.090092,0.871741,0.9976,-0.261888,2.313144,0.858266,0.9980,-0.198134,2.116893,0.497272,0.9688,-0.269678,2.272543,0.477767,0.6613,-0.182848,2.158890,0.110554,0.9672,-0.246846,2.308800,0.120050,0.7329
875,43.7500,0,-0.320858,2.138106,1.513000,0.9998,-0.286652,2.122910,1.548237,0.9997,-0.315122,2.169927,1.549366,0.9997,-0.225541,2.119518,1.537325,0.9995,-0.277641,2.216100,1.543089,0.9992,-0.127755,2.054688,1.329659,0.9995,-0.262157,2.361047,1.343341,0.9995,-0.156085,1.952925,1.068782,0.9424,-0.455583,2.243472,1.059649,0.0000,-0.314748,2.038162,1.214622,0.6805,-0.581665,2.184804,0.669569,0.0000,-0.200348,2.093641,0.871704,0.9975,-0.261356,2.315113,0.858360,0.9977,-0.198851,2.117355,0.496600,0.9704,-0.269797,2.273794,0.477607,0.6805,-0.182959,2.157506,0.109036,0.9701,-0.246227,2.309286,0.121184,0.7543
876,43.8000,0,-0.320638,2.138212,1.512375,0.9998,-0.286335,2.123087,1.547872,0.9997,-0.314498,2.169659,1.548989,0.9997,-0.224809,2.119120,1.537248,0.9996,-0.277238,2.216014,1.542789,0.9992,-0.127040,2.054489,1.329934,0.9994,-0.260990,2.360828,1.343171,0.9994,-0.153365,1.953853,1.067544,0.9445,-0.455583,2.243472,1.059649,0.0000,-0.312708,2.038906,1.213192,0.6891,-0.581665,2.184804,0.669569,0.0000,-0.200400,2.094365,0.870818,0.9971,-0.261933,2.313577,0.857847,0.9976,-0.199479,2.117710,0.496040,0.9623,-0.270851,2.274320,0.478156,0.5769,-0.182857,2.156627,0.108697,0.9609,-0.247211,2.306499,0.119409,0.6679
877,43.8500,0,-0.320632,2.137672,1.512324,0.9998,-0.286058,2.122677,1.547728,0.9996,-0.313963,2.169622,1.548918,0.9996,-0.224450,2.118260,1.537427,0.9993,-0.276645,2.216164,1.542934,0.9988,-0.126141,2.054683,1.330516,0.9994,-0.260320,2.361977,1.343369,0.9993,-0.151344,1.953626,1.068298,0.9396,-0.455583,2.243472,1.059649,0.0000,-0.311473,2.038167,1.213118,0.6685,-0.581665,2.184804,0.669569,0.0000,-0.200159,2.095282,0.871218,0.9969,-0.260923,2.315328,0.857618,0.9973,-0.200326,2.116625,0.496825,0.9761,-0.271287,2.274976,0.478123,0.7435,-0.183635,2.157617,0.110128,0.9738,-0.244859,2.308371,0.120847,0.7978
878,43.9000,0,-0.318324,2.137164,1.513581,0.9999,-0.283138,2.121657,1.548205,0.9997,-0.312402,2.169755,1.549857,0.9997,-0.222665,2.119539,1.537804,0.9995,-0.276603,2.218077,1.544059,0.9992,-0.125001,2.058442,1.331066,0.9996,-0.261413,2.361832,1.343821,0.9993,-0.149276,1.953929,1.069432,0.9521,-0.455583,2.243472,1.059649,0.0000,-0.309736,2.039773,1.212764,0.7404,-0.581665,2.184804,0.669569,0.0000,-0.199338,2.097263,0.871392,0.9984,-0.262078,2.312753,0.857956,0.9982,-0.199800,2.118152,0.496480,0.9627,-0.271737,2.275060,0.477535,0.5977,-0.184258,2.158228,0.109015,0.9591,-0.244989,2.303473,0.120682,0.6847
879,43.9500,0,-0.317563,2.137528,1.514546,0.9999,-0.282522,2.121356,1.548997,0.9997,-0.311780,2.169947,1.550567,0.9997,-0.221762,2.120696,1.537968,0.9996,-0.275587,2.219466,1.544447,0.9993,-0.123704,2.060676,1.331071,0.9996,-0.260690,2.362959,1.343887,0.9992,-0.147473,1.953293,1.069697,0.9568,-0.455583,2.243472,1.059649,0.0000,-0.308099,2.041291,1.212751,0.7598,-0.581665,2.184804,0.669569,0.0000,-0.198527,2.098214,0.870362,0.9982,-0.262277,2.310638,0.857053,0.9981,-0.199236,2.118826,0.495657,0.9701,-0.272137,2.276079,0.476120,0.6448,-0.185479,2.159272,0.108599,0.9688,-0.244761,2.302478,0.120202,0.7380
880,44.0000,0,-0.315981,2.139369,1.515222,0.9999,-0.280962,2.123131,1.549352,0.9997,-0.310018,2.172632,1.550949,0.9997,-0.220291,2.122647,1.538145,0.9996,-0.273918,2.222768,1.544538,0.9993,-0.122848,2.063223,1.331020,0.9997,-0.259521,2.366245,1.343872,0.9995,-0.145223,1.956097,1.070463,0.9597,-0.455583,2.243472,1.059649,0.0000,-0.307008,2.043060,1.212439,0.7607,-0.581665,2.184804,0.669569,0.0000,-0.198559,2.099024,0.870348,0.9982,-0.262066,2.312638,0.856936,0.9983,-0.200546,2.119272,0.496287,0.9870,-0.273017,2.276906,0.478106,0.7151,-0.187137,2.158818,0.109526,0.9851,-0.246885,2.300417,0.120913,0.7910
881,44.0500,0,-0.314932,2.140190,1.517193,0.9998,-0.280206,2.123281,1.550648,0.9996,-0.308708,2.174260,1.552775,0.9996,-0.219928,2.123030,1.538155,0.9992,-0.272910,2.224340,1.545005,0.9989,-0.122882,2.063060,1.331169,0.9995,-0.258193,2.369153,1.343660,0.9993,-0.144824,1.954664,1.072302,0.9703,-0.455583,2.243472,1.059649,0.0000,-0.306332,2.044171,1.212312,0.8189,-0.581665,2.184804,0.669569,0.0000,-0.198443,2.099564,0.870213,0.9976,-0.260592,2.313939,0.856989,0.9978,-0.201829,2.118361,0.498450,0.9818,-0.272399,2.278330,0.477941,0.6879,-0.187902,2.160358,0.109726,0.9799,-0.246438,2.297435,0.117052,0.7652
882,44.1000,0,-0.313456,2.141017,1.518142,0.9999,-0.278738,2.124054,1.551343,0.9997,-0.307413,2.175099,1.553675,0.9997,-0.218846,2.124637,1.538251,0.9995,-0.271911,2.226117,1.545434,0.9992,-0.122339,2.064860,1.331560,0.9997,-0.258504,2.370188,1.344120,0.9995,-0.143099,1.955344,1.072726,0.9473,-0.455583,2.243472,1.059649,0.0000,-0.304719,2.046004,1.212030,0.6911,-0.581665,2.184804,0.669569,0.0000,-0.198276,2.100451,0.871143,0.9983,-0.260324,2.313704,0.858313,0.9982,-0.201135,2.119501,0.498967,0.9841,-0.271553,2.280652,0.478290,0.7416,-0.188321,2.161066,0.109319,0.9799,-0.246192,2.296034,0.118280,0.8038
883,44.1500,0,-0.312907,2.139489,1.518632,0.9999,-0.278292,2.122562,1.552201,0.9998,-0.307457,2.174325,1.554553,0.9998,-0.218493,2.124215,1.539149,0.9997,-0.272348,2.227129,1.546385,0.9994,-0.121699,2.066918,1.331842,0.9997,-0.258060,2.371404,1.344573,0.9996,-0.143096,1.954876,1.072745,0.9441,-0.455583,2.243472,1.059649,0.0000,-0.302986,2.046882,1.211777,0.6857,-0.581665,2.184804,0.669569,0.0000,-0.198426,2.101129,0.873423,0.9981,-0.260777,2.314890,0.860254,0.9981,-0.201766,2.119723,0.501837,0.9845,-0.272388,2.280364,0.480988,0.7427,-0.187125,2.162346,0.110243,0.9861,-0.246626,2.299007,0.120992,0.8364
884,44.2000,0,-0.313563,2.142307,1.517932,0.9998,-0.278701,2.125142,1.551519,0.9995,-0.307333,2.176783,1.553742,0.9996,-0.218397,2.126121,1.538352,0.9992,-0.271423,2.227993,1.545376,0.9988,-0.121297,2.067393,1.331426,0.9993,-0.258211,2.370408,1.343519,0.9994,-0.141685,1.958429,1.072410,0.9701,-0.455583,2.243472,1.059649,0.0000,-0.302915,2.047227,1.212133,0.8041,-0.581665,2.184804,0.669569,0.0000,-0.197861,2.101774,0.872691,0.9977,-0.260410,2.315857,0.859360,0.9979,-0.201736,2.119624,0.499858,0.9888,-0.272395,2.279891,0.481474,0.7300,-0.187275,2.163237,0.110180,0.9879,-0.248696,2.297111,0.122021,0.8214
885,44.2500,0,-0.312817,2.141962,1.518697,0.9999,-0.277942,2.125389,1.552066,0.9997,-0.306360,2.177636,1.554265,0.9997,-0.217871,2.126782,1.538256,0.9996,-0.271033,2.229447,1.545373,0.9992,-0.121446,2.067382,1.331781,0.9997,-0.258980,2.370105,1.342957,0.9994,-0.141675,1.958019,1.073599,0.9720,-0.455583,2.243472,1.059649,0.0000,-0.302675,2.047466,1.212054,0.8469,-0.581665,2.184804,0.669569,0.0000,-0.197386,2.102787,0.873194,0.9985,-0.261356,2.315162,0.859624,0.9984,-0.202240,2.119375,0.501147,0.9912,-0.273587,2.278242,0.483594,0.7728,-0.188058,2.163414,0.111621,0.9925,-0.248922,2.298547,0.123360,0.8567
886,44.3000,0,-0.313103,2.143538,1.517476,0.9998,-0.278498,2.127115,1.551480,0.9997,-0.306669,2.177973,1.553348,0.9997,-0.218004,2.127848,1.538649,0.9995,-0.271134,2.229715,1.544858,0.9992,-0.120685,2.067274,1.332427,0.9996,-0.258933,2.369256,1.343237,0.9994,-0.141837,1.958146,1.073832,0.9526,-0.455583,2.243472,1.059649,0.0000,-0.302825,2.049886,1.211798,0.7038,-0.581665,2.184804,0.669569,0.0000,-0.196474,2.102429,0.874731,0.9979,-0.261173,2.314908,0.860886,0.9980,-0.201259,2.119631,0.500531,0.9843,-0.274059,2.277484,0.483513,0.7114,-0.187687,2.161711,0.111917,0.9842,-0.250057,2.300837,0.124409,0.7962
887,44.3500,0,-0.313042,2.142233,1.517055,0.9999,-0.278459,2.125632,1.550808,0.9998,-0.306561,2.177323,1.552966,0.9998,-0.218450,2.126608,1.537629,0.9997,-0.271387,2.229383,1.543795,0.9996,-0.120217,2.066925,1.332486,0.9997,-0.259188,2.369168,1.342865,0.9994,-0.142151,1.958427,1.074651,0.9731,-0.455583,2.243472,1.059649,0.0000,-0.302800,2.050095,1.212127,0.8385,-0.581665,2.184804,0.669569,0.0000,-0.195417,2.103171,0.873509,0.9988,-0.260158,2.314490,0.859732,0.9988,-0.201125,2.119904,0.498168,0.9887,-0.273811,2.277195,0.482903,0.7309,-0.187905,2.161829,0.111507,0.9887,-0.250299,2.300321,0.123527,0.8247
888,44.4000,0,-0.313085,2.143713,1.517683,0.9999,-0.278166,2.127118,1.551185,0.9998,-0.306498,2.179312,1.553507,0.9998,-0.218141,2.128236,1.537604,0.9997,-0.271132,2.231262,1.544182,0.9995,-0.120561,2.067404,1.332350,0.9997,-0.259402,2.370306,1.342749,0.9994,-0.140561,1.960245,1.074204,0.9730,-0.455583,2.243472,1.059649,0.0000,-0.302799,2.048756,1.212234,0.8365,-0.581665,2.184804,0.669569,0.0000,-0.194988,2.104313,0.874257,0.9987,-0.259565,2.316682,0.860021,0.9987,-0.201507,2.119950,0.499007,0.9909,-0.272536,2.277207,0.481605,0.7766,-0.187957,2.161541,0.111168,0.9907,-0.250898,2.300403,0.122604,0.8549
889,44.4500,0,-0.312978,2.144611,1.518746,0.9998,-0.277669,2.127733,1.551990,0.9995,-0.306169,2.180700,1.554461,0.9995,-0.217881,2.128971,1.537977,0.9993,-0.270818,2.232998,1.545353,0.9988,-0.120517,2.067379,1.332814,0.9996,-0.258864,2.372651,1.343701,0.9995,-0.140497,1.959337,1.074437,0.9580,-0.455583,2.243472,1.059649,0.0000,-0.302433,2.049788,1.211700,0.7503,-0.581665,2.184804,0.669569,0.0000,-0.195591,2.104986,0.873954,0.9985,-0.259294,2.317678,0.859942,0.9984,-0.201609,2.119686,0.498998,0.9860,-0.272823,2.276249,0.482350,0.6913,-0.187819,2.160883,0.110409,0.9876,-0.250019,2.302033,0.127933,0.7956
890,44.5000,0,-0.312164,2.144030,1.520432,0.9999,-0.277179,2.126819,1.553100,0.9998,-0.305656,2.180748,1.556001,0.9998,-0.217578,2.128792,1.538419,0.9997,-0.270964,2.233423,1.546011,0.9995,-0.121383,2.067575,1.332480,0.9997,-0.258858,2.373058,1.343294,0.9993,-0.140828,1.958664,1.075156,0.9665,-0.455583,2.243472,1.059649,0.0000,-0.302244,2.050336,1.210871,0.8312,-0.581665,2.184804,0.669569,0.0000,-0.194791,2.106436,0.873234,0.9985,-0.258534,2.318986,0.859167,0.9977,-0.201813,2.119975,0.498464,0.9789,-0.272380,2.278532,0.480261,0.6597,-0.187136,2.159898,0.108632,0.9792,-0.250012,2.302816,0.120805,0.7354
891,44.5500,0,-0.312632,2.145448,1.519988,0.9999,-0.277671,2.128199,1.552815,0.9998,-0.305865,2.181602,1.555761,0.9998,-0.217892,2.129609,1.538258,0.9997,-0.270648,2.233530,1.545906,0.9995,-0.120835,2.067721,1.332605,0.9997,-0.258514,2.374056,1.343634,0.9994,-0.139639,1.961085,1.075049,0.9708,-0.455583,2.243472,1.059649,0.0000,-0.302251,2.052858,1.211235,0.8116,-0.581665,2.184804,0.669569,0.0000,-0.194645,2.105331,0.872518,0.9987,-0.257742,2.319845,0.857820,0.9987,-0.201402,2.120068,0.498528,0.9896,-0.271378,2.278960,0.478126,0.7572,-0.187479,2.159529,0.109620,0.9878,-0.250619,2.298979,0.119394,0.8396
892,44.6000,0,-0.313735,2.145355,1.518928,0.9998,-0.278487,2.127598,1.552077,0.9997,-0.307097,2.181265,1.554830,0.9997,-0.218570,2.129154,1.538308,0.9995,-0.271434,2.233498,1.546226,0.9993,-0.121222,2.068942,1.332198,0.9996,-0.258485,2.374338,1.343617,0.9993,-0.139569,1.961289,1.074103,0.9618,-0.455583,2.243472,1.059649,0.0000,-0.301711,2.053852,1.210930,0.7571,-0.581665,2.184804,0.669569,0.0000,-0.194845,2.106517,0.872256,0.9981,-0.258098,2.318675,0.857993,0.9982,-0.200680,2.120497,0.497661,0.9825,-0.270931,2.278299,0.478343,0.7013,-0.187436,2.160293,0.107497,0.9826,-0.249833,2.298208,0.119511,0.7928
893,44.6500,0,-0.313978,2.146077,1.518746,0.9999,-0.278470,2.128738,1.551932,0.9997,-0.306952,2.182704,1.554644,0.9997,-0.218612,2.129602,1.538145,0.9995,-0.271312,2.234185,1.546242,0.9993,-0.121899,2.068761,1.331538,0.9996,-0.258474,2.374988,1.342516,0.9993,-0.139696,1.961112,1.074092,0.9526,-0.455583,2.243472,1.059649,0.0000,-0.302112,2.053049,1.210708,0.7678,-0.581665,2.184804,0.669569,0.0000,-0.194170,2.107335,0.872438,0.9984,-0.257013,2.319998,0.858207,0.9984,-0.200836,2.120617,0.497794,0.9822,-0.271971,2.276813,0.480110,0.7060,-0.188178,2.160672,0.107223,0.9878,-0.246809,2.305864,0.124784,0.8076
894,44.7000,0,-0.315082,2.147255,1.517762,0.9997,-0.279536,2.130035,1.551621,0.9995,-0.308020,2.182182,1.553758,0.9995,-0.218882,2.130145,1.538134,0.9990,-0.271731,2.232574,1.545795,0.9987,-0.120822,2.069890,1.330893,0.9992,-0.258940,2.372824,1.341976,0.9993,-0.139001,1.963798,1.071531,0.9559,-0.455583,2.243472,1.059649,0.0000,-0.301318,2.054399,1.209880,0.7383,-0.581665,2.184804,0.669569,0.0000,-0.193972,2.106991,0.870162,0.9975,-0.258820,2.317331,0.856403,0.9977,-0.200080,2.122023,0.495855,0.9711,-0.271867,2.278187,0.480336,0.5813,-0.187116,2.161941,0.106144,0.9718,-0.247266,2.305105,0.123424,0.6987
895,44.7500,0,-0.314410,2.147375,1.518314,0.9999,-0.279025,2.130128,1.551928,0.9998,-0.307719,2.182707,1.554248,0.9998,-0.218677,2.130433,1.537788,0.9997,-0.271919,2.233933,1.545550,0.9995,-0.121441,2.069852,1.330656,0.9997,-0.259296,2.373247,1.341800,0.9993,-0.139539,1.961891,1.072185,0.9561,-0.455583,2.243472,1.059649,0.0000,-0.301322,2.053103,1.209421,0.8053,-0.581665,2.184804,0.669569,0.0000,-0.194263,2.106998,0.870667,0.9986,-0.258732,2.318541,0.857554,0.9986,-0.200796,2.122081,0.497398,0.9837,-0.272663,2.276912,0.483533,0.7236,-0.188027,2.162709,0.108548,0.9892,-0.247266,2.305105,0.123424,0.0000
896,44.8000,0,-0.313600,2.147696,1.517418,0.9999,-0.278205,2.129617,1.550989,0.9997,-0.307511,2.182693,1.553427,0.9997,-0.218186,2.130141,1.537530,0.9996,-0.272002,2.234231,1.545435,0.9992,-0.121507,2.070072,1.330158,0.9997,-0.258726,2.374731,1.341233,0.9992,-0.139724,1.961953,1.072121,0.9550,-0.455583,2.243472,1.059649,0.0000,-0.302394,2.054216,1.209268,0.7553,-0.581665,2.184804,0.669569,0.0000,-0.193856,2.108196,0.868546,0.9986,-0.258916,2.318805,0.856319,0.9986,-0.199853,2.122553,0.495995,0.9775,-0.271429,2.278803,0.480891,0.6671,-0.189090,2.161772,0.108431,0.9803,-0.248906,2.305979,0.123687,0.7682
897,44.8500,0,-0.313047,2.144903,1.517128,0.9999,-0.277695,2.126979,1.550865,0.9999,-0.307180,2.180282,1.553321,0.9999,-0.217975,2.128662,1.537626,0.9999,-0.272034,2.233577,1.545299,0.9998,-0.121106,2.070025,1.331469,0.9998,-0.257929,2.374515,1.343140,0.9994,-0.140420,1.962146,1.072500,0.9461,-0.455583,2.243472,1.059649,0.0000,-0.302873,2.055027,1.209086,0.7062,-0.581665,2.184804,0.669569,0.0000,-0.194391,2.107086,0.870571,0.9987,-0.257511,2.320080,0.857707,0.9987,-0.199881,2.122056,0.496358,0.9819,-0.270914,2.278055,0.480391,0.7003,-0.186800,2.160326,0.108931,0.9839,-0.247269,2.310197,0.125845,0.8082
898,44.9000,0,-0.312675,2.143276,1.517976,0.9999,-0.277479,2.126115,1.551358,0.9999,-0.306758,2.179465,1.554001,0.9999,-0.218149,2.127667,1.537388,0.9998,-0.272232,2.233060,1.545123,0.9997,-0.121243,2.070126,1.330933,0.9998,-0.258319,2.373262,1.342837,0.9993,-0.141199,1.961955,1.072629,0.9671,-0.455583,2.243472,1.059649,0.0000,-0.303127,2.054770,1.208787,0.8130,-0.581665,2.184804,0.669569,0.0000,-0.194120,2.107615,0.869983,0.9983,-0.258198,2.319743,0.857191,0.9984,-0.199244,2.120828,0.496667,0.9849,-0.271125,2.276171,0.479596,0.6969,-0.186177,2.157683,0.109470,0.9855,-0.247754,2.310315,0.123624,0.7883
899,44.9500,0,-0.312307,2.144157,1.518079,0.9998,-0.277130,2.127005,1.551331,0.9997,-0.306223,2.180745,1.553885,0.9997,-0.217661,2.128623,1.537089,0.9995,-0.271740,2.234135,1.544776,0.9991,-0.121140,2.070307,1.330391,0.9997,-0.258428,2.373382,1.342414,0.9993,-0.141075,1.962437,1.072676,0.9554,-0.455583,2.243472,1.059649,0.0000,-0.302451,2.054540,1.208164,0.7845,-0.581665,2.184804,0.669569,0.0000,-0.193756,2.108293,0.868987,0.9984,-0.258672,2.319447,0.856631,0.9983,-0.199732,2.122040,0.495499,0.9840,-0.272199,2.276190,0.481523,0.7180,-0.186972,2.159925,0.109660,0.9883,-0.245434,2.316215,0.129557,0.8021
900,45.0000,0,-0.311878,2.144879,1.519161,0.9999,-0.276807,2.128471,1.552350,0.9998,-0.305619,2.181313,1.554850,0.9998,-0.217070,2.129419,1.537315,0.9997,-0.271080,2.234387,1.544801,0.9995,-0.121216,2.070302,1.330657,0.9997,-0.258535,2.372543,1.341985,0.9993,-0.139605,1.964519,1.072739,0.9727,-0.455583,2.243472,1.059649,0.0000,-0.302191,2.053090,1.207635,0.8303,-0.581665,2.184804,0.669569,0.0000,-0.193634,2.107493,0.870504,0.9982,-0.258594,2.318931,0.857794,0.9983,-0.199066,2.121945,0.495735,0.9835,-0.271565,2.277470,0.481477,0.6877,-0.186136,2.160476,0.109942,0.9827,-0.246715,2.311882,0.126120,0.7911
901,45.0500,0,-0.310930,2.145294,1.518083,0.9999,-0.275736,2.128160,1.551386,0.9997,-0.305229,2.181101,1.553815,0.9997,-0.216143,2.129854,1.537283,0.9995,-0.270652,2.235157,1.544928,0.9992,-0.121025,2.069539,1.330540,0.9997,-0.258024,2.375507,1.342263,0.9993,-0.140259,1.963514,1.072666,0.9510,-0.455583,2.243472,1.059649,0.0000,-0.302300,2.053118,1.207155,0.7351,-0.581665,2.184804,0.669569,0.0000,-0.194107,2.107208,0.870296,0.9982,-0.258874,2.317968,0.857754,0.9982,-0.198610,2.121714,0.495870,0.9781,-0.271667,2.274672,0.482162,0.6938,-0.186205,2.160882,0.108296,0.9822,-0.245835,2.310525,0.128871,0.7804
902,45.1000,0,-0.310416,2.144049,1.518531,0.9999,-0.275304,2.126936,1.552019,0.9998,-0.304823,2.179991,1.554431,0.9999,-0.215731,2.128337,1.537705,0.9998,-0.270475,2.234622,1.545540,0.9996,-0.121217,2.069016,1.330493,0.9997,-0.257829,2.375708,1.342085,0.9994,-0.140533,1.963703,1.072490,0.9561,-0.455583,2.243472,1.059649,0.0000,-0.301882,2.053695,1.207481,0.7385,-0.581665,2.184804,0.669569,0.0000,-0.193955,2.105601,0.869940,0.9985,-0.258783,2.317229,0.856954,0.9984,-0.199088,2.121174,0.495283,0.9830,-0.271263,2.275029,0.481350,0.7036,-0.185680,2.158805,0.109489,0.9828,-0.245999,2.310430,0.128568,0.7935
903,45.1500,0,-0.310667,2.146034,1.519247,0.9998,-0.275244,2.129588,1.552793,0.9996,-0.304604,2.180965,1.555132,0.9996,-0.215112,2.129493,1.538949,0.9993,-0.269168,2.233409,1.546553,0.9989,-0.119231,2.070745,1.331252,0.9993,-0.257555,2.375121,1.342538,0.9992,-0.140691,1.964810,1.071373,0.9597,-0.455583,2.243472,1.059649,0.0000,-0.300762,2.054863,1.206640,0.7653,-0.581665,2.184804,0.669569,0.0000,-0.193734,2.106039,0.871563,0.9977,-0.258977,2.318393,0.858643,0.9979,-0.198878,2.121886,0.495286,0.9745,-0.270587,2.276318,0.480691,0.6658,-0.186107,2.159671,0.109300,0.9697,-0.246599,2.309933,0.125706,0.7298
904,45.2000,0,-0.309747,2.143915,1.519880,0.9999,-0.274334,2.127539,1.553264,0.9999,-0.304036,2.179601,1.556046,0.9999,-0.214456,2.128714,1.538923,0.9998,-0.269080,2.233766,1.546941,0.9997,-0.119124,2.071046,1.331415,0.9998,-0.257918,2.375717,1.343112,0.9994,-0.140614,1.963565,1.071929,0.9627,-0.455583,2.243472,1.059649,0.0000,-0.300419,2.054186,1.206835,0.7621,-0.581665,2.184804,0.669569,0.0000,-0.194635,2.105732,0.873024,0.9990,-0.259866,2.318664,0.860442,0.9988,-0.199241,2.122185,0.495333,0.9840,-0.270750,2.276230,0.481002,0.7229,-0.185624,2.160013,0.110054,0.9841,-0.247188,2.308249,0.125008,0.8234
905,45.2500,0,-0.310319,2.141791,1.518102,0.9998,-0.274684,2.124817,1.551621,0.9996,-0.304950,2.177151,1.554112,0.9996,-0.214915,2.126764,1.538638,0.9994,-0.270434,2.231439,1.546390,0.9989,-0.119109,2.070689,1.331482,0.9996,-0.258062,2.375823,1.343501,0.9992,-0.139523,1.962596,1.071058,0.9429,-0.455583,2.243472,1.059649,0.0000,-0.300208,2.054066,1.206486,0.6834,-0.581665,2.184804,0.669569,0.0000,-0.194293,2.106142,0.871966,0.9977,-0.259937,2.317096,0.859837,0.9978,-0.198993,2.121870,0.494637,0.9659,-0.270332,2.276136,0.480361,0.5441,-0.185594,2.161522,0.108152,0.9708,-0.247373,2.305878,0.126396,0.6604
906,45.3000,0,-0.309622,2.142317,1.519903,0.9998,-0.273367,2.125268,1.553165,0.9997,-0.303665,2.177460,1.555999,0.9997,-0.213693,2.127126,1.539215,0.9994,-0.269166,2.231403,1.547769,0.9991,-0.118386,2.071306,1.332299,0.9996,-0.258198,2.375281,1.344990,0.9993,-0.139370,1.962607,1.071712,0.9535,-0.455583,2.243472,1.059649,0.0000,-0.300994,2.055723,1.205769,0.7398,-0.581665,2.184804,0.669569,0.0000,-0.193765,2.105926,0.872082,0.9983,-0.259485,2.316090,0.860237,0.9982,-0.198835,2.121808,0.496167,0.9686,-0.270219,2.276360,0.479958,0.6267,-0.185998,2.163376,0.108894,0.9670,-0.246625,2.305067,0.125770,0.7141
907,45.3500,0,-0.309453,2.142122,1.520554,0.9998,-0.273085,2.125105,1.553655,0.9997,-0.303397,2.176766,1.556216,0.9997,-0.212978,2.127358,1.539564,0.9994,-0.268677,2.230474,1.547864,0.9991,-0.118083,2.070782,1.331333,0.9995,-0.258039,2.373528,1.343464,0.9991,-0.138949,1.964170,1.070231,0.9550,-0.455583,2.243472,1.059649,0.0000,-0.300880,2.054642,1.205925,0.7332,-0.581665,2.184804,0.669569,0.0000,-0.193520,2.105535,0.870654,0.9981,-0.260815,2.313921,0.858994,0.9981,-0.198884,2.122908,0.494301,0.9750,-0.270087,2.278455,0.480327,0.5875,-0.186851,2.163219,0.108761,0.9797,-0.247123,2.305036,0.125095,0.7309
908,45.4000,0,-0.307997,2.140931,1.522599,0.9998,-0.271353,2.124432,1.555342,0.9997,-0.301656,2.176528,1.558164,0.9997,-0.211786,2.126751,1.540227,0.9995,-0.267523,2.231065,1.548916,0.9991,-0.117920,2.069662,1.331209,0.9996,-0.258016,2.374588,1.343303,0.9991,-0.138021,1.964967,1.070209,0.9624,-0.455583,2.243472,1.059649,0.0000,-0.301262,2.054818,1.205697,0.7659,-0.581665,2.184804,0.669569,0.0000,-0.193201,2.106148,0.870683,0.9981,-0.261406,2.312379,0.858498,0.9981,-0.198786,2.124836,0.495918,0.9709,-0.269436,2.278265,0.480676,0.5844,-0.185969,2.160948,0.109867,0.9760,-0.247560,2.301672,0.123777,0.7298
909,45.4500,0,-0.307563,2.140700,1.522385,0.9998,-0.271051,2.124103,1.554967,0.9997,-0.301301,2.175470,1.557556,0.9997,-0.210816,2.125918,1.540051,0.9995,-0.266881,2.229008,1.548463,0.9991,-0.117783,2.068369,1.330129,0.9994,-0.258153,2.371955,1.342445,0.9992,-0.138014,1.964715,1.068437,0.9549,-0.455583,2.243472,1.059649,0.0000,-0.301531,2.053251,1.205569,0.7381,-0.581665,2.184804,0.669569,0.0000,-0.192697,2.106261,0.868942,0.9974,-0.262395,2.310222,0.857442,0.9978,-0.198375,2.125272,0.495107,0.9738,-0.269648,2.279162,0.481542,0.5901,-0.185745,2.158848,0.109991,0.9799,-0.248058,2.302976,0.126063,0.7301
910,45.5000,0,-0.306237,2.137555,1.523756,0.9999,-0.269969,2.121073,1.556024,0.9998,-0.300119,2.173440,1.558924,0.9998,-0.210188,2.124431,1.540622,0.9997,-0.266276,2.229108,1.549271,0.9995,-0.118020,2.067964,1.329965,0.9997,-0.257670,2.374450,1.343495,0.9992,-0.137757,1.964995,1.068500,0.9576,-0.455583,2.243472,1.059649,0.0000,-0.301577,2.053623,1.206200,0.7384,-0.581665,2.184804,0.669569,0.0000,-0.192999,2.105633,0.868249,0.9986,-0.262936,2.309169,0.856696,0.9985,-0.197996,2.125489,0.494494,0.9773,-0.269870,2.279325,0.481146,0.6473,-0.185952,2.159559,0.109801,0.9797,-0.248332,2.303879,0.125360,0.7647
911,45.5500,0,-0.305021,2.135490,1.523716,0.9999,-0.268232,2.119163,1.555887,0.9997,-0.298925,2.171770,1.559131,0.9998,-0.208958,2.123152,1.540650,0.9996,-0.265958,2.228026,1.549419,0.9994,-0.117893,2.066787,1.330847,0.9996,-0.257405,2.375497,1.345249,0.9994,-0.136714,1.964911,1.069859,0.9606,-0.455583,2.243472,1.059649,0.0000,-0.301588,2.055007,1.205175,0.7613,-0.581665,2.184804,0.669569,0.0000,-0.192975,2.104323,0.869548,0.9983,-0.261807,2.309989,0.857672,0.9983,-0.198651,2.124006,0.495962,0.9789,-0.270360,2.279939,0.481305,0.6523,-0.186496,2.161114,0.110402,0.9811,-0.248300,2.303829,0.124897,0.7628
912,45.6000,0,-0.304428,2.133593,1.524763,0.9999,-0.267415,2.117558,1.556916,0.9998,-0.298030,2.169897,1.559951,0.9998,-0.208259,2.121782,1.541238,0.9997,-0.265221,2.226349,1.550165,0.9996,-0.117492,2.068103,1.331038,0.9997,-0.257228,2.372370,1.345630,0.9992,-0.136529,1.966638,1.069172,0.9648,-0.455583,2.243472,1.059649,0.0000,-0.300751,2.055751,1.204929,0.7906,-0.581665,2.184804,0.669569,0.0000,-0.192910,2.104218,0.868852,0.9984,-0.262551,2.307869,0.856855,0.9985,-0.198094,2.124049,0.494211,0.9707,-0.269866,2.280138,0.479714,0.5661,-0.185261,2.158231,0.110299,0.9730,-0.248879,2.305162,0.123013,0.6835
913,45.6500,0,-0.302555,2.131854,1.525541,1.0000,-0.265203,2.115938,1.557170,0.9999,-0.296467,2.169382,1.560672,0.9999,-0.206873,2.121127,1.541493,0.9999,-0.264650,2.227790,1.550783,0.9999,-0.117645,2.067555,1.330385,0.9998,-0.257668,2.371916,1.345002,0.9991,-0.136981,1.966139,1.070562,0.9581,-0.455583,2.243472,1.059649,0.0000,-0.301163,2.055205,1.205357,0.7388,-0.581665,2.184804,0.669569,0.0000,-0.192629,2.106300,0.868031,0.9990,-0.262421,2.308106,0.855956,0.9989,-0.197683,2.125024,0.494589,0.9745,-0.269089,2.280184,0.479398,0.5796,-0.184608,2.156212,0.110642,0.9816,-0.249785,2.300992,0.120609,0.7482
914,45.7000,0,-0.301426,2.130720,1.526889,0.9999,-0.263996,2.115448,1.558085,0.9998,-0.295163,2.169159,1.562139,0.9998,-0.206201,2.120893,1.541490,0.9997,-0.264074,2.227968,1.551170,0.9995,-0.117365,2.065880,1.330647,0.9997,-0.258314,2.371829,1.345012,0.9991,-0.135877,1.966468,1.071958,0.9709,-0.455583,2.243472,1.059649,0.0000,-0.301081,2.055779,1.205706,0.8289,-0.581665,2.184804,0.669569,0.0000,-0.192834,2.105377,0.867655,0.9986,-0.261888,2.307593,0.855833,0.9986,-0.198548,2.124100,0.495828,0.9871,-0.268789,2.278746,0.480689,0.6951,-0.186156,2.153959,0.112990,0.9895,-0.247733,2.304272,0.124798,0.8028
915,45.7500,0,-0.301160,2.129462,1.527795,0.9999,-0.263675,2.114144,1.558395,0.9997,-0.294901,2.168188,1.562730,0.9998,-0.205897,2.120181,1.541671,0.9995,-0.264116,2.227544,1.551519,0.9994,-0.117136,2.065001,1.330698,0.9995,-0.259401,2.370577,1.344854,0.9991,-0.135134,1.966535,1.073385,0.9670,-0.455583,2.243472,1.059649,0.0000,-0.301309,2.056852,1.205579,0.8079,-0.581665,2.184804,0.669569,0.0000,-0.192291,2.105006,0.865756,0.9985,-0.262114,2.305830,0.855024,0.9984,-0.198136,2.123450,0.494484,0.9811,-0.268875,2.278762,0.480902,0.6444,-0.186906,2.156236,0.113299,0.9865,-0.248077,2.302997,0.125689,0.7724
916,45.8000,0,-0.301132,2.129449,1.528132,0.9999,-0.264207,2.114222,1.559326,0.9999,-0.294985,2.167535,1.563272,0.9999,-0.205743,2.119658,1.542184,0.9999,-0.263857,2.226609,1.551694,0.9998,-0.116890,2.064179,1.331286,0.9998,-0.259714,2.370405,1.344659,0.9991,-0.133889,1.965982,1.073903,0.9652,-0.455583,2.243472,1.059649,0.0000,-0.301440,2.057557,1.205239,0.8064,-0.581665,2.184804,0.669569,0.0000,-0.192411,2.105887,0.863749,0.9989,-0.262220,2.306073,0.853143,0.9987,-0.197255,2.124426,0.491752,0.9737,-0.268329,2.279342,0.479925,0.5905,-0.185214,2.155264,0.111729,0.9808,-0.248879,2.302074,0.124537,0.7253
917,45.8500,0,-0.300631,2.130069,1.528243,0.9999,-0.263576,2.115001,1.559944,0.9999,-0.294392,2.167632,1.563611,0.9999,-0.205069,2.119718,1.542802,0.9999,-0.262990,2.226154,1.552062,0.9998,-0.116362,2.063435,1.331469,0.9998,-0.259288,2.371473,1.344343,0.9991,-0.133003,1.965677,1.073609,0.9584,-0.455583,2.243472,1.059649,0.0000,-0.301412,2.058282,1.204491,0.7369,-0.581665,2.184804,0.669569,0.0000,-0.192308,2.104631,0.863757,0.9990,-0.262441,2.305893,0.852488,0.9986,-0.197518,2.124524,0.491217,0.9684,-0.268120,2.279118,0.478750,0.5687,-0.184948,2.154245,0.112459,0.9735,-0.250129,2.301746,0.122175,0.7032
918,45.9000,0,-0.299385,2.129940,1.528313,0.9999,-0.262282,2.115638,1.560523,0.9999,-0.293355,2.168457,1.564168,0.9999,-0.204082,2.119977,1.542971,0.9999,-0.262214,2.226943,1.552376,0.9998,-0.116069,2.062483,1.331291,0.9998,-0.259242,2.370953,1.344928,0.9992,-0.131194,1.965297,1.072032,0.9610,-0.455583,2.243472,1.059649,0.0000,-0.300490,2.058348,1.202951,0.7630,-0.581665,2.184804,0.669569,0.0000,-0.192095,2.104508,0.861934,0.9991,-0.262740,2.304831,0.850904,0.9990,-0.197280,2.126294,0.489895,0.9761,-0.268089,2.278547,0.478315,0.5885,-0.184163,2.154125,0.112501,0.9826,-0.250705,2.300860,0.124984,0.7472
919,45.9500,0,-0.298970,2.129029,1.528279,0.9999,-0.261920,2.114760,1.560804,0.9998,-0.293160,2.167918,1.564281,0.9998,-0.203832,2.119096,1.542997,0.9998,-0.262371,2.226838,1.552481,0.9996,-0.115160,2.062803,1.331973,0.9998,-0.259235,2.371135,1.346087,0.9992,-0.131108,1.963120,1.072232,0.9665,-0.455583,2.243472,1.059649,0.0000,-0.299755,2.058640,1.203426,0.8023,-0.581665,2.184804,0.669569,0.0000,-0.192017,2.104632,0.863471,0.9991,-0.261621,2.306301,0.852721,0.9987,-0.197856,2.125550,0.490565,0.9779,-0.268355,2.277703,0.477991,0.6738,-0.184366,2.155703,0.113156,0.9768,-0.249261,2.302785,0.125903,0.7567
920,46.0000,0,-0.297710,2.130343,1.528246,0.9999,-0.260953,2.116750,1.560698,0.9997,-0.292085,2.169788,1.564013,0.9997,-0.203215,2.120577,1.543413,0.9995,-0.261425,2.228401,1.552670,0.9991,-0.114923,2.062064,1.333000,0.9997,-0.259567,2.372497,1.346895,0.9993,-0.131735,1.961930,1.072211,0.9537,-0.455583,2.243472,1.059649,0.0000,-0.300125,2.059375,1.203284,0.7737,-0.581665,2.184804,0.669569,0.0000,-0.192098,2.103203,0.864589,0.9985,-0.261592,2.304374,0.854630,0.9984,-0.198098,2.125355,0.492178,0.9773,-0.269766,2.274763,0.482073,0.6574,-0.184365,2.158432,0.113642,0.9873,-0.249261,2.302785,0.125903,0.0000
921,46.0500,0,-0.298526,2.131085,1.529091,0.9998,-0.261702,2.117404,1.561680,0.9997,-0.292760,2.169937,1.564898,0.9997,-0.203298,2.121122,1.543454,0.9995,-0.261527,2.227935,1.552881,0.9992,-0.115367,2.061904,1.332615,0.9996,-0.261090,2.372190,1.346704,0.9991,-0.131107,1.961495,1.072255,0.9629,-0.455583,2.243472,1.059649,0.0000,-0.300428,2.058377,1.202921,0.7808,-0.581665,2.184804,0.669569,0.0000,-0.191932,2.103307,0.863344,0.9982,-0.262150,2.303000,0.853985,0.9980,-0.198016,2.125938,0.490890,0.9800,-0.269559,2.275722,0.481274,0.6399,-0.184910,2.157407,0.113338,0.9848,-0.248591,2.301265,0.129195,0.7676
922,46.1000,0,-0.297705,2.130489,1.529336,0.9998,-0.260617,2.116946,1.561854,0.9997,-0.292424,2.169976,1.565204,0.9997,-0.202707,2.121009,1.543349,0.9994,-0.262118,2.228729,1.553246,0.9992,-0.115778,2.062741,1.332371,0.9996,-0.261833,2.373091,1.346264,0.9990,-0.130713,1.963049,1.071605,0.9597,-0.455583,2.243472,1.059649,0.0000,-0.299717,2.056924,1.202808,0.7593,-0.581665,2.184804,0.669569,0.0000,-0.191827,2.103870,0.862416,0.9985,-0.262124,2.303368,0.852598,0.9983,-0.197532,2.127298,0.490884,0.9663,-0.268602,2.277942,0.479927,0.5518,-0.185950,2.158164,0.112758,0.9716,-0.248056,2.298127,0.128181,0.6951
923,46.1500,0,-0.297801,2.128957,1.528744,0.9999,-0.260766,2.115372,1.561354,0.9999,-0.292678,2.169128,1.564868,0.9999,-0.202966,2.120080,1.542832,0.9999,-0.262843,2.228500,1.552854,0.9998,-0.116263,2.062362,1.333009,0.9998,-0.262465,2.372941,1.346627,0.9992,-0.129233,1.964947,1.072217,0.9535,-0.455583,2.243472,1.059649,0.0000,-0.300086,2.057672,1.203074,0.7644,-0.581665,2.184804,0.669569,0.0000,-0.192352,2.103606,0.863068,0.9990,-0.262248,2.303890,0.852621,0.9989,-0.196743,2.127479,0.490559,0.9618,-0.268068,2.279250,0.479259,0.4992,-0.184919,2.156326,0.111614,0.9728,-0.248632,2.298103,0.126940,0.6711
924,46.2000,0,-0.297885,2.128521,1.528451,0.9999,-0.260626,2.114996,1.560839,0.9999,-0.292927,2.168530,1.564429,0.9999,-0.203015,2.120549,1.542720,0.9998,-0.263511,2.228221,1.552876,0.9997,-0.115816,2.062719,1.333691,0.9997,-0.263245,2.372025,1.347344,0.9993,-0.129373,1.965325,1.072686,0.9621,-0.455583,2.243472,1.059649,0.0000,-0.300267,2.058902,1.204018,0.7874,-0.581665,2.184804,0.669569,0.0000,-0.192052,2.103998,0.863996,0.9987,-0.261493,2.305230,0.852856,0.9986,-0.197369,2.127148,0.491046,0.9796,-0.268048,2.278814,0.478000,0.6610,-0.183983,2.154958,0.112295,0.9813,-0.247705,2.298964,0.126112,0.7669
925,46.2500,0,-0.297864,2.130054,1.528866,0.9999,-0.260361,2.116699,1.561369,0.9997,-0.292634,2.170013,1.564931,0.9997,-0.202730,2.121786,1.542905,0.9995,-0.263357,2.229298,1.553194,0.9993,-0.115465,2.063851,1.333258,0.9996,-0.263525,2.372610,1.347558,0.9991,-0.128454,1.966149,1.071663,0.9600,-0.455583,2.243472,1.059649,0.0000,-0.299425,2.059838,1.203935,0.7704,-0.581665,2.184804,0.669569,0.0000,-0.191978,2.104073,0.863993,0.9986,-0.262432,2.303344,0.853259,0.9986,-0.197390,2.127211,0.491450,0.9700,-0.267727,2.279079,0.477999,0.5654,-0.184811,2.157163,0.112918,0.9747,-0.248261,2.298540,0.126573,0.7008
926,46.3000,0,-0.297946,2.129262,1.528632,0.9999,-0.260452,2.115839,1.560662,0.9997,-0.293001,2.169230,1.564390,0.9998,-0.203258,2.122307,1.543248,0.9996,-0.264468,2.229548,1.553107,0.9994,-0.116256,2.064250,1.334705,0.9997,-0.264068,2.372744,1.347970,0.9993,-0.128901,1.965804,1.073284,0.9653,-0.455583,2.243472,1.059649,0.0000,-0.299464,2.058448,1.205355,0.7933,-0.581665,2.184804,0.669569,0.0000,-0.192378,2.103545,0.866085,0.9987,-0.261945,2.305019,0.854637,0.9986,-0.197793,2.126727,0.491991,0.9753,-0.267877,2.279663,0.479226,0.6074,-0.185055,2.159221,0.110791,0.9748,-0.248531,2.300054,0.125377,0.7031
927,46.3500,0,-0.297986,2.130776,1.528378,0.9998,-0.260214,2.117269,1.560163,0.9997,-0.292880,2.170609,1.564059,0.9997,-0.203264,2.123787,1.543132,0.9994,-0.264547,2.230913,1.553087,0.9992,-0.116444,2.064809,1.335117,0.9996,-0.264815,2.374120,1.347527,0.9992,-0.128520,1.967214,1.073787,0.9593,-0.455583,2.243472,1.059649,0.0000,-0.299012,2.058094,1.205428,0.7569,-0.581665,2.184804,0.669569,0.0000,-0.192976,2.103530,0.867680,0.9985,-0.262185,2.305319,0.855633,0.9983,-0.197971,2.126665,0.493837,0.9702,-0.267646,2.279994,0.478703,0.5562,-0.185308,2.161673,0.110004,0.9733,-0.248394,2.299322,0.125042,0.6958
928,46.4000,0,-0.297506,2.132533,1.528411,0.9999,-0.259785,2.119259,1.560369,0.9998,-0.292669,2.172198,1.563994,0.9998,-0.203129,2.125571,1.543283,0.9996,-0.264678,2.232179,1.552990,0.9995,-0.116459,2.066072,1.335411,0.9996,-0.265284,2.374171,1.347601,0.9992,-0.128513,1.967695,1.073697,0.9555,-0.455583,2.243472,1.059649,0.0000,-0.298513,2.057873,1.205345,0.7349,-0.581665,2.184804,0.669569,0.0000,-0.192897,2.103862,0.866842,0.9985,-0.262939,2.304329,0.854807,0.9985,-0.198900,2.126675,0.493658,0.9746,-0.267767,2.280636,0.478242,0.6040,-0.184626,2.159717,0.110434,0.9773,-0.248258,2.300479,0.125184,0.7285
929,46.4500,0,-0.298702,2.132414,1.527737,1.0000,-0.260794,2.118522,1.559466,0.9999,-0.293945,2.171068,1.563508,0.9999,-0.204063,2.125404,1.543084,0.9999,-0.265837,2.230919,1.553205,0.9998,-0.116987,2.067234,1.335896,0.9998,-0.265534,2.373072,1.348249,0.9992,-0.129008,1.968238,1.074244,0.9623,-0.455583,2.243472,1.059649,0.0000,-0.298506,2.057253,1.206042,0.7753,-0.581665,2.184804,0.669569,0.0000,-0.193162,2.103499,0.867050,0.9989,-0.263293,2.304152,0.854864,0.9988,-0.198940,2.126150,0.492026,0.9703,-0.267802,2.279720,0.477673,0.5439,-0.182991,2.158487,0.107332,0.9723,-0.248679,2.301447,0.125388,0.6608
930,46.5000,0,-0.299649,2.132313,1.527737,0.9999,-0.262222,2.118673,1.559682,0.9999,-0.294634,2.171581,1.563325,0.9999,-0.205190,2.126154,1.542919,0.9998,-0.265876,2.232582,1.552654,0.9997,-0.117238,2.068957,1.335749,0.9998,-0.265640,2.374869,1.347826,0.9990,-0.130536,1.967674,1.074880,0.9692,-0.455583,2.243472,1.059649,0.0000,-0.298305,2.055616,1.207071,0.8256,-0.581665,2.184804,0.669569,0.0000,-0.192501,2.105172,0.868520,0.9988,-0.262746,2.306111,0.856544,0.9985,-0.198507,2.125365,0.491987,0.9772,-0.268576,2.278468,0.478246,0.6138,-0.182590,2.158145,0.107310,0.9782,-0.248887,2.304690,0.123646,0.7319
931,46.5500,0,-0.300483,2.132593,1.527772,0.9999,-0.263477,2.118640,1.559142,0.9997,-0.295664,2.172573,1.562727,0.9997,-0.206403,2.125906,1.542269,0.9995,-0.266713,2.233991,1.551955,0.9993,-0.118468,2.068334,1.335463,0.9995,-0.265702,2.375716,1.346289,0.9992,-0.130868,1.967641,1.075937,0.9707,-0.455583,2.243472,1.059649,0.0000,-0.299271,2.057337,1.207644,0.8212,-0.581665,2.184804,0.669569,0.0000,-0.192579,2.104681,0.865974,0.9987,-0.262767,2.307645,0.853412,0.9986,-0.198000,2.125344,0.489675,0.9824,-0.268651,2.279114,0.478520,0.6755,-0.184315,2.160075,0.107951,0.9850,-0.249598,2.303002,0.124350,0.7850
932,46.6000,0,-0.301931,2.132801,1.526881,0.9999,-0.264806,2.117910,1.558430,0.9998,-0.297320,2.172430,1.562087,0.9998,-0.207886,2.125274,1.542023,0.9997,-0.268371,2.234618,1.551810,0.9996,-0.119933,2.070400,1.335438,0.9997,-0.265203,2.377315,1.346810,0.9992,-0.132729,1.967180,1.076021,0.9604,-0.455583,2.243472,1.059649,0.0000,-0.300144,2.056319,1.207989,0.7736,-0.581665,2.184804,0.669569,0.0000,-0.193190,2.104954,0.868113,0.9987,-0.261433,2.311346,0.855055,0.9983,-0.199206,2.125203,0.490035,0.9730,-0.268986,2.279052,0.479139,0.6561,-0.185116,2.161105,0.107357,0.9679,-0.249146,2.302888,0.123104,0.7109
933,46.6500,0,-0.303830,2.133806,1.525991,0.9999,-0.266813,2.119052,1.557872,0.9999,-0.298902,2.173287,1.561349,0.9999,-0.209360,2.125615,1.541897,0.9999,-0.268885,2.234635,1.551248,0.9998,-0.120908,2.070406,1.334850,0.9998,-0.264147,2.377034,1.346045,0.9992,-0.133855,1.967926,1.075944,0.9486,-0.455583,2.243472,1.059649,0.0000,-0.301029,2.056841,1.207676,0.6798,-0.581665,2.184804,0.669569,0.0000,-0.193184,2.105010,0.867284,0.9988,-0.261644,2.310285,0.854459,0.9987,-0.199330,2.124966,0.489603,0.9746,-0.268643,2.278817,0.479077,0.6317,-0.185231,2.158078,0.107659,0.9781,-0.249601,2.302262,0.121721,0.7513
934,46.7000,0,-0.306285,2.135875,1.523540,0.9999,-0.269724,2.120608,1.555584,0.9997,-0.301380,2.175144,1.558647,0.9997,-0.212162,2.126099,1.540154,0.9994,-0.270653,2.235037,1.549312,0.9992,-0.122393,2.069973,1.333651,0.9995,-0.262929,2.380570,1.345018,0.9995,-0.134382,1.967632,1.074729,0.9488,-0.455583,2.243472,1.059649,0.0000,-0.301751,2.054896,1.207102,0.6933,-0.581665,2.184804,0.669569,0.0000,-0.193536,2.105292,0.867445,0.9983,-0.261162,2.312438,0.854121,0.9984,-0.199722,2.126239,0.491113,0.9675,-0.269174,2.278907,0.480608,0.5199,-0.186028,2.160640,0.107728,0.9733,-0.251039,2.300817,0.124296,0.6695
935,46.7500,0,-0.306977,2.137364,1.519836,0.9998,-0.271572,2.122460,1.553243,0.9995,-0.302954,2.177755,1.555488,0.9995,-0.213830,2.128177,1.539090,0.9992,-0.271731,2.236444,1.547274,0.9986,-0.121684,2.068993,1.333147,0.9995,-0.262364,2.380999,1.343791,0.9994,-0.137270,1.965395,1.073825,0.9525,-0.455583,2.243472,1.059649,0.0000,-0.302712,2.056027,1.206959,0.6900,-0.581665,2.184804,0.669569,0.0000,-0.192579,2.104323,0.867275,0.9977,-0.262116,2.311352,0.853992,0.9978,-0.199328,2.126523,0.490882,0.9792,-0.269246,2.279759,0.481594,0.6849,-0.186573,2.161696,0.108433,0.9824,-0.250850,2.302495,0.125788,0.7905
936,46.8000,0,-0.308157,2.140578,1.513310,0.9996,-0.274469,2.125770,1.547913,0.9993,-0.304900,2.180107,1.549270,0.9993,-0.215861,2.130720,1.536208,0.9988,-0.272502,2.236700,1.542992,0.9979,-0.121222,2.068815,1.332238,0.9993,-0.261350,2.380813,1.343099,0.9992,-0.141533,1.963598,1.072737,0.9403,-0.455583,2.243472,1.059649,0.0000,-0.304551,2.057957,1.206634,0.6733,-0.581665,2.184804,0.669569,0.0000,-0.193181,2.104645,0.867322,0.9969,-0.262050,2.313666,0.854534,0.9972,-0.199292,2.126079,0.490858,0.9773,-0.270345,2.277572,0.482480,0.6729,-0.185274,2.163404,0.106056,0.9843,-0.248289,2.304240,0.131574,0.7869
937,46.8500,0,-0.311134,2.147738,1.507151,0.9996,-0.279333,2.133286,1.543024,0.9993,-0.307287,2.183383,1.543338,0.9993,-0.218974,2.134089,1.533656,0.9989,-0.272983,2.235962,1.538826,0.9982,-0.121128,2.068894,1.331500,0.9993,-0.260091,2.378955,1.342638,0.9993,-0.144979,1.961116,1.071619,0.9459,-0.455583,2.243472,1.059649,0.0000,-0.306798,2.059063,1.206920,0.7036,-0.581665,2.184804,0.669569,0.0000,-0.193532,2.103989,0.869394,0.9964,-0.261472,2.314510,0.856734,0.9972,-0.199811,2.125031,0.492245,0.9762,-0.271349,2.276315,0.483018,0.6862,-0.185066,2.163244,0.106642,0.9813,-0.247299,2.309847,0.133202,0.7884
938,46.9000,0,-0.313790,2.152272,1.502324,0.9999,-0.283454,2.137630,1.539161,0.9998,-0.310070,2.184561,1.538999,0.9998,-0.221846,2.135868,1.531729,0.9998,-0.274761,2.235311,1.535747,0.9995,-0.121261,2.070553,1.331588,0.9997,-0.259420,2.377904,1.341770,0.9995,-0.145861,1.960601,1.071343,0.9494,-0.455583,2.243472,1.059649,0.0000,-0.307859,2.057415,1.205974,0.7081,-0.581665,2.184804,0.669569,0.0000,-0.194347,2.102082,0.869150,0.9981,-0.261415,2.314461,0.855404,0.9983,-0.200169,2.122501,0.491535,0.9776,-0.271821,2.276032,0.480488,0.6872,-0.183973,2.161217,0.106663,0.9766,-0.247829,2.311141,0.129433,0.7608
939,46.9500,0,-0.316035,2.157248,1.498172,0.9997,-0.287190,2.142218,1.535296,0.9995,-0.311840,2.187945,1.534784,0.9994,-0.225222,2.137173,1.528934,0.9991,-0.276534,2.235605,1.531954,0.9985,-0.122652,2.069643,1.330246,0.9996,-0.257690,2.380673,1.340201,0.9994,-0.146697,1.959546,1.071204,0.9772,-0.455583,2.243472,1.059649,0.0000,-0.309452,2.057611,1.206064,0.8338,-0.581665,2.184804,0.669569,0.0000,-0.195632,2.101539,0.868970,0.9968,-0.259516,2.315868,0.854723,0.9974,-0.201977,2.120274,0.494516,0.9861,-0.271894,2.273698,0.481422,0.7700,-0.184934,2.161343,0.107360,0.9901,-0.247384,2.304055,0.129454,0.8399
940,47.0000,0,-0.319023,2.160128,1.496656,0.9998,-0.291470,2.145171,1.533880,0.9996,-0.314176,2.189267,1.533237,0.9996,-0.229464,2.137293,1.527606,0.9994,-0.278115,2.234291,1.530060,0.9990,-0.124824,2.066914,1.329960,0.9997,-0.256793,2.382113,1.339840,0.9996,-0.148263,1.958407,1.070527,0.9650,-0.455583,2.243472,1.059649,0.0000,-0.310266,2.055385,1.205394,0.7947,-0.581665,2.184804,0.669569,0.0000,-0.197112,2.101308,0.869134,0.9976,-0.257304,2.321054,0.854559,0.9981,-0.203763,2.119815,0.494614,0.9884,-0.272239,2.272990,0.482064,0.7705,-0.184663,2.161736,0.105945,0.9899,-0.248414,2.306404,0.129936,0.8409
941,47.0500,0,-0.321708,2.161657,1.493178,0.9996,-0.295240,2.146327,1.530797,0.9992,-0.316327,2.190222,1.529659,0.9992,-0.232927,2.136655,1.525578,0.9986,-0.279579,2.232886,1.527212,0.9978,-0.126012,2.066341,1.329866,0.9994,-0.255524,2.382955,1.339456,0.9994,-0.149044,1.959205,1.071509,0.9838,-0.455583,2.243472,1.059649,0.0000,-0.311010,2.058311,1.204617,0.9034,-0.581665,2.184804,0.669569,0.0000,-0.197769,2.100878,0.868415,0.9966,-0.256150,2.325133,0.853476,0.9975,-0.205288,2.119015,0.495792,0.9880,-0.273937,2.273370,0.483932,0.7919,-0.185678,2.159286,0.106156,0.9908,-0.249577,2.308686,0.133756,0.8374
942,47.1000,0,-0.323400,2.163821,1.491976,0.9997,-0.297015,2.148562,1.529472,0.9994,-0.317786,2.190345,1.528576,0.9994,-0.235103,2.137625,1.524259,0.9990,-0.280895,2.231436,1.526154,0.9986,-0.127271,2.067709,1.329716,0.9996,-0.257753,2.380629,1.339749,0.9994,-0.147895,1.958976,1.070826,0.9584,-0.455583,2.243472,1.059649,0.0000,-0.312858,2.058294,1.203869,0.7620,-0.581665,2.184804,0.669569,0.0000,-0.198243,2.101694,0.866192,0.9973,-0.258269,2.320198,0.851884,0.9981,-0.204612,2.119457,0.494426,0.9778,-0.273665,2.273758,0.482457,0.6625,-0.185833,2.159109,0.103971,0.9798,-0.249594,2.308473,0.130794,0.7601
943,47.1500,0,-0.324682,2.164504,1.490638,0.9998,-0.298268,2.149575,1.528399,0.9996,-0.319570,2.191044,1.527222,0.9995,-0.236171,2.138660,1.523688,0.9994,-0.282320,2.231938,1.525113,0.9988,-0.128788,2.068578,1.329770,0.9997,-0.258980,2.378671,1.339700,0.9994,-0.150079,1.956558,1.070675,0.9599,-0.455583,2.243472,1.059649,0.0000,-0.315153,2.058621,1.203737,0.7616,-0.581665,2.184804,0.669569,0.0000,-0.198954,2.101804,0.865891,0.9970,-0.260937,2.317610,0.851678,0.9976,-0.203750,2.119754,0.492494,0.9795,-0.273794,2.275424,0.480747,0.6873,-0.185369,2.159775,0.103242,0.9805,-0.249215,2.309900,0.127342,0.7761
944,47.2000,0,-0.327043,2.163538,1.488857,0.9998,-0.300590,2.149025,1.526794,0.9997,-0.322082,2.189721,1.525523,0.9997,-0.237896,2.138083,1.522799,0.9995,-0.284232,2.230594,1.523885,0.9992,-0.129379,2.067776,1.329802,0.9997,-0.260119,2.377155,1.339518,0.9994,-0.149764,1.957763,1.070978,0.9690,-0.455583,2.243472,1.059649,0.0000,-0.316233,2.057979,1.203556,0.7912,-0.581665,2.184804,0.669569,0.0000,-0.199016,2.101433,0.866680,0.9977,-0.260965,2.319600,0.852304,0.9983,-0.203774,2.117930,0.492267,0.9841,-0.274428,2.276285,0.478392,0.7291,-0.185132,2.159429,0.104188,0.9790,-0.250143,2.311706,0.121752,0.7855
945,47.2500,0,-0.328924,2.160790,1.489550,0.9998,-0.302470,2.146181,1.527361,0.9996,-0.323915,2.187292,1.526320,0.9996,-0.239772,2.136006,1.523269,0.9995,-0.286408,2.228916,1.524373,0.9990,-0.130052,2.067369,1.329429,0.9997,-0.261444,2.377590,1.339267,0.9993,-0.148935,1.956577,1.071634,0.9629,-0.455583,2.243472,1.059649,0.0000,-0.317085,2.055814,1.203487,0.7666,-0.581665,2.184804,0.669569,0.0000,-0.198840,2.102568,0.865856,0.9969,-0.261861,2.318137,0.851878,0.9975,-0.204301,2.119509,0.493790,0.9836,-0.275051,2.275783,0.479549,0.7439,-0.185999,2.160757,0.107332,0.9821,-0.248839,2.310243,0.122512,0.8062
946,47.3000,0,-0.329351,2.158369,1.487633,0.9998,-0.302794,2.144512,1.526177,0.9996,-0.325293,2.185734,1.524839,0.9996,-0.240103,2.136277,1.522840,0.9994,-0.287464,2.229188,1.523526,0.9989,-0.129417,2.068861,1.329780,0.9996,-0.262522,2.376558,1.338819,0.9992,-0.146441,1.959100,1.071291,0.9704,-0.455583,2.243472,1.059649,0.0000,-0.317551,2.055399,1.203038,0.8041,-0.581665,2.184804,0.669569,0.0000,-0.199142,2.102659,0.865920,0.9972,-0.262306,2.317753,0.851915,0.9978,-0.204731,2.119649,0.491513,0.9740,-0.275422,2.274616,0.479037,0.6485,-0.186579,2.161692,0.106862,0.9630,-0.249245,2.307076,0.119575,0.7246
947,47.3500,0,-0.330404,2.159099,1.488093,0.9998,-0.303557,2.144887,1.526713,0.9996,-0.326511,2.186084,1.525638,0.9996,-0.240691,2.136655,1.523018,0.9994,-0.288031,2.229367,1.524225,0.9990,-0.130075,2.069508,1.330066,0.9996,-0.263921,2.374573,1.339808,0.9993,-0.147101,1.959126,1.071060,0.9608,-0.455583,2.243472,1.059649,0.0000,-0.318701,2.055171,1.203046,0.7381,-0.581665,2.184804,0.669569,0.0000,-0.199840,2.102729,0.866349,0.9973,-0.262719,2.316638,0.853300,0.9978,-0.205892,2.120423,0.492921,0.9793,-0.275456,2.274211,0.480800,0.6802,-0.187815,2.161993,0.106480,0.9728,-0.248735,2.305606,0.119226,0.7217
948,47.4000,0,-0.330131,2.158220,1.487331,0.9996,-0.303221,2.143449,1.525795,0.9993,-0.327078,2.186428,1.524875,0.9993,-0.241019,2.135791,1.522637,0.9989,-0.288935,2.229848,1.524069,0.9981,-0.131174,2.068585,1.331108,0.9995,-0.264764,2.375680,1.341175,0.9994,-0.147874,1.959185,1.071115,0.9620,-0.455583,2.243472,1.059649,0.0000,-0.317424,2.056686,1.202112,0.7672,-0.581665,2.184804,0.669569,0.0000,-0.200425,2.101936,0.867397,0.9972,-0.262292,2.318528,0.854086,0.9976,-0.205713,2.120260,0.493339,0.9832,-0.274930,2.275063,0.479479,0.7262,-0.187515,2.161597,0.105093,0.9810,-0.248473,2.304943,0.119746,0.8124
949,47.4500,0,-0.330730,2.159660,1.487134,0.9996,-0.303658,2.144940,1.525931,0.9992,-0.328147,2.187693,1.524817,0.9992,-0.241057,2.137255,1.522706,0.9986,-0.288886,2.230277,1.524300,0.9979,-0.130426,2.069141,1.331394,0.9992,-0.266473,2.373911,1.341280,0.9994,-0.147910,1.958401,1.071302,0.9687,-0.455583,2.243472,1.059649,0.0000,-0.319266,2.055127,1.202148,0.7811,-0.581665,2.184804,0.669569,0.0000,-0.200556,2.102800,0.866944,0.9964,-0.264508,2.317081,0.854032,0.9975,-0.207017,2.118291,0.493337,0.9793,-0.276397,2.274864,0.480101,0.6949,-0.186810,2.161389,0.106488,0.9715,-0.248456,2.305993,0.119897,0.7564
950,47.5000,0,-0.332920,2.158781,1.487502,0.9995,-0.305332,2.144585,1.526469,0.9990,-0.330029,2.186787,1.525381,0.9990,-0.242201,2.137016,1.522981,0.9982,-0.289980,2.229210,1.524886,0.9971,-0.130336,2.069263,1.332046,0.9992,-0.267589,2.374561,1.341708,0.9993,-0.148084,1.958027,1.071809,0.9687,-0.455583,2.243472,1.059649,0.0000,-0.320823,2.052879,1.201923,0.7604,-0.581665,2.184804,0.669569,0.0000,-0.200851,2.102544,0.867148,0.9964,-0.265438,2.316611,0.854331,0.9973,-0.207717,2.116519,0.495145,0.9807,-0.277298,2.274823,0.480590,0.6967,-0.186364,2.161611,0.106632,0.9717,-0.248717,2.306664,0.118649,0.7442
951,47.5500,0,-0.333056,2.158808,1.486824,0.9999,-0.305540,2.144376,1.526084,0.9997,-0.330518,2.186207,1.524769,0.9997,-0.242300,2.136874,1.522942,0.9996,-0.290952,2.229656,1.524476,0.9993,-0.129711,2.069525,1.331845,0.9997,-0.268878,2.375464,1.341576,0.9995,-0.148802,1.957719,1.071258,0.9565,-0.455583,2.243472,1.059649,0.0000,-0.321717,2.050632,1.202600,0.7044,-0.581665,2.184804,0.669569,0.0000,-0.200715,2.102284,0.868258,0.9976,-0.266157,2.316362,0.855156,0.9981,-0.207779,2.115547,0.494675,0.9732,-0.277609,2.274150,0.480461,0.6466,-0.185736,2.160500,0.107221,0.9648,-0.248242,2.308795,0.119157,0.7163
952,47.6000,0,-0.334255,2.157526,1.486480,0.9997,-0.307029,2.143034,1.525558,0.9994,-0.331216,2.185338,1.524259,0.9994,-0.243855,2.134861,1.522526,0.9990,-0.292297,2.228117,1.523928,0.9983,-0.130317,2.067780,1.330876,0.9993,-0.269902,2.376015,1.340526,0.9993,-0.149065,1.957969,1.070810,0.9757,-0.455583,2.243472,1.059649,0.0000,-0.322563,2.051538,1.202893,0.8320,-0.581665,2.184804,0.669569,0.0000,-0.200906,2.102447,0.867398,0.9959,-0.267585,2.315530,0.853905,0.9972,-0.207611,2.117378,0.494478,0.9885,-0.277888,2.276298,0.479908,0.7669,-0.185573,2.160537,0.107639,0.9868,-0.247968,2.307800,0.116145,0.8263
953,47.6500,0,-0.334956,2.156531,1.485590,0.9998,-0.307923,2.141625,1.524594,0.9995,-0.332868,2.184595,1.523525,0.9995,-0.244797,2.134557,1.522127,0.9993,-0.293607,2.227694,1.523899,0.9988,-0.131009,2.068285,1.330601,0.9995,-0.270965,2.375335,1.340715,0.9993,-0.149574,1.956670,1.069952,0.9620,-0.455583,2.243472,1.059649,0.0000,-0.322418,2.050611,1.202457,0.7572,-0.581665,2.184804,0.669569,0.0000,-0.201635,2.102648,0.869130,0.9971,-0.268308,2.316637,0.855463,0.9977,-0.208394,2.118335,0.495290,0.9778,-0.277850,2.276299,0.480162,0.6929,-0.186126,2.161116,0.107815,0.9731,-0.248175,2.306559,0.116821,0.7589
954,47.7000,0,-0.336011,2.153222,1.485782,0.9997,-0.308502,2.138089,1.524697,0.9994,-0.334270,2.182372,1.523791,0.9994,-0.245811,2.133268,1.522254,0.9990,-0.295425,2.227429,1.524659,0.9986,-0.131503,2.069970,1.330810,0.9994,-0.273129,2.373964,1.340806,0.9993,-0.150058,1.957623,1.069903,0.9626,-0.455583,2.243472,1.059649,0.0000,-0.323565,2.052515,1.202704,0.7712,-0.581665,2.184804,0.669569,0.0000,-0.201902,2.102962,0.868925,0.9978,-0.268992,2.313735,0.855902,0.9981,-0.208244,2.117582,0.495238,0.9781,-0.277636,2.275405,0.479811,0.6892,-0.186249,2.160304,0.107820,0.9764,-0.248992,2.306230,0.117465,0.7628
955,47.7500,0,-0.337643,2.150159,1.486949,0.9998,-0.309903,2.134747,1.525417,0.9997,-0.335817,2.180902,1.524945,0.9997,-0.247741,2.131182,1.522436,0.9994,-0.297500,2.226773,1.525460,0.9992,-0.134269,2.069478,1.330914,0.9996,-0.274434,2.373331,1.341071,0.9993,-0.150967,1.957274,1.070411,0.9704,-0.455583,2.243472,1.059649,0.0000,-0.325436,2.050400,1.202554,0.8258,-0.581665,2.184804,0.669569,0.0000,-0.201922,2.103229,0.868705,0.9980,-0.269713,2.313389,0.855341,0.9984,-0.208254,2.117367,0.494888,0.9840,-0.278726,2.274442,0.481232,0.7229,-0.185721,2.160780,0.107490,0.9838,-0.248858,2.308497,0.118673,0.8060
956,47.8000,0,-0.338646,2.150076,1.486908,0.9998,-0.311211,2.133617,1.525042,0.9996,-0.336867,2.181177,1.524931,0.9997,-0.249487,2.130485,1.522130,0.9994,-0.298688,2.227445,1.525597,0.9991,-0.136020,2.069193,1.330190,0.9996,-0.275007,2.375280,1.340407,0.9995,-0.152000,1.956279,1.070846,0.9671,-0.455583,2.243472,1.059649,0.0000,-0.326490,2.050135,1.202438,0.8250,-0.581665,2.184804,0.669569,0.0000,-0.202599,2.102822,0.867743,0.9980,-0.269850,2.314207,0.854113,0.9983,-0.207739,2.117028,0.493193,0.9896,-0.279979,2.272132,0.482405,0.7797,-0.185435,2.159068,0.106510,0.9918,-0.249478,2.311336,0.122161,0.8548
957,47.8500,0,-0.340600,2.149570,1.486335,0.9998,-0.313221,2.133477,1.524521,0.9995,-0.338989,2.180289,1.524397,0.9995,-0.251201,2.130811,1.521807,0.9992,-0.300061,2.226302,1.525228,0.9987,-0.136833,2.070629,1.330553,0.9995,-0.276036,2.373823,1.340438,0.9990,-0.150699,1.958572,1.071176,0.9759,-0.455583,2.243472,1.059649,0.0000,-0.327312,2.048707,1.201374,0.8282,-0.581665,2.184804,0.669569,0.0000,-0.203349,2.104395,0.868709,0.9971,-0.270638,2.314937,0.854717,0.9976,-0.207784,2.118419,0.494795,0.9735,-0.279570,2.272946,0.483047,0.6672,-0.185669,2.159666,0.106750,0.9689,-0.249267,2.309651,0.120320,0.7386
958,47.9000,0,-0.342531,2.149744,1.484052,0.9997,-0.315562,2.133048,1.522423,0.9994,-0.341518,2.179259,1.522246,0.9994,-0.253242,2.129404,1.520402,0.9990,-0.301880,2.224587,1.523918,0.9985,-0.137486,2.069916,1.330280,0.9993,-0.275746,2.375346,1.340423,0.9993,-0.150277,1.959441,1.070101,0.9693,-0.455583,2.243472,1.059649,0.0000,-0.327613,2.048987,1.199999,0.7667,-0.581665,2.184804,0.669569,0.0000,-0.204477,2.102391,0.868424,0.9965,-0.270043,2.317144,0.853827,0.9975,-0.208326,2.116328,0.494696,0.9722,-0.279359,2.273407,0.482299,0.6016,-0.185763,2.157834,0.106489,0.9653,-0.249786,2.307735,0.120164,0.6608
959,47.9500,0,-0.344563,2.148222,1.482916,0.9996,-0.317513,2.131118,1.521736,0.9992,-0.343751,2.177248,1.521495,0.9992,-0.254706,2.127629,1.520234,0.9986,-0.303603,2.222900,1.523836,0.9978,-0.138725,2.068626,1.330219,0.9993,-0.276839,2.376033,1.340324,0.9994,-0.150661,1.959934,1.070313,0.9661,-0.455583,2.243472,1.059649,0.0000,-0.329020,2.048914,1.199969,0.7846,-0.581665,2.184804,0.669569,0.0000,-0.205299,2.101349,0.868168,0.9968,-0.270677,2.318903,0.853703,0.9975,-0.208722,2.116058,0.494465,0.9843,-0.280346,2.273442,0.483091,0.7358,-0.185825,2.158334,0.105970,0.9838,-0.248375,2.313873,0.120546,0.8032
960,48.0000,0,-0.346146,2.149657,1.481827,0.9998,-0.319308,2.132300,1.520981,0.9995,-0.345335,2.175908,1.520256,0.9996,-0.255625,2.127813,1.519797,0.9992,-0.304954,2.221445,1.522689,0.9989,-0.139113,2.068270,1.329462,0.9994,-0.278075,2.375721,1.338869,0.9993,-0.151253,1.960260,1.069549,0.9669,-0.455583,2.243472,1.059649,0.0000,-0.329369,2.048448,1.198542,0.8000,-0.581665,2.184804,0.669569,0.0000,-0.205831,2.100984,0.868970,0.9969,-0.272287,2.317522,0.853796,0.9976,-0.209461,2.116706,0.496068,0.9661,-0.281623,2.272877,0.483394,0.5197,-0.186124,2.158710,0.107046,0.9652,-0.250409,2.308906,0.119639,0.6364
961,48.0500,0,-0.349151,2.147165,1.483191,0.9998,-0.322415,2.131234,1.522202,0.9995,-0.347349,2.173671,1.521365,0.9995,-0.258735,2.124286,1.520580,0.9992,-0.307380,2.218657,1.522910,0.9987,-0.141336,2.066434,1.329820,0.9995,-0.281285,2.371752,1.338040,0.9993,-0.153461,1.958667,1.070282,0.9735,-0.455583,2.243472,1.059649,0.0000,-0.331007,2.049469,1.197107,0.8511,-0.581665,2.184804,0.669569,0.0000,-0.204744,2.101653,0.867900,0.9966,-0.273425,2.315847,0.852103,0.9977,-0.208501,2.118284,0.495586,0.9831,-0.281951,2.274071,0.482930,0.7125,-0.186297,2.158069,0.109687,0.9843,-0.252710,2.306440,0.117102,0.8117
962,48.1000,0,-0.351766,2.143471,1.483107,0.9996,-0.325364,2.128343,1.522200,0.9992,-0.350021,2.169075,1.521244,0.9992,-0.261135,2.120718,1.520441,0.9985,-0.310289,2.214929,1.522386,0.9978,-0.143379,2.062528,1.329170,0.9992,-0.284083,2.369924,1.337496,0.9993,-0.153685,1.960000,1.069723,0.9708,-0.455583,2.243472,1.059649,0.0000,-0.332244,2.048630,1.194298,0.8214,-0.581665,2.184804,0.669569,0.0000,-0.205008,2.100844,0.866609,0.9962,-0.274026,2.315470,0.851285,0.9971,-0.208656,2.119076,0.495584,0.9817,-0.282234,2.274361,0.483851,0.6880,-0.186413,2.160190,0.110893,0.9780,-0.252737,2.306164,0.118140,0.7539
963,48.1500,0,-0.355997,2.142263,1.483184,0.9996,-0.330599,2.127847,1.522261,0.9992,-0.354248,2.165700,1.521006,0.9993,-0.266226,2.118054,1.521037,0.9986,-0.314506,2.209666,1.522342,0.9982,-0.145655,2.060200,1.329280,0.9990,-0.286918,2.366260,1.338325,0.9993,-0.154660,1.961629,1.069234,0.9774,-0.455583,2.243472,1.059649,0.0000,-0.335339,2.046470,1.190214,0.8724,-0.581665,2.184804,0.669569,0.0000,-0.202946,2.101847,0.867378,0.9932,-0.273506,2.315120,0.852112,0.9966,-0.208185,2.121340,0.499304,0.9725,-0.282577,2.274539,0.486684,0.5552,-0.185669,2.158737,0.112195,0.9782,-0.252263,2.305255,0.121120,0.7185
964,48.2000,0,-0.360566,2.138177,1.479996,0.9998,-0.336247,2.123260,1.519702,0.9995,-0.359866,2.161092,1.518108,0.9996,-0.271651,2.113864,1.520264,0.9992,-0.319701,2.205388,1.520850,0.9988,-0.148633,2.058085,1.329766,0.9994,-0.290148,2.365016,1.339936,0.9989,-0.152450,1.966170,1.069764,0.9724,-0.455583,2.243472,1.059649,0.0000,-0.338653,2.045430,1.184559,0.8246,-0.581665,2.184804,0.669569,0.0000,-0.199610,2.104670,0.868812,0.9954,-0.271991,2.316908,0.853567,0.9972,-0.207072,2.120415,0.501203,0.9482,-0.281420,2.272975,0.487198,0.4031,-0.185284,2.156318,0.113808,0.9530,-0.252230,2.302428,0.121789,0.5751
965,48.2500,0,-0.368687,2.133736,1.475516,0.9994,-0.345255,2.119160,1.515237,0.9987,-0.368576,2.155388,1.513363,0.9989,-0.280609,2.111312,1.517027,0.9978,-0.328054,2.199091,1.517040,0.9968,-0.154131,2.052425,1.329540,0.9990,-0.293701,2.364470,1.339702,0.9989,-0.155406,1.963615,1.071149,0.9850,-0.455583,2.243472,1.059649,0.0000,-0.346532,2.042077,1.178452,0.8946,-0.581665,2.184804,0.669569,0.0000,-0.196126,2.110088,0.868345,0.9921,-0.266513,2.325421,0.852921,0.9956,-0.207804,2.122295,0.503915,0.9816,-0.279788,2.273257,0.486545,0.5655,-0.185933,2.158256,0.115295,0.9790,-0.252465,2.301737,0.120389,0.7003
